path,label,split,source
data\generated\single\train\triangle\triangle_0000.png,triangle,train,generated
data\generated\single\train\triangle\triangle_0001.png,triangle,train,generated
data\generated\single\train\triangle\triangle_0002.png,triangle,train,generated
data\generated\single\train\triangle\triangle_0003.png,triangle,train,generated
data\generated\single\train\triangle\triangle_0004.png,triangle,train,generated
data\generated\single\train\triangle\triangle_0005.png,triangle,train,generated
data\generated\single\train\triangle\triangle_0006.png,triangle,train,generated
data\generated\single\train\triangle\triangle_0007.png,triangle,train,generated
data\generated\single\train\triangle\triangle_0008.png,triangle,train,generated
data\generated\single\train\triangle\triangle_0009.png,triangle,train,generated
data\generated\single\train\triangle\triangle_0010.png,triangle,train,generated
data\generated\single\train\triangle\triangle_0011.png,triangle,train,generated
data\generated\single\train\triangle\triangle_0012.png,triangle,train,generated
data\generated\single\train\triangle\triangle_0013.png,triangle,train,generated
data\generated\single\train\triangle\triangle_0014.png,triangle,train,generated
data\generated\single\train\triangle\triangle_0015.png,triangle,train,generated
data\generated\single\train\triangle\triangle_0016.png,triangle,train,generated
data\generated\single\train\triangle\triangle_0017.png,triangle,train,generated
data\generated\single\train\triangle\triangle_0018.png,triangle,train,generated
data\generated\single\train\triangle\triangle_0019.png,triangle,train,generated
data\generated\single\train\triangle\triangle_0020.png,triangle,train,generated
data\generated\single\train\triangle\triangle_0021.png,triangle,train,generated
data\generated\single\train\triangle\triangle_0022.png,triangle,train,generated
data\generated\single\train\triangle\triangle_0023.png,triangle,train,generated
data\generated\single\train\triangle\triangle_0024.png,triangle,train,generated
data\generated\single\train\triangle\triangle_0025.png,triangle,train,generated
data\generated\single\train\triangle\triangle_0026.png,triangle,train,generated
data\generated\single\train\triangle\triangle_0027.png,triangle,train,generated
data\generated\single\train\triangle\triangle_0028.png,triangle,train,generated
data\generated\single\train\triangle\triangle_0029.png,triangle,train,generated
data\generated\single\train\triangle\triangle_0030.png,triangle,train,generated
data\generated\single\train\triangle\triangle_0031.png,triangle,train,generated
data\generated\single\train\triangle\triangle_0032.png,triangle,train,generated
data\generated\single\train\triangle\triangle_0033.png,triangle,train,generated
data\generated\single\train\triangle\triangle_0034.png,triangle,train,generated
data\generated\single\train\triangle\triangle_0035.png,triangle,train,generated
data\generated\single\train\triangle\triangle_0036.png,triangle,train,generated
data\generated\single\train\triangle\triangle_0037.png,triangle,train,generated
data\generated\single\train\triangle\triangle_0038.png,triangle,train,generated
data\generated\single\train\triangle\triangle_0039.png,triangle,train,generated
data\generated\single\train\triangle\triangle_0040.png,triangle,train,generated
data\generated\single\train\triangle\triangle_0041.png,triangle,train,generated
data\generated\single\train\triangle\triangle_0042.png,triangle,train,generated
data\generated\single\train\triangle\triangle_0043.png,triangle,train,generated
data\generated\single\train\triangle\triangle_0044.png,triangle,train,generated
data\generated\single\train\triangle\triangle_0045.png,triangle,train,generated
data\generated\single\train\triangle\triangle_0046.png,triangle,train,generated
data\generated\single\train\triangle\triangle_0047.png,triangle,train,generated
data\generated\single\train\triangle\triangle_0048.png,triangle,train,generated
data\generated\single\train\triangle\triangle_0049.png,triangle,train,generated
data\generated\single\train\triangle\triangle_0050.png,triangle,train,generated
data\generated\single\train\triangle\triangle_0051.png,triangle,train,generated
data\generated\single\train\triangle\triangle_0052.png,triangle,train,generated
data\generated\single\train\triangle\triangle_0053.png,triangle,train,generated
data\generated\single\train\triangle\triangle_0054.png,triangle,train,generated
data\generated\single\train\triangle\triangle_0055.png,triangle,train,generated
data\generated\single\train\triangle\triangle_0056.png,triangle,train,generated
data\generated\single\train\triangle\triangle_0057.png,triangle,train,generated
data\generated\single\train\triangle\triangle_0058.png,triangle,train,generated
data\generated\single\train\triangle\triangle_0059.png,triangle,train,generated
data\generated\single\train\triangle\triangle_0060.png,triangle,train,generated
data\generated\single\train\triangle\triangle_0061.png,triangle,train,generated
data\generated\single\train\triangle\triangle_0062.png,triangle,train,generated
data\generated\single\train\triangle\triangle_0063.png,triangle,train,generated
data\generated\single\train\triangle\triangle_0064.png,triangle,train,generated
data\generated\single\train\triangle\triangle_0065.png,triangle,train,generated
data\generated\single\train\triangle\triangle_0066.png,triangle,train,generated
data\generated\single\train\triangle\triangle_0067.png,triangle,train,generated
data\generated\single\train\triangle\triangle_0068.png,triangle,train,generated
data\generated\single\train\triangle\triangle_0069.png,triangle,train,generated
data\generated\single\train\triangle\triangle_0070.png,triangle,train,generated
data\generated\single\train\triangle\triangle_0071.png,triangle,train,generated
data\generated\single\train\triangle\triangle_0072.png,triangle,train,generated
data\generated\single\train\triangle\triangle_0073.png,triangle,train,generated
data\generated\single\train\triangle\triangle_0074.png,triangle,train,generated
data\generated\single\train\triangle\triangle_0075.png,triangle,train,generated
data\generated\single\train\triangle\triangle_0076.png,triangle,train,generated
data\generated\single\train\triangle\triangle_0077.png,triangle,train,generated
data\generated\single\train\triangle\triangle_0078.png,triangle,train,generated
data\generated\single\train\triangle\triangle_0079.png,triangle,train,generated
data\generated\single\train\triangle\triangle_0080.png,triangle,train,generated
data\generated\single\train\triangle\triangle_0081.png,triangle,train,generated
data\generated\single\train\triangle\triangle_0082.png,triangle,train,generated
data\generated\single\train\triangle\triangle_0083.png,triangle,train,generated
data\generated\single\train\triangle\triangle_0084.png,triangle,train,generated
data\generated\single\train\triangle\triangle_0085.png,triangle,train,generated
data\generated\single\train\triangle\triangle_0086.png,triangle,train,generated
data\generated\single\train\triangle\triangle_0087.png,triangle,train,generated
data\generated\single\train\triangle\triangle_0088.png,triangle,train,generated
data\generated\single\train\triangle\triangle_0089.png,triangle,train,generated
data\generated\single\train\triangle\triangle_0090.png,triangle,train,generated
data\generated\single\train\triangle\triangle_0091.png,triangle,train,generated
data\generated\single\train\triangle\triangle_0092.png,triangle,train,generated
data\generated\single\train\triangle\triangle_0093.png,triangle,train,generated
data\generated\single\train\triangle\triangle_0094.png,triangle,train,generated
data\generated\single\train\triangle\triangle_0095.png,triangle,train,generated
data\generated\single\train\triangle\triangle_0096.png,triangle,train,generated
data\generated\single\train\triangle\triangle_0097.png,triangle,train,generated
data\generated\single\train\triangle\triangle_0098.png,triangle,train,generated
data\generated\single\train\triangle\triangle_0099.png,triangle,train,generated
data\generated\single\train\triangle\triangle_0100.png,triangle,train,generated
data\generated\single\train\triangle\triangle_0101.png,triangle,train,generated
data\generated\single\train\triangle\triangle_0102.png,triangle,train,generated
data\generated\single\train\triangle\triangle_0103.png,triangle,train,generated
data\generated\single\train\triangle\triangle_0104.png,triangle,train,generated
data\generated\single\train\triangle\triangle_0105.png,triangle,train,generated
data\generated\single\train\triangle\triangle_0106.png,triangle,train,generated
data\generated\single\train\triangle\triangle_0107.png,triangle,train,generated
data\generated\single\train\triangle\triangle_0108.png,triangle,train,generated
data\generated\single\train\triangle\triangle_0109.png,triangle,train,generated
data\generated\single\train\triangle\triangle_0110.png,triangle,train,generated
data\generated\single\train\triangle\triangle_0111.png,triangle,train,generated
data\generated\single\train\triangle\triangle_0112.png,triangle,train,generated
data\generated\single\train\triangle\triangle_0113.png,triangle,train,generated
data\generated\single\train\triangle\triangle_0114.png,triangle,train,generated
data\generated\single\train\triangle\triangle_0115.png,triangle,train,generated
data\generated\single\train\triangle\triangle_0116.png,triangle,train,generated
data\generated\single\train\triangle\triangle_0117.png,triangle,train,generated
data\generated\single\train\triangle\triangle_0118.png,triangle,train,generated
data\generated\single\train\triangle\triangle_0119.png,triangle,train,generated
data\generated\single\train\triangle\triangle_0120.png,triangle,train,generated
data\generated\single\train\triangle\triangle_0121.png,triangle,train,generated
data\generated\single\train\triangle\triangle_0122.png,triangle,train,generated
data\generated\single\train\triangle\triangle_0123.png,triangle,train,generated
data\generated\single\train\triangle\triangle_0124.png,triangle,train,generated
data\generated\single\train\triangle\triangle_0125.png,triangle,train,generated
data\generated\single\train\triangle\triangle_0126.png,triangle,train,generated
data\generated\single\train\triangle\triangle_0127.png,triangle,train,generated
data\generated\single\train\triangle\triangle_0128.png,triangle,train,generated
data\generated\single\train\triangle\triangle_0129.png,triangle,train,generated
data\generated\single\train\triangle\triangle_0130.png,triangle,train,generated
data\generated\single\train\triangle\triangle_0131.png,triangle,train,generated
data\generated\single\train\triangle\triangle_0132.png,triangle,train,generated
data\generated\single\train\triangle\triangle_0133.png,triangle,train,generated
data\generated\single\train\triangle\triangle_0134.png,triangle,train,generated
data\generated\single\train\triangle\triangle_0135.png,triangle,train,generated
data\generated\single\train\triangle\triangle_0136.png,triangle,train,generated
data\generated\single\train\triangle\triangle_0137.png,triangle,train,generated
data\generated\single\train\triangle\triangle_0138.png,triangle,train,generated
data\generated\single\train\triangle\triangle_0139.png,triangle,train,generated
data\generated\single\train\triangle\triangle_0140.png,triangle,train,generated
data\generated\single\train\triangle\triangle_0141.png,triangle,train,generated
data\generated\single\train\triangle\triangle_0142.png,triangle,train,generated
data\generated\single\train\triangle\triangle_0143.png,triangle,train,generated
data\generated\single\train\triangle\triangle_0144.png,triangle,train,generated
data\generated\single\train\triangle\triangle_0145.png,triangle,train,generated
data\generated\single\train\triangle\triangle_0146.png,triangle,train,generated
data\generated\single\train\triangle\triangle_0147.png,triangle,train,generated
data\generated\single\train\triangle\triangle_0148.png,triangle,train,generated
data\generated\single\train\triangle\triangle_0149.png,triangle,train,generated
data\generated\single\train\triangle\triangle_0150.png,triangle,train,generated
data\generated\single\train\triangle\triangle_0151.png,triangle,train,generated
data\generated\single\train\triangle\triangle_0152.png,triangle,train,generated
data\generated\single\train\triangle\triangle_0153.png,triangle,train,generated
data\generated\single\train\triangle\triangle_0154.png,triangle,train,generated
data\generated\single\train\triangle\triangle_0155.png,triangle,train,generated
data\generated\single\train\triangle\triangle_0156.png,triangle,train,generated
data\generated\single\train\triangle\triangle_0157.png,triangle,train,generated
data\generated\single\train\triangle\triangle_0158.png,triangle,train,generated
data\generated\single\train\triangle\triangle_0159.png,triangle,train,generated
data\generated\single\train\triangle\triangle_0160.png,triangle,train,generated
data\generated\single\train\triangle\triangle_0161.png,triangle,train,generated
data\generated\single\train\triangle\triangle_0162.png,triangle,train,generated
data\generated\single\train\triangle\triangle_0163.png,triangle,train,generated
data\generated\single\train\triangle\triangle_0164.png,triangle,train,generated
data\generated\single\train\triangle\triangle_0165.png,triangle,train,generated
data\generated\single\train\triangle\triangle_0166.png,triangle,train,generated
data\generated\single\train\triangle\triangle_0167.png,triangle,train,generated
data\generated\single\train\triangle\triangle_0168.png,triangle,train,generated
data\generated\single\train\triangle\triangle_0169.png,triangle,train,generated
data\generated\single\train\triangle\triangle_0170.png,triangle,train,generated
data\generated\single\train\triangle\triangle_0171.png,triangle,train,generated
data\generated\single\train\triangle\triangle_0172.png,triangle,train,generated
data\generated\single\train\triangle\triangle_0173.png,triangle,train,generated
data\generated\single\train\triangle\triangle_0174.png,triangle,train,generated
data\generated\single\train\triangle\triangle_0175.png,triangle,train,generated
data\generated\single\train\triangle\triangle_0176.png,triangle,train,generated
data\generated\single\train\triangle\triangle_0177.png,triangle,train,generated
data\generated\single\train\triangle\triangle_0178.png,triangle,train,generated
data\generated\single\train\triangle\triangle_0179.png,triangle,train,generated
data\generated\single\train\triangle\triangle_0180.png,triangle,train,generated
data\generated\single\train\triangle\triangle_0181.png,triangle,train,generated
data\generated\single\train\triangle\triangle_0182.png,triangle,train,generated
data\generated\single\train\triangle\triangle_0183.png,triangle,train,generated
data\generated\single\train\triangle\triangle_0184.png,triangle,train,generated
data\generated\single\train\triangle\triangle_0185.png,triangle,train,generated
data\generated\single\train\triangle\triangle_0186.png,triangle,train,generated
data\generated\single\train\triangle\triangle_0187.png,triangle,train,generated
data\generated\single\train\triangle\triangle_0188.png,triangle,train,generated
data\generated\single\train\triangle\triangle_0189.png,triangle,train,generated
data\generated\single\train\triangle\triangle_0190.png,triangle,train,generated
data\generated\single\train\triangle\triangle_0191.png,triangle,train,generated
data\generated\single\train\triangle\triangle_0192.png,triangle,train,generated
data\generated\single\train\triangle\triangle_0193.png,triangle,train,generated
data\generated\single\train\triangle\triangle_0194.png,triangle,train,generated
data\generated\single\train\triangle\triangle_0195.png,triangle,train,generated
data\generated\single\train\triangle\triangle_0196.png,triangle,train,generated
data\generated\single\train\triangle\triangle_0197.png,triangle,train,generated
data\generated\single\train\triangle\triangle_0198.png,triangle,train,generated
data\generated\single\train\triangle\triangle_0199.png,triangle,train,generated
data\generated\single\train\square\square_0000.png,square,train,generated
data\generated\single\train\square\square_0001.png,square,train,generated
data\generated\single\train\square\square_0002.png,square,train,generated
data\generated\single\train\square\square_0003.png,square,train,generated
data\generated\single\train\square\square_0004.png,square,train,generated
data\generated\single\train\square\square_0005.png,square,train,generated
data\generated\single\train\square\square_0006.png,square,train,generated
data\generated\single\train\square\square_0007.png,square,train,generated
data\generated\single\train\square\square_0008.png,square,train,generated
data\generated\single\train\square\square_0009.png,square,train,generated
data\generated\single\train\square\square_0010.png,square,train,generated
data\generated\single\train\square\square_0011.png,square,train,generated
data\generated\single\train\square\square_0012.png,square,train,generated
data\generated\single\train\square\square_0013.png,square,train,generated
data\generated\single\train\square\square_0014.png,square,train,generated
data\generated\single\train\square\square_0015.png,square,train,generated
data\generated\single\train\square\square_0016.png,square,train,generated
data\generated\single\train\square\square_0017.png,square,train,generated
data\generated\single\train\square\square_0018.png,square,train,generated
data\generated\single\train\square\square_0019.png,square,train,generated
data\generated\single\train\square\square_0020.png,square,train,generated
data\generated\single\train\square\square_0021.png,square,train,generated
data\generated\single\train\square\square_0022.png,square,train,generated
data\generated\single\train\square\square_0023.png,square,train,generated
data\generated\single\train\square\square_0024.png,square,train,generated
data\generated\single\train\square\square_0025.png,square,train,generated
data\generated\single\train\square\square_0026.png,square,train,generated
data\generated\single\train\square\square_0027.png,square,train,generated
data\generated\single\train\square\square_0028.png,square,train,generated
data\generated\single\train\square\square_0029.png,square,train,generated
data\generated\single\train\square\square_0030.png,square,train,generated
data\generated\single\train\square\square_0031.png,square,train,generated
data\generated\single\train\square\square_0032.png,square,train,generated
data\generated\single\train\square\square_0033.png,square,train,generated
data\generated\single\train\square\square_0034.png,square,train,generated
data\generated\single\train\square\square_0035.png,square,train,generated
data\generated\single\train\square\square_0036.png,square,train,generated
data\generated\single\train\square\square_0037.png,square,train,generated
data\generated\single\train\square\square_0038.png,square,train,generated
data\generated\single\train\square\square_0039.png,square,train,generated
data\generated\single\train\square\square_0040.png,square,train,generated
data\generated\single\train\square\square_0041.png,square,train,generated
data\generated\single\train\square\square_0042.png,square,train,generated
data\generated\single\train\square\square_0043.png,square,train,generated
data\generated\single\train\square\square_0044.png,square,train,generated
data\generated\single\train\square\square_0045.png,square,train,generated
data\generated\single\train\square\square_0046.png,square,train,generated
data\generated\single\train\square\square_0047.png,square,train,generated
data\generated\single\train\square\square_0048.png,square,train,generated
data\generated\single\train\square\square_0049.png,square,train,generated
data\generated\single\train\square\square_0050.png,square,train,generated
data\generated\single\train\square\square_0051.png,square,train,generated
data\generated\single\train\square\square_0052.png,square,train,generated
data\generated\single\train\square\square_0053.png,square,train,generated
data\generated\single\train\square\square_0054.png,square,train,generated
data\generated\single\train\square\square_0055.png,square,train,generated
data\generated\single\train\square\square_0056.png,square,train,generated
data\generated\single\train\square\square_0057.png,square,train,generated
data\generated\single\train\square\square_0058.png,square,train,generated
data\generated\single\train\square\square_0059.png,square,train,generated
data\generated\single\train\square\square_0060.png,square,train,generated
data\generated\single\train\square\square_0061.png,square,train,generated
data\generated\single\train\square\square_0062.png,square,train,generated
data\generated\single\train\square\square_0063.png,square,train,generated
data\generated\single\train\square\square_0064.png,square,train,generated
data\generated\single\train\square\square_0065.png,square,train,generated
data\generated\single\train\square\square_0066.png,square,train,generated
data\generated\single\train\square\square_0067.png,square,train,generated
data\generated\single\train\square\square_0068.png,square,train,generated
data\generated\single\train\square\square_0069.png,square,train,generated
data\generated\single\train\square\square_0070.png,square,train,generated
data\generated\single\train\square\square_0071.png,square,train,generated
data\generated\single\train\square\square_0072.png,square,train,generated
data\generated\single\train\square\square_0073.png,square,train,generated
data\generated\single\train\square\square_0074.png,square,train,generated
data\generated\single\train\square\square_0075.png,square,train,generated
data\generated\single\train\square\square_0076.png,square,train,generated
data\generated\single\train\square\square_0077.png,square,train,generated
data\generated\single\train\square\square_0078.png,square,train,generated
data\generated\single\train\square\square_0079.png,square,train,generated
data\generated\single\train\square\square_0080.png,square,train,generated
data\generated\single\train\square\square_0081.png,square,train,generated
data\generated\single\train\square\square_0082.png,square,train,generated
data\generated\single\train\square\square_0083.png,square,train,generated
data\generated\single\train\square\square_0084.png,square,train,generated
data\generated\single\train\square\square_0085.png,square,train,generated
data\generated\single\train\square\square_0086.png,square,train,generated
data\generated\single\train\square\square_0087.png,square,train,generated
data\generated\single\train\square\square_0088.png,square,train,generated
data\generated\single\train\square\square_0089.png,square,train,generated
data\generated\single\train\square\square_0090.png,square,train,generated
data\generated\single\train\square\square_0091.png,square,train,generated
data\generated\single\train\square\square_0092.png,square,train,generated
data\generated\single\train\square\square_0093.png,square,train,generated
data\generated\single\train\square\square_0094.png,square,train,generated
data\generated\single\train\square\square_0095.png,square,train,generated
data\generated\single\train\square\square_0096.png,square,train,generated
data\generated\single\train\square\square_0097.png,square,train,generated
data\generated\single\train\square\square_0098.png,square,train,generated
data\generated\single\train\square\square_0099.png,square,train,generated
data\generated\single\train\square\square_0100.png,square,train,generated
data\generated\single\train\square\square_0101.png,square,train,generated
data\generated\single\train\square\square_0102.png,square,train,generated
data\generated\single\train\square\square_0103.png,square,train,generated
data\generated\single\train\square\square_0104.png,square,train,generated
data\generated\single\train\square\square_0105.png,square,train,generated
data\generated\single\train\square\square_0106.png,square,train,generated
data\generated\single\train\square\square_0107.png,square,train,generated
data\generated\single\train\square\square_0108.png,square,train,generated
data\generated\single\train\square\square_0109.png,square,train,generated
data\generated\single\train\square\square_0110.png,square,train,generated
data\generated\single\train\square\square_0111.png,square,train,generated
data\generated\single\train\square\square_0112.png,square,train,generated
data\generated\single\train\square\square_0113.png,square,train,generated
data\generated\single\train\square\square_0114.png,square,train,generated
data\generated\single\train\square\square_0115.png,square,train,generated
data\generated\single\train\square\square_0116.png,square,train,generated
data\generated\single\train\square\square_0117.png,square,train,generated
data\generated\single\train\square\square_0118.png,square,train,generated
data\generated\single\train\square\square_0119.png,square,train,generated
data\generated\single\train\square\square_0120.png,square,train,generated
data\generated\single\train\square\square_0121.png,square,train,generated
data\generated\single\train\square\square_0122.png,square,train,generated
data\generated\single\train\square\square_0123.png,square,train,generated
data\generated\single\train\square\square_0124.png,square,train,generated
data\generated\single\train\square\square_0125.png,square,train,generated
data\generated\single\train\square\square_0126.png,square,train,generated
data\generated\single\train\square\square_0127.png,square,train,generated
data\generated\single\train\square\square_0128.png,square,train,generated
data\generated\single\train\square\square_0129.png,square,train,generated
data\generated\single\train\square\square_0130.png,square,train,generated
data\generated\single\train\square\square_0131.png,square,train,generated
data\generated\single\train\square\square_0132.png,square,train,generated
data\generated\single\train\square\square_0133.png,square,train,generated
data\generated\single\train\square\square_0134.png,square,train,generated
data\generated\single\train\square\square_0135.png,square,train,generated
data\generated\single\train\square\square_0136.png,square,train,generated
data\generated\single\train\square\square_0137.png,square,train,generated
data\generated\single\train\square\square_0138.png,square,train,generated
data\generated\single\train\square\square_0139.png,square,train,generated
data\generated\single\train\square\square_0140.png,square,train,generated
data\generated\single\train\square\square_0141.png,square,train,generated
data\generated\single\train\square\square_0142.png,square,train,generated
data\generated\single\train\square\square_0143.png,square,train,generated
data\generated\single\train\square\square_0144.png,square,train,generated
data\generated\single\train\square\square_0145.png,square,train,generated
data\generated\single\train\square\square_0146.png,square,train,generated
data\generated\single\train\square\square_0147.png,square,train,generated
data\generated\single\train\square\square_0148.png,square,train,generated
data\generated\single\train\square\square_0149.png,square,train,generated
data\generated\single\train\square\square_0150.png,square,train,generated
data\generated\single\train\square\square_0151.png,square,train,generated
data\generated\single\train\square\square_0152.png,square,train,generated
data\generated\single\train\square\square_0153.png,square,train,generated
data\generated\single\train\square\square_0154.png,square,train,generated
data\generated\single\train\square\square_0155.png,square,train,generated
data\generated\single\train\square\square_0156.png,square,train,generated
data\generated\single\train\square\square_0157.png,square,train,generated
data\generated\single\train\square\square_0158.png,square,train,generated
data\generated\single\train\square\square_0159.png,square,train,generated
data\generated\single\train\square\square_0160.png,square,train,generated
data\generated\single\train\square\square_0161.png,square,train,generated
data\generated\single\train\square\square_0162.png,square,train,generated
data\generated\single\train\square\square_0163.png,square,train,generated
data\generated\single\train\square\square_0164.png,square,train,generated
data\generated\single\train\square\square_0165.png,square,train,generated
data\generated\single\train\square\square_0166.png,square,train,generated
data\generated\single\train\square\square_0167.png,square,train,generated
data\generated\single\train\square\square_0168.png,square,train,generated
data\generated\single\train\square\square_0169.png,square,train,generated
data\generated\single\train\square\square_0170.png,square,train,generated
data\generated\single\train\square\square_0171.png,square,train,generated
data\generated\single\train\square\square_0172.png,square,train,generated
data\generated\single\train\square\square_0173.png,square,train,generated
data\generated\single\train\square\square_0174.png,square,train,generated
data\generated\single\train\square\square_0175.png,square,train,generated
data\generated\single\train\square\square_0176.png,square,train,generated
data\generated\single\train\square\square_0177.png,square,train,generated
data\generated\single\train\square\square_0178.png,square,train,generated
data\generated\single\train\square\square_0179.png,square,train,generated
data\generated\single\train\square\square_0180.png,square,train,generated
data\generated\single\train\square\square_0181.png,square,train,generated
data\generated\single\train\square\square_0182.png,square,train,generated
data\generated\single\train\square\square_0183.png,square,train,generated
data\generated\single\train\square\square_0184.png,square,train,generated
data\generated\single\train\square\square_0185.png,square,train,generated
data\generated\single\train\square\square_0186.png,square,train,generated
data\generated\single\train\square\square_0187.png,square,train,generated
data\generated\single\train\square\square_0188.png,square,train,generated
data\generated\single\train\square\square_0189.png,square,train,generated
data\generated\single\train\square\square_0190.png,square,train,generated
data\generated\single\train\square\square_0191.png,square,train,generated
data\generated\single\train\square\square_0192.png,square,train,generated
data\generated\single\train\square\square_0193.png,square,train,generated
data\generated\single\train\square\square_0194.png,square,train,generated
data\generated\single\train\square\square_0195.png,square,train,generated
data\generated\single\train\square\square_0196.png,square,train,generated
data\generated\single\train\square\square_0197.png,square,train,generated
data\generated\single\train\square\square_0198.png,square,train,generated
data\generated\single\train\square\square_0199.png,square,train,generated
data\generated\single\train\pentagon\pentagon_0000.png,pentagon,train,generated
data\generated\single\train\pentagon\pentagon_0001.png,pentagon,train,generated
data\generated\single\train\pentagon\pentagon_0002.png,pentagon,train,generated
data\generated\single\train\pentagon\pentagon_0003.png,pentagon,train,generated
data\generated\single\train\pentagon\pentagon_0004.png,pentagon,train,generated
data\generated\single\train\pentagon\pentagon_0005.png,pentagon,train,generated
data\generated\single\train\pentagon\pentagon_0006.png,pentagon,train,generated
data\generated\single\train\pentagon\pentagon_0007.png,pentagon,train,generated
data\generated\single\train\pentagon\pentagon_0008.png,pentagon,train,generated
data\generated\single\train\pentagon\pentagon_0009.png,pentagon,train,generated
data\generated\single\train\pentagon\pentagon_0010.png,pentagon,train,generated
data\generated\single\train\pentagon\pentagon_0011.png,pentagon,train,generated
data\generated\single\train\pentagon\pentagon_0012.png,pentagon,train,generated
data\generated\single\train\pentagon\pentagon_0013.png,pentagon,train,generated
data\generated\single\train\pentagon\pentagon_0014.png,pentagon,train,generated
data\generated\single\train\pentagon\pentagon_0015.png,pentagon,train,generated
data\generated\single\train\pentagon\pentagon_0016.png,pentagon,train,generated
data\generated\single\train\pentagon\pentagon_0017.png,pentagon,train,generated
data\generated\single\train\pentagon\pentagon_0018.png,pentagon,train,generated
data\generated\single\train\pentagon\pentagon_0019.png,pentagon,train,generated
data\generated\single\train\pentagon\pentagon_0020.png,pentagon,train,generated
data\generated\single\train\pentagon\pentagon_0021.png,pentagon,train,generated
data\generated\single\train\pentagon\pentagon_0022.png,pentagon,train,generated
data\generated\single\train\pentagon\pentagon_0023.png,pentagon,train,generated
data\generated\single\train\pentagon\pentagon_0024.png,pentagon,train,generated
data\generated\single\train\pentagon\pentagon_0025.png,pentagon,train,generated
data\generated\single\train\pentagon\pentagon_0026.png,pentagon,train,generated
data\generated\single\train\pentagon\pentagon_0027.png,pentagon,train,generated
data\generated\single\train\pentagon\pentagon_0028.png,pentagon,train,generated
data\generated\single\train\pentagon\pentagon_0029.png,pentagon,train,generated
data\generated\single\train\pentagon\pentagon_0030.png,pentagon,train,generated
data\generated\single\train\pentagon\pentagon_0031.png,pentagon,train,generated
data\generated\single\train\pentagon\pentagon_0032.png,pentagon,train,generated
data\generated\single\train\pentagon\pentagon_0033.png,pentagon,train,generated
data\generated\single\train\pentagon\pentagon_0034.png,pentagon,train,generated
data\generated\single\train\pentagon\pentagon_0035.png,pentagon,train,generated
data\generated\single\train\pentagon\pentagon_0036.png,pentagon,train,generated
data\generated\single\train\pentagon\pentagon_0037.png,pentagon,train,generated
data\generated\single\train\pentagon\pentagon_0038.png,pentagon,train,generated
data\generated\single\train\pentagon\pentagon_0039.png,pentagon,train,generated
data\generated\single\train\pentagon\pentagon_0040.png,pentagon,train,generated
data\generated\single\train\pentagon\pentagon_0041.png,pentagon,train,generated
data\generated\single\train\pentagon\pentagon_0042.png,pentagon,train,generated
data\generated\single\train\pentagon\pentagon_0043.png,pentagon,train,generated
data\generated\single\train\pentagon\pentagon_0044.png,pentagon,train,generated
data\generated\single\train\pentagon\pentagon_0045.png,pentagon,train,generated
data\generated\single\train\pentagon\pentagon_0046.png,pentagon,train,generated
data\generated\single\train\pentagon\pentagon_0047.png,pentagon,train,generated
data\generated\single\train\pentagon\pentagon_0048.png,pentagon,train,generated
data\generated\single\train\pentagon\pentagon_0049.png,pentagon,train,generated
data\generated\single\train\pentagon\pentagon_0050.png,pentagon,train,generated
data\generated\single\train\pentagon\pentagon_0051.png,pentagon,train,generated
data\generated\single\train\pentagon\pentagon_0052.png,pentagon,train,generated
data\generated\single\train\pentagon\pentagon_0053.png,pentagon,train,generated
data\generated\single\train\pentagon\pentagon_0054.png,pentagon,train,generated
data\generated\single\train\pentagon\pentagon_0055.png,pentagon,train,generated
data\generated\single\train\pentagon\pentagon_0056.png,pentagon,train,generated
data\generated\single\train\pentagon\pentagon_0057.png,pentagon,train,generated
data\generated\single\train\pentagon\pentagon_0058.png,pentagon,train,generated
data\generated\single\train\pentagon\pentagon_0059.png,pentagon,train,generated
data\generated\single\train\pentagon\pentagon_0060.png,pentagon,train,generated
data\generated\single\train\pentagon\pentagon_0061.png,pentagon,train,generated
data\generated\single\train\pentagon\pentagon_0062.png,pentagon,train,generated
data\generated\single\train\pentagon\pentagon_0063.png,pentagon,train,generated
data\generated\single\train\pentagon\pentagon_0064.png,pentagon,train,generated
data\generated\single\train\pentagon\pentagon_0065.png,pentagon,train,generated
data\generated\single\train\pentagon\pentagon_0066.png,pentagon,train,generated
data\generated\single\train\pentagon\pentagon_0067.png,pentagon,train,generated
data\generated\single\train\pentagon\pentagon_0068.png,pentagon,train,generated
data\generated\single\train\pentagon\pentagon_0069.png,pentagon,train,generated
data\generated\single\train\pentagon\pentagon_0070.png,pentagon,train,generated
data\generated\single\train\pentagon\pentagon_0071.png,pentagon,train,generated
data\generated\single\train\pentagon\pentagon_0072.png,pentagon,train,generated
data\generated\single\train\pentagon\pentagon_0073.png,pentagon,train,generated
data\generated\single\train\pentagon\pentagon_0074.png,pentagon,train,generated
data\generated\single\train\pentagon\pentagon_0075.png,pentagon,train,generated
data\generated\single\train\pentagon\pentagon_0076.png,pentagon,train,generated
data\generated\single\train\pentagon\pentagon_0077.png,pentagon,train,generated
data\generated\single\train\pentagon\pentagon_0078.png,pentagon,train,generated
data\generated\single\train\pentagon\pentagon_0079.png,pentagon,train,generated
data\generated\single\train\pentagon\pentagon_0080.png,pentagon,train,generated
data\generated\single\train\pentagon\pentagon_0081.png,pentagon,train,generated
data\generated\single\train\pentagon\pentagon_0082.png,pentagon,train,generated
data\generated\single\train\pentagon\pentagon_0083.png,pentagon,train,generated
data\generated\single\train\pentagon\pentagon_0084.png,pentagon,train,generated
data\generated\single\train\pentagon\pentagon_0085.png,pentagon,train,generated
data\generated\single\train\pentagon\pentagon_0086.png,pentagon,train,generated
data\generated\single\train\pentagon\pentagon_0087.png,pentagon,train,generated
data\generated\single\train\pentagon\pentagon_0088.png,pentagon,train,generated
data\generated\single\train\pentagon\pentagon_0089.png,pentagon,train,generated
data\generated\single\train\pentagon\pentagon_0090.png,pentagon,train,generated
data\generated\single\train\pentagon\pentagon_0091.png,pentagon,train,generated
data\generated\single\train\pentagon\pentagon_0092.png,pentagon,train,generated
data\generated\single\train\pentagon\pentagon_0093.png,pentagon,train,generated
data\generated\single\train\pentagon\pentagon_0094.png,pentagon,train,generated
data\generated\single\train\pentagon\pentagon_0095.png,pentagon,train,generated
data\generated\single\train\pentagon\pentagon_0096.png,pentagon,train,generated
data\generated\single\train\pentagon\pentagon_0097.png,pentagon,train,generated
data\generated\single\train\pentagon\pentagon_0098.png,pentagon,train,generated
data\generated\single\train\pentagon\pentagon_0099.png,pentagon,train,generated
data\generated\single\train\pentagon\pentagon_0100.png,pentagon,train,generated
data\generated\single\train\pentagon\pentagon_0101.png,pentagon,train,generated
data\generated\single\train\pentagon\pentagon_0102.png,pentagon,train,generated
data\generated\single\train\pentagon\pentagon_0103.png,pentagon,train,generated
data\generated\single\train\pentagon\pentagon_0104.png,pentagon,train,generated
data\generated\single\train\pentagon\pentagon_0105.png,pentagon,train,generated
data\generated\single\train\pentagon\pentagon_0106.png,pentagon,train,generated
data\generated\single\train\pentagon\pentagon_0107.png,pentagon,train,generated
data\generated\single\train\pentagon\pentagon_0108.png,pentagon,train,generated
data\generated\single\train\pentagon\pentagon_0109.png,pentagon,train,generated
data\generated\single\train\pentagon\pentagon_0110.png,pentagon,train,generated
data\generated\single\train\pentagon\pentagon_0111.png,pentagon,train,generated
data\generated\single\train\pentagon\pentagon_0112.png,pentagon,train,generated
data\generated\single\train\pentagon\pentagon_0113.png,pentagon,train,generated
data\generated\single\train\pentagon\pentagon_0114.png,pentagon,train,generated
data\generated\single\train\pentagon\pentagon_0115.png,pentagon,train,generated
data\generated\single\train\pentagon\pentagon_0116.png,pentagon,train,generated
data\generated\single\train\pentagon\pentagon_0117.png,pentagon,train,generated
data\generated\single\train\pentagon\pentagon_0118.png,pentagon,train,generated
data\generated\single\train\pentagon\pentagon_0119.png,pentagon,train,generated
data\generated\single\train\pentagon\pentagon_0120.png,pentagon,train,generated
data\generated\single\train\pentagon\pentagon_0121.png,pentagon,train,generated
data\generated\single\train\pentagon\pentagon_0122.png,pentagon,train,generated
data\generated\single\train\pentagon\pentagon_0123.png,pentagon,train,generated
data\generated\single\train\pentagon\pentagon_0124.png,pentagon,train,generated
data\generated\single\train\pentagon\pentagon_0125.png,pentagon,train,generated
data\generated\single\train\pentagon\pentagon_0126.png,pentagon,train,generated
data\generated\single\train\pentagon\pentagon_0127.png,pentagon,train,generated
data\generated\single\train\pentagon\pentagon_0128.png,pentagon,train,generated
data\generated\single\train\pentagon\pentagon_0129.png,pentagon,train,generated
data\generated\single\train\pentagon\pentagon_0130.png,pentagon,train,generated
data\generated\single\train\pentagon\pentagon_0131.png,pentagon,train,generated
data\generated\single\train\pentagon\pentagon_0132.png,pentagon,train,generated
data\generated\single\train\pentagon\pentagon_0133.png,pentagon,train,generated
data\generated\single\train\pentagon\pentagon_0134.png,pentagon,train,generated
data\generated\single\train\pentagon\pentagon_0135.png,pentagon,train,generated
data\generated\single\train\pentagon\pentagon_0136.png,pentagon,train,generated
data\generated\single\train\pentagon\pentagon_0137.png,pentagon,train,generated
data\generated\single\train\pentagon\pentagon_0138.png,pentagon,train,generated
data\generated\single\train\pentagon\pentagon_0139.png,pentagon,train,generated
data\generated\single\train\pentagon\pentagon_0140.png,pentagon,train,generated
data\generated\single\train\pentagon\pentagon_0141.png,pentagon,train,generated
data\generated\single\train\pentagon\pentagon_0142.png,pentagon,train,generated
data\generated\single\train\pentagon\pentagon_0143.png,pentagon,train,generated
data\generated\single\train\pentagon\pentagon_0144.png,pentagon,train,generated
data\generated\single\train\pentagon\pentagon_0145.png,pentagon,train,generated
data\generated\single\train\pentagon\pentagon_0146.png,pentagon,train,generated
data\generated\single\train\pentagon\pentagon_0147.png,pentagon,train,generated
data\generated\single\train\pentagon\pentagon_0148.png,pentagon,train,generated
data\generated\single\train\pentagon\pentagon_0149.png,pentagon,train,generated
data\generated\single\train\pentagon\pentagon_0150.png,pentagon,train,generated
data\generated\single\train\pentagon\pentagon_0151.png,pentagon,train,generated
data\generated\single\train\pentagon\pentagon_0152.png,pentagon,train,generated
data\generated\single\train\pentagon\pentagon_0153.png,pentagon,train,generated
data\generated\single\train\pentagon\pentagon_0154.png,pentagon,train,generated
data\generated\single\train\pentagon\pentagon_0155.png,pentagon,train,generated
data\generated\single\train\pentagon\pentagon_0156.png,pentagon,train,generated
data\generated\single\train\pentagon\pentagon_0157.png,pentagon,train,generated
data\generated\single\train\pentagon\pentagon_0158.png,pentagon,train,generated
data\generated\single\train\pentagon\pentagon_0159.png,pentagon,train,generated
data\generated\single\train\pentagon\pentagon_0160.png,pentagon,train,generated
data\generated\single\train\pentagon\pentagon_0161.png,pentagon,train,generated
data\generated\single\train\pentagon\pentagon_0162.png,pentagon,train,generated
data\generated\single\train\pentagon\pentagon_0163.png,pentagon,train,generated
data\generated\single\train\pentagon\pentagon_0164.png,pentagon,train,generated
data\generated\single\train\pentagon\pentagon_0165.png,pentagon,train,generated
data\generated\single\train\pentagon\pentagon_0166.png,pentagon,train,generated
data\generated\single\train\pentagon\pentagon_0167.png,pentagon,train,generated
data\generated\single\train\pentagon\pentagon_0168.png,pentagon,train,generated
data\generated\single\train\pentagon\pentagon_0169.png,pentagon,train,generated
data\generated\single\train\pentagon\pentagon_0170.png,pentagon,train,generated
data\generated\single\train\pentagon\pentagon_0171.png,pentagon,train,generated
data\generated\single\train\pentagon\pentagon_0172.png,pentagon,train,generated
data\generated\single\train\pentagon\pentagon_0173.png,pentagon,train,generated
data\generated\single\train\pentagon\pentagon_0174.png,pentagon,train,generated
data\generated\single\train\pentagon\pentagon_0175.png,pentagon,train,generated
data\generated\single\train\pentagon\pentagon_0176.png,pentagon,train,generated
data\generated\single\train\pentagon\pentagon_0177.png,pentagon,train,generated
data\generated\single\train\pentagon\pentagon_0178.png,pentagon,train,generated
data\generated\single\train\pentagon\pentagon_0179.png,pentagon,train,generated
data\generated\single\train\pentagon\pentagon_0180.png,pentagon,train,generated
data\generated\single\train\pentagon\pentagon_0181.png,pentagon,train,generated
data\generated\single\train\pentagon\pentagon_0182.png,pentagon,train,generated
data\generated\single\train\pentagon\pentagon_0183.png,pentagon,train,generated
data\generated\single\train\pentagon\pentagon_0184.png,pentagon,train,generated
data\generated\single\train\pentagon\pentagon_0185.png,pentagon,train,generated
data\generated\single\train\pentagon\pentagon_0186.png,pentagon,train,generated
data\generated\single\train\pentagon\pentagon_0187.png,pentagon,train,generated
data\generated\single\train\pentagon\pentagon_0188.png,pentagon,train,generated
data\generated\single\train\pentagon\pentagon_0189.png,pentagon,train,generated
data\generated\single\train\pentagon\pentagon_0190.png,pentagon,train,generated
data\generated\single\train\pentagon\pentagon_0191.png,pentagon,train,generated
data\generated\single\train\pentagon\pentagon_0192.png,pentagon,train,generated
data\generated\single\train\pentagon\pentagon_0193.png,pentagon,train,generated
data\generated\single\train\pentagon\pentagon_0194.png,pentagon,train,generated
data\generated\single\train\pentagon\pentagon_0195.png,pentagon,train,generated
data\generated\single\train\pentagon\pentagon_0196.png,pentagon,train,generated
data\generated\single\train\pentagon\pentagon_0197.png,pentagon,train,generated
data\generated\single\train\pentagon\pentagon_0198.png,pentagon,train,generated
data\generated\single\train\pentagon\pentagon_0199.png,pentagon,train,generated
data\generated\single\train\hexagon\hexagon_0000.png,hexagon,train,generated
data\generated\single\train\hexagon\hexagon_0001.png,hexagon,train,generated
data\generated\single\train\hexagon\hexagon_0002.png,hexagon,train,generated
data\generated\single\train\hexagon\hexagon_0003.png,hexagon,train,generated
data\generated\single\train\hexagon\hexagon_0004.png,hexagon,train,generated
data\generated\single\train\hexagon\hexagon_0005.png,hexagon,train,generated
data\generated\single\train\hexagon\hexagon_0006.png,hexagon,train,generated
data\generated\single\train\hexagon\hexagon_0007.png,hexagon,train,generated
data\generated\single\train\hexagon\hexagon_0008.png,hexagon,train,generated
data\generated\single\train\hexagon\hexagon_0009.png,hexagon,train,generated
data\generated\single\train\hexagon\hexagon_0010.png,hexagon,train,generated
data\generated\single\train\hexagon\hexagon_0011.png,hexagon,train,generated
data\generated\single\train\hexagon\hexagon_0012.png,hexagon,train,generated
data\generated\single\train\hexagon\hexagon_0013.png,hexagon,train,generated
data\generated\single\train\hexagon\hexagon_0014.png,hexagon,train,generated
data\generated\single\train\hexagon\hexagon_0015.png,hexagon,train,generated
data\generated\single\train\hexagon\hexagon_0016.png,hexagon,train,generated
data\generated\single\train\hexagon\hexagon_0017.png,hexagon,train,generated
data\generated\single\train\hexagon\hexagon_0018.png,hexagon,train,generated
data\generated\single\train\hexagon\hexagon_0019.png,hexagon,train,generated
data\generated\single\train\hexagon\hexagon_0020.png,hexagon,train,generated
data\generated\single\train\hexagon\hexagon_0021.png,hexagon,train,generated
data\generated\single\train\hexagon\hexagon_0022.png,hexagon,train,generated
data\generated\single\train\hexagon\hexagon_0023.png,hexagon,train,generated
data\generated\single\train\hexagon\hexagon_0024.png,hexagon,train,generated
data\generated\single\train\hexagon\hexagon_0025.png,hexagon,train,generated
data\generated\single\train\hexagon\hexagon_0026.png,hexagon,train,generated
data\generated\single\train\hexagon\hexagon_0027.png,hexagon,train,generated
data\generated\single\train\hexagon\hexagon_0028.png,hexagon,train,generated
data\generated\single\train\hexagon\hexagon_0029.png,hexagon,train,generated
data\generated\single\train\hexagon\hexagon_0030.png,hexagon,train,generated
data\generated\single\train\hexagon\hexagon_0031.png,hexagon,train,generated
data\generated\single\train\hexagon\hexagon_0032.png,hexagon,train,generated
data\generated\single\train\hexagon\hexagon_0033.png,hexagon,train,generated
data\generated\single\train\hexagon\hexagon_0034.png,hexagon,train,generated
data\generated\single\train\hexagon\hexagon_0035.png,hexagon,train,generated
data\generated\single\train\hexagon\hexagon_0036.png,hexagon,train,generated
data\generated\single\train\hexagon\hexagon_0037.png,hexagon,train,generated
data\generated\single\train\hexagon\hexagon_0038.png,hexagon,train,generated
data\generated\single\train\hexagon\hexagon_0039.png,hexagon,train,generated
data\generated\single\train\hexagon\hexagon_0040.png,hexagon,train,generated
data\generated\single\train\hexagon\hexagon_0041.png,hexagon,train,generated
data\generated\single\train\hexagon\hexagon_0042.png,hexagon,train,generated
data\generated\single\train\hexagon\hexagon_0043.png,hexagon,train,generated
data\generated\single\train\hexagon\hexagon_0044.png,hexagon,train,generated
data\generated\single\train\hexagon\hexagon_0045.png,hexagon,train,generated
data\generated\single\train\hexagon\hexagon_0046.png,hexagon,train,generated
data\generated\single\train\hexagon\hexagon_0047.png,hexagon,train,generated
data\generated\single\train\hexagon\hexagon_0048.png,hexagon,train,generated
data\generated\single\train\hexagon\hexagon_0049.png,hexagon,train,generated
data\generated\single\train\hexagon\hexagon_0050.png,hexagon,train,generated
data\generated\single\train\hexagon\hexagon_0051.png,hexagon,train,generated
data\generated\single\train\hexagon\hexagon_0052.png,hexagon,train,generated
data\generated\single\train\hexagon\hexagon_0053.png,hexagon,train,generated
data\generated\single\train\hexagon\hexagon_0054.png,hexagon,train,generated
data\generated\single\train\hexagon\hexagon_0055.png,hexagon,train,generated
data\generated\single\train\hexagon\hexagon_0056.png,hexagon,train,generated
data\generated\single\train\hexagon\hexagon_0057.png,hexagon,train,generated
data\generated\single\train\hexagon\hexagon_0058.png,hexagon,train,generated
data\generated\single\train\hexagon\hexagon_0059.png,hexagon,train,generated
data\generated\single\train\hexagon\hexagon_0060.png,hexagon,train,generated
data\generated\single\train\hexagon\hexagon_0061.png,hexagon,train,generated
data\generated\single\train\hexagon\hexagon_0062.png,hexagon,train,generated
data\generated\single\train\hexagon\hexagon_0063.png,hexagon,train,generated
data\generated\single\train\hexagon\hexagon_0064.png,hexagon,train,generated
data\generated\single\train\hexagon\hexagon_0065.png,hexagon,train,generated
data\generated\single\train\hexagon\hexagon_0066.png,hexagon,train,generated
data\generated\single\train\hexagon\hexagon_0067.png,hexagon,train,generated
data\generated\single\train\hexagon\hexagon_0068.png,hexagon,train,generated
data\generated\single\train\hexagon\hexagon_0069.png,hexagon,train,generated
data\generated\single\train\hexagon\hexagon_0070.png,hexagon,train,generated
data\generated\single\train\hexagon\hexagon_0071.png,hexagon,train,generated
data\generated\single\train\hexagon\hexagon_0072.png,hexagon,train,generated
data\generated\single\train\hexagon\hexagon_0073.png,hexagon,train,generated
data\generated\single\train\hexagon\hexagon_0074.png,hexagon,train,generated
data\generated\single\train\hexagon\hexagon_0075.png,hexagon,train,generated
data\generated\single\train\hexagon\hexagon_0076.png,hexagon,train,generated
data\generated\single\train\hexagon\hexagon_0077.png,hexagon,train,generated
data\generated\single\train\hexagon\hexagon_0078.png,hexagon,train,generated
data\generated\single\train\hexagon\hexagon_0079.png,hexagon,train,generated
data\generated\single\train\hexagon\hexagon_0080.png,hexagon,train,generated
data\generated\single\train\hexagon\hexagon_0081.png,hexagon,train,generated
data\generated\single\train\hexagon\hexagon_0082.png,hexagon,train,generated
data\generated\single\train\hexagon\hexagon_0083.png,hexagon,train,generated
data\generated\single\train\hexagon\hexagon_0084.png,hexagon,train,generated
data\generated\single\train\hexagon\hexagon_0085.png,hexagon,train,generated
data\generated\single\train\hexagon\hexagon_0086.png,hexagon,train,generated
data\generated\single\train\hexagon\hexagon_0087.png,hexagon,train,generated
data\generated\single\train\hexagon\hexagon_0088.png,hexagon,train,generated
data\generated\single\train\hexagon\hexagon_0089.png,hexagon,train,generated
data\generated\single\train\hexagon\hexagon_0090.png,hexagon,train,generated
data\generated\single\train\hexagon\hexagon_0091.png,hexagon,train,generated
data\generated\single\train\hexagon\hexagon_0092.png,hexagon,train,generated
data\generated\single\train\hexagon\hexagon_0093.png,hexagon,train,generated
data\generated\single\train\hexagon\hexagon_0094.png,hexagon,train,generated
data\generated\single\train\hexagon\hexagon_0095.png,hexagon,train,generated
data\generated\single\train\hexagon\hexagon_0096.png,hexagon,train,generated
data\generated\single\train\hexagon\hexagon_0097.png,hexagon,train,generated
data\generated\single\train\hexagon\hexagon_0098.png,hexagon,train,generated
data\generated\single\train\hexagon\hexagon_0099.png,hexagon,train,generated
data\generated\single\train\hexagon\hexagon_0100.png,hexagon,train,generated
data\generated\single\train\hexagon\hexagon_0101.png,hexagon,train,generated
data\generated\single\train\hexagon\hexagon_0102.png,hexagon,train,generated
data\generated\single\train\hexagon\hexagon_0103.png,hexagon,train,generated
data\generated\single\train\hexagon\hexagon_0104.png,hexagon,train,generated
data\generated\single\train\hexagon\hexagon_0105.png,hexagon,train,generated
data\generated\single\train\hexagon\hexagon_0106.png,hexagon,train,generated
data\generated\single\train\hexagon\hexagon_0107.png,hexagon,train,generated
data\generated\single\train\hexagon\hexagon_0108.png,hexagon,train,generated
data\generated\single\train\hexagon\hexagon_0109.png,hexagon,train,generated
data\generated\single\train\hexagon\hexagon_0110.png,hexagon,train,generated
data\generated\single\train\hexagon\hexagon_0111.png,hexagon,train,generated
data\generated\single\train\hexagon\hexagon_0112.png,hexagon,train,generated
data\generated\single\train\hexagon\hexagon_0113.png,hexagon,train,generated
data\generated\single\train\hexagon\hexagon_0114.png,hexagon,train,generated
data\generated\single\train\hexagon\hexagon_0115.png,hexagon,train,generated
data\generated\single\train\hexagon\hexagon_0116.png,hexagon,train,generated
data\generated\single\train\hexagon\hexagon_0117.png,hexagon,train,generated
data\generated\single\train\hexagon\hexagon_0118.png,hexagon,train,generated
data\generated\single\train\hexagon\hexagon_0119.png,hexagon,train,generated
data\generated\single\train\hexagon\hexagon_0120.png,hexagon,train,generated
data\generated\single\train\hexagon\hexagon_0121.png,hexagon,train,generated
data\generated\single\train\hexagon\hexagon_0122.png,hexagon,train,generated
data\generated\single\train\hexagon\hexagon_0123.png,hexagon,train,generated
data\generated\single\train\hexagon\hexagon_0124.png,hexagon,train,generated
data\generated\single\train\hexagon\hexagon_0125.png,hexagon,train,generated
data\generated\single\train\hexagon\hexagon_0126.png,hexagon,train,generated
data\generated\single\train\hexagon\hexagon_0127.png,hexagon,train,generated
data\generated\single\train\hexagon\hexagon_0128.png,hexagon,train,generated
data\generated\single\train\hexagon\hexagon_0129.png,hexagon,train,generated
data\generated\single\train\hexagon\hexagon_0130.png,hexagon,train,generated
data\generated\single\train\hexagon\hexagon_0131.png,hexagon,train,generated
data\generated\single\train\hexagon\hexagon_0132.png,hexagon,train,generated
data\generated\single\train\hexagon\hexagon_0133.png,hexagon,train,generated
data\generated\single\train\hexagon\hexagon_0134.png,hexagon,train,generated
data\generated\single\train\hexagon\hexagon_0135.png,hexagon,train,generated
data\generated\single\train\hexagon\hexagon_0136.png,hexagon,train,generated
data\generated\single\train\hexagon\hexagon_0137.png,hexagon,train,generated
data\generated\single\train\hexagon\hexagon_0138.png,hexagon,train,generated
data\generated\single\train\hexagon\hexagon_0139.png,hexagon,train,generated
data\generated\single\train\hexagon\hexagon_0140.png,hexagon,train,generated
data\generated\single\train\hexagon\hexagon_0141.png,hexagon,train,generated
data\generated\single\train\hexagon\hexagon_0142.png,hexagon,train,generated
data\generated\single\train\hexagon\hexagon_0143.png,hexagon,train,generated
data\generated\single\train\hexagon\hexagon_0144.png,hexagon,train,generated
data\generated\single\train\hexagon\hexagon_0145.png,hexagon,train,generated
data\generated\single\train\hexagon\hexagon_0146.png,hexagon,train,generated
data\generated\single\train\hexagon\hexagon_0147.png,hexagon,train,generated
data\generated\single\train\hexagon\hexagon_0148.png,hexagon,train,generated
data\generated\single\train\hexagon\hexagon_0149.png,hexagon,train,generated
data\generated\single\train\hexagon\hexagon_0150.png,hexagon,train,generated
data\generated\single\train\hexagon\hexagon_0151.png,hexagon,train,generated
data\generated\single\train\hexagon\hexagon_0152.png,hexagon,train,generated
data\generated\single\train\hexagon\hexagon_0153.png,hexagon,train,generated
data\generated\single\train\hexagon\hexagon_0154.png,hexagon,train,generated
data\generated\single\train\hexagon\hexagon_0155.png,hexagon,train,generated
data\generated\single\train\hexagon\hexagon_0156.png,hexagon,train,generated
data\generated\single\train\hexagon\hexagon_0157.png,hexagon,train,generated
data\generated\single\train\hexagon\hexagon_0158.png,hexagon,train,generated
data\generated\single\train\hexagon\hexagon_0159.png,hexagon,train,generated
data\generated\single\train\hexagon\hexagon_0160.png,hexagon,train,generated
data\generated\single\train\hexagon\hexagon_0161.png,hexagon,train,generated
data\generated\single\train\hexagon\hexagon_0162.png,hexagon,train,generated
data\generated\single\train\hexagon\hexagon_0163.png,hexagon,train,generated
data\generated\single\train\hexagon\hexagon_0164.png,hexagon,train,generated
data\generated\single\train\hexagon\hexagon_0165.png,hexagon,train,generated
data\generated\single\train\hexagon\hexagon_0166.png,hexagon,train,generated
data\generated\single\train\hexagon\hexagon_0167.png,hexagon,train,generated
data\generated\single\train\hexagon\hexagon_0168.png,hexagon,train,generated
data\generated\single\train\hexagon\hexagon_0169.png,hexagon,train,generated
data\generated\single\train\hexagon\hexagon_0170.png,hexagon,train,generated
data\generated\single\train\hexagon\hexagon_0171.png,hexagon,train,generated
data\generated\single\train\hexagon\hexagon_0172.png,hexagon,train,generated
data\generated\single\train\hexagon\hexagon_0173.png,hexagon,train,generated
data\generated\single\train\hexagon\hexagon_0174.png,hexagon,train,generated
data\generated\single\train\hexagon\hexagon_0175.png,hexagon,train,generated
data\generated\single\train\hexagon\hexagon_0176.png,hexagon,train,generated
data\generated\single\train\hexagon\hexagon_0177.png,hexagon,train,generated
data\generated\single\train\hexagon\hexagon_0178.png,hexagon,train,generated
data\generated\single\train\hexagon\hexagon_0179.png,hexagon,train,generated
data\generated\single\train\hexagon\hexagon_0180.png,hexagon,train,generated
data\generated\single\train\hexagon\hexagon_0181.png,hexagon,train,generated
data\generated\single\train\hexagon\hexagon_0182.png,hexagon,train,generated
data\generated\single\train\hexagon\hexagon_0183.png,hexagon,train,generated
data\generated\single\train\hexagon\hexagon_0184.png,hexagon,train,generated
data\generated\single\train\hexagon\hexagon_0185.png,hexagon,train,generated
data\generated\single\train\hexagon\hexagon_0186.png,hexagon,train,generated
data\generated\single\train\hexagon\hexagon_0187.png,hexagon,train,generated
data\generated\single\train\hexagon\hexagon_0188.png,hexagon,train,generated
data\generated\single\train\hexagon\hexagon_0189.png,hexagon,train,generated
data\generated\single\train\hexagon\hexagon_0190.png,hexagon,train,generated
data\generated\single\train\hexagon\hexagon_0191.png,hexagon,train,generated
data\generated\single\train\hexagon\hexagon_0192.png,hexagon,train,generated
data\generated\single\train\hexagon\hexagon_0193.png,hexagon,train,generated
data\generated\single\train\hexagon\hexagon_0194.png,hexagon,train,generated
data\generated\single\train\hexagon\hexagon_0195.png,hexagon,train,generated
data\generated\single\train\hexagon\hexagon_0196.png,hexagon,train,generated
data\generated\single\train\hexagon\hexagon_0197.png,hexagon,train,generated
data\generated\single\train\hexagon\hexagon_0198.png,hexagon,train,generated
data\generated\single\train\hexagon\hexagon_0199.png,hexagon,train,generated
data\generated\single\train\circle\circle_0000.png,circle,train,generated
data\generated\single\train\circle\circle_0001.png,circle,train,generated
data\generated\single\train\circle\circle_0002.png,circle,train,generated
data\generated\single\train\circle\circle_0003.png,circle,train,generated
data\generated\single\train\circle\circle_0004.png,circle,train,generated
data\generated\single\train\circle\circle_0005.png,circle,train,generated
data\generated\single\train\circle\circle_0006.png,circle,train,generated
data\generated\single\train\circle\circle_0007.png,circle,train,generated
data\generated\single\train\circle\circle_0008.png,circle,train,generated
data\generated\single\train\circle\circle_0009.png,circle,train,generated
data\generated\single\train\circle\circle_0010.png,circle,train,generated
data\generated\single\train\circle\circle_0011.png,circle,train,generated
data\generated\single\train\circle\circle_0012.png,circle,train,generated
data\generated\single\train\circle\circle_0013.png,circle,train,generated
data\generated\single\train\circle\circle_0014.png,circle,train,generated
data\generated\single\train\circle\circle_0015.png,circle,train,generated
data\generated\single\train\circle\circle_0016.png,circle,train,generated
data\generated\single\train\circle\circle_0017.png,circle,train,generated
data\generated\single\train\circle\circle_0018.png,circle,train,generated
data\generated\single\train\circle\circle_0019.png,circle,train,generated
data\generated\single\train\circle\circle_0020.png,circle,train,generated
data\generated\single\train\circle\circle_0021.png,circle,train,generated
data\generated\single\train\circle\circle_0022.png,circle,train,generated
data\generated\single\train\circle\circle_0023.png,circle,train,generated
data\generated\single\train\circle\circle_0024.png,circle,train,generated
data\generated\single\train\circle\circle_0025.png,circle,train,generated
data\generated\single\train\circle\circle_0026.png,circle,train,generated
data\generated\single\train\circle\circle_0027.png,circle,train,generated
data\generated\single\train\circle\circle_0028.png,circle,train,generated
data\generated\single\train\circle\circle_0029.png,circle,train,generated
data\generated\single\train\circle\circle_0030.png,circle,train,generated
data\generated\single\train\circle\circle_0031.png,circle,train,generated
data\generated\single\train\circle\circle_0032.png,circle,train,generated
data\generated\single\train\circle\circle_0033.png,circle,train,generated
data\generated\single\train\circle\circle_0034.png,circle,train,generated
data\generated\single\train\circle\circle_0035.png,circle,train,generated
data\generated\single\train\circle\circle_0036.png,circle,train,generated
data\generated\single\train\circle\circle_0037.png,circle,train,generated
data\generated\single\train\circle\circle_0038.png,circle,train,generated
data\generated\single\train\circle\circle_0039.png,circle,train,generated
data\generated\single\train\circle\circle_0040.png,circle,train,generated
data\generated\single\train\circle\circle_0041.png,circle,train,generated
data\generated\single\train\circle\circle_0042.png,circle,train,generated
data\generated\single\train\circle\circle_0043.png,circle,train,generated
data\generated\single\train\circle\circle_0044.png,circle,train,generated
data\generated\single\train\circle\circle_0045.png,circle,train,generated
data\generated\single\train\circle\circle_0046.png,circle,train,generated
data\generated\single\train\circle\circle_0047.png,circle,train,generated
data\generated\single\train\circle\circle_0048.png,circle,train,generated
data\generated\single\train\circle\circle_0049.png,circle,train,generated
data\generated\single\train\circle\circle_0050.png,circle,train,generated
data\generated\single\train\circle\circle_0051.png,circle,train,generated
data\generated\single\train\circle\circle_0052.png,circle,train,generated
data\generated\single\train\circle\circle_0053.png,circle,train,generated
data\generated\single\train\circle\circle_0054.png,circle,train,generated
data\generated\single\train\circle\circle_0055.png,circle,train,generated
data\generated\single\train\circle\circle_0056.png,circle,train,generated
data\generated\single\train\circle\circle_0057.png,circle,train,generated
data\generated\single\train\circle\circle_0058.png,circle,train,generated
data\generated\single\train\circle\circle_0059.png,circle,train,generated
data\generated\single\train\circle\circle_0060.png,circle,train,generated
data\generated\single\train\circle\circle_0061.png,circle,train,generated
data\generated\single\train\circle\circle_0062.png,circle,train,generated
data\generated\single\train\circle\circle_0063.png,circle,train,generated
data\generated\single\train\circle\circle_0064.png,circle,train,generated
data\generated\single\train\circle\circle_0065.png,circle,train,generated
data\generated\single\train\circle\circle_0066.png,circle,train,generated
data\generated\single\train\circle\circle_0067.png,circle,train,generated
data\generated\single\train\circle\circle_0068.png,circle,train,generated
data\generated\single\train\circle\circle_0069.png,circle,train,generated
data\generated\single\train\circle\circle_0070.png,circle,train,generated
data\generated\single\train\circle\circle_0071.png,circle,train,generated
data\generated\single\train\circle\circle_0072.png,circle,train,generated
data\generated\single\train\circle\circle_0073.png,circle,train,generated
data\generated\single\train\circle\circle_0074.png,circle,train,generated
data\generated\single\train\circle\circle_0075.png,circle,train,generated
data\generated\single\train\circle\circle_0076.png,circle,train,generated
data\generated\single\train\circle\circle_0077.png,circle,train,generated
data\generated\single\train\circle\circle_0078.png,circle,train,generated
data\generated\single\train\circle\circle_0079.png,circle,train,generated
data\generated\single\train\circle\circle_0080.png,circle,train,generated
data\generated\single\train\circle\circle_0081.png,circle,train,generated
data\generated\single\train\circle\circle_0082.png,circle,train,generated
data\generated\single\train\circle\circle_0083.png,circle,train,generated
data\generated\single\train\circle\circle_0084.png,circle,train,generated
data\generated\single\train\circle\circle_0085.png,circle,train,generated
data\generated\single\train\circle\circle_0086.png,circle,train,generated
data\generated\single\train\circle\circle_0087.png,circle,train,generated
data\generated\single\train\circle\circle_0088.png,circle,train,generated
data\generated\single\train\circle\circle_0089.png,circle,train,generated
data\generated\single\train\circle\circle_0090.png,circle,train,generated
data\generated\single\train\circle\circle_0091.png,circle,train,generated
data\generated\single\train\circle\circle_0092.png,circle,train,generated
data\generated\single\train\circle\circle_0093.png,circle,train,generated
data\generated\single\train\circle\circle_0094.png,circle,train,generated
data\generated\single\train\circle\circle_0095.png,circle,train,generated
data\generated\single\train\circle\circle_0096.png,circle,train,generated
data\generated\single\train\circle\circle_0097.png,circle,train,generated
data\generated\single\train\circle\circle_0098.png,circle,train,generated
data\generated\single\train\circle\circle_0099.png,circle,train,generated
data\generated\single\train\circle\circle_0100.png,circle,train,generated
data\generated\single\train\circle\circle_0101.png,circle,train,generated
data\generated\single\train\circle\circle_0102.png,circle,train,generated
data\generated\single\train\circle\circle_0103.png,circle,train,generated
data\generated\single\train\circle\circle_0104.png,circle,train,generated
data\generated\single\train\circle\circle_0105.png,circle,train,generated
data\generated\single\train\circle\circle_0106.png,circle,train,generated
data\generated\single\train\circle\circle_0107.png,circle,train,generated
data\generated\single\train\circle\circle_0108.png,circle,train,generated
data\generated\single\train\circle\circle_0109.png,circle,train,generated
data\generated\single\train\circle\circle_0110.png,circle,train,generated
data\generated\single\train\circle\circle_0111.png,circle,train,generated
data\generated\single\train\circle\circle_0112.png,circle,train,generated
data\generated\single\train\circle\circle_0113.png,circle,train,generated
data\generated\single\train\circle\circle_0114.png,circle,train,generated
data\generated\single\train\circle\circle_0115.png,circle,train,generated
data\generated\single\train\circle\circle_0116.png,circle,train,generated
data\generated\single\train\circle\circle_0117.png,circle,train,generated
data\generated\single\train\circle\circle_0118.png,circle,train,generated
data\generated\single\train\circle\circle_0119.png,circle,train,generated
data\generated\single\train\circle\circle_0120.png,circle,train,generated
data\generated\single\train\circle\circle_0121.png,circle,train,generated
data\generated\single\train\circle\circle_0122.png,circle,train,generated
data\generated\single\train\circle\circle_0123.png,circle,train,generated
data\generated\single\train\circle\circle_0124.png,circle,train,generated
data\generated\single\train\circle\circle_0125.png,circle,train,generated
data\generated\single\train\circle\circle_0126.png,circle,train,generated
data\generated\single\train\circle\circle_0127.png,circle,train,generated
data\generated\single\train\circle\circle_0128.png,circle,train,generated
data\generated\single\train\circle\circle_0129.png,circle,train,generated
data\generated\single\train\circle\circle_0130.png,circle,train,generated
data\generated\single\train\circle\circle_0131.png,circle,train,generated
data\generated\single\train\circle\circle_0132.png,circle,train,generated
data\generated\single\train\circle\circle_0133.png,circle,train,generated
data\generated\single\train\circle\circle_0134.png,circle,train,generated
data\generated\single\train\circle\circle_0135.png,circle,train,generated
data\generated\single\train\circle\circle_0136.png,circle,train,generated
data\generated\single\train\circle\circle_0137.png,circle,train,generated
data\generated\single\train\circle\circle_0138.png,circle,train,generated
data\generated\single\train\circle\circle_0139.png,circle,train,generated
data\generated\single\train\circle\circle_0140.png,circle,train,generated
data\generated\single\train\circle\circle_0141.png,circle,train,generated
data\generated\single\train\circle\circle_0142.png,circle,train,generated
data\generated\single\train\circle\circle_0143.png,circle,train,generated
data\generated\single\train\circle\circle_0144.png,circle,train,generated
data\generated\single\train\circle\circle_0145.png,circle,train,generated
data\generated\single\train\circle\circle_0146.png,circle,train,generated
data\generated\single\train\circle\circle_0147.png,circle,train,generated
data\generated\single\train\circle\circle_0148.png,circle,train,generated
data\generated\single\train\circle\circle_0149.png,circle,train,generated
data\generated\single\train\circle\circle_0150.png,circle,train,generated
data\generated\single\train\circle\circle_0151.png,circle,train,generated
data\generated\single\train\circle\circle_0152.png,circle,train,generated
data\generated\single\train\circle\circle_0153.png,circle,train,generated
data\generated\single\train\circle\circle_0154.png,circle,train,generated
data\generated\single\train\circle\circle_0155.png,circle,train,generated
data\generated\single\train\circle\circle_0156.png,circle,train,generated
data\generated\single\train\circle\circle_0157.png,circle,train,generated
data\generated\single\train\circle\circle_0158.png,circle,train,generated
data\generated\single\train\circle\circle_0159.png,circle,train,generated
data\generated\single\train\circle\circle_0160.png,circle,train,generated
data\generated\single\train\circle\circle_0161.png,circle,train,generated
data\generated\single\train\circle\circle_0162.png,circle,train,generated
data\generated\single\train\circle\circle_0163.png,circle,train,generated
data\generated\single\train\circle\circle_0164.png,circle,train,generated
data\generated\single\train\circle\circle_0165.png,circle,train,generated
data\generated\single\train\circle\circle_0166.png,circle,train,generated
data\generated\single\train\circle\circle_0167.png,circle,train,generated
data\generated\single\train\circle\circle_0168.png,circle,train,generated
data\generated\single\train\circle\circle_0169.png,circle,train,generated
data\generated\single\train\circle\circle_0170.png,circle,train,generated
data\generated\single\train\circle\circle_0171.png,circle,train,generated
data\generated\single\train\circle\circle_0172.png,circle,train,generated
data\generated\single\train\circle\circle_0173.png,circle,train,generated
data\generated\single\train\circle\circle_0174.png,circle,train,generated
data\generated\single\train\circle\circle_0175.png,circle,train,generated
data\generated\single\train\circle\circle_0176.png,circle,train,generated
data\generated\single\train\circle\circle_0177.png,circle,train,generated
data\generated\single\train\circle\circle_0178.png,circle,train,generated
data\generated\single\train\circle\circle_0179.png,circle,train,generated
data\generated\single\train\circle\circle_0180.png,circle,train,generated
data\generated\single\train\circle\circle_0181.png,circle,train,generated
data\generated\single\train\circle\circle_0182.png,circle,train,generated
data\generated\single\train\circle\circle_0183.png,circle,train,generated
data\generated\single\train\circle\circle_0184.png,circle,train,generated
data\generated\single\train\circle\circle_0185.png,circle,train,generated
data\generated\single\train\circle\circle_0186.png,circle,train,generated
data\generated\single\train\circle\circle_0187.png,circle,train,generated
data\generated\single\train\circle\circle_0188.png,circle,train,generated
data\generated\single\train\circle\circle_0189.png,circle,train,generated
data\generated\single\train\circle\circle_0190.png,circle,train,generated
data\generated\single\train\circle\circle_0191.png,circle,train,generated
data\generated\single\train\circle\circle_0192.png,circle,train,generated
data\generated\single\train\circle\circle_0193.png,circle,train,generated
data\generated\single\train\circle\circle_0194.png,circle,train,generated
data\generated\single\train\circle\circle_0195.png,circle,train,generated
data\generated\single\train\circle\circle_0196.png,circle,train,generated
data\generated\single\train\circle\circle_0197.png,circle,train,generated
data\generated\single\train\circle\circle_0198.png,circle,train,generated
data\generated\single\train\circle\circle_0199.png,circle,train,generated
data\generated\single\test\triangle\triangle_0000.png,triangle,test,generated
data\generated\single\test\triangle\triangle_0001.png,triangle,test,generated
data\generated\single\test\triangle\triangle_0002.png,triangle,test,generated
data\generated\single\test\triangle\triangle_0003.png,triangle,test,generated
data\generated\single\test\triangle\triangle_0004.png,triangle,test,generated
data\generated\single\test\triangle\triangle_0005.png,triangle,test,generated
data\generated\single\test\triangle\triangle_0006.png,triangle,test,generated
data\generated\single\test\triangle\triangle_0007.png,triangle,test,generated
data\generated\single\test\triangle\triangle_0008.png,triangle,test,generated
data\generated\single\test\triangle\triangle_0009.png,triangle,test,generated
data\generated\single\test\triangle\triangle_0010.png,triangle,test,generated
data\generated\single\test\triangle\triangle_0011.png,triangle,test,generated
data\generated\single\test\triangle\triangle_0012.png,triangle,test,generated
data\generated\single\test\triangle\triangle_0013.png,triangle,test,generated
data\generated\single\test\triangle\triangle_0014.png,triangle,test,generated
data\generated\single\test\triangle\triangle_0015.png,triangle,test,generated
data\generated\single\test\triangle\triangle_0016.png,triangle,test,generated
data\generated\single\test\triangle\triangle_0017.png,triangle,test,generated
data\generated\single\test\triangle\triangle_0018.png,triangle,test,generated
data\generated\single\test\triangle\triangle_0019.png,triangle,test,generated
data\generated\single\test\triangle\triangle_0020.png,triangle,test,generated
data\generated\single\test\triangle\triangle_0021.png,triangle,test,generated
data\generated\single\test\triangle\triangle_0022.png,triangle,test,generated
data\generated\single\test\triangle\triangle_0023.png,triangle,test,generated
data\generated\single\test\triangle\triangle_0024.png,triangle,test,generated
data\generated\single\test\triangle\triangle_0025.png,triangle,test,generated
data\generated\single\test\triangle\triangle_0026.png,triangle,test,generated
data\generated\single\test\triangle\triangle_0027.png,triangle,test,generated
data\generated\single\test\triangle\triangle_0028.png,triangle,test,generated
data\generated\single\test\triangle\triangle_0029.png,triangle,test,generated
data\generated\single\test\triangle\triangle_0030.png,triangle,test,generated
data\generated\single\test\triangle\triangle_0031.png,triangle,test,generated
data\generated\single\test\triangle\triangle_0032.png,triangle,test,generated
data\generated\single\test\triangle\triangle_0033.png,triangle,test,generated
data\generated\single\test\triangle\triangle_0034.png,triangle,test,generated
data\generated\single\test\triangle\triangle_0035.png,triangle,test,generated
data\generated\single\test\triangle\triangle_0036.png,triangle,test,generated
data\generated\single\test\triangle\triangle_0037.png,triangle,test,generated
data\generated\single\test\triangle\triangle_0038.png,triangle,test,generated
data\generated\single\test\triangle\triangle_0039.png,triangle,test,generated
data\generated\single\test\triangle\triangle_0040.png,triangle,test,generated
data\generated\single\test\triangle\triangle_0041.png,triangle,test,generated
data\generated\single\test\triangle\triangle_0042.png,triangle,test,generated
data\generated\single\test\triangle\triangle_0043.png,triangle,test,generated
data\generated\single\test\triangle\triangle_0044.png,triangle,test,generated
data\generated\single\test\triangle\triangle_0045.png,triangle,test,generated
data\generated\single\test\triangle\triangle_0046.png,triangle,test,generated
data\generated\single\test\triangle\triangle_0047.png,triangle,test,generated
data\generated\single\test\triangle\triangle_0048.png,triangle,test,generated
data\generated\single\test\triangle\triangle_0049.png,triangle,test,generated
data\generated\single\test\square\square_0000.png,square,test,generated
data\generated\single\test\square\square_0001.png,square,test,generated
data\generated\single\test\square\square_0002.png,square,test,generated
data\generated\single\test\square\square_0003.png,square,test,generated
data\generated\single\test\square\square_0004.png,square,test,generated
data\generated\single\test\square\square_0005.png,square,test,generated
data\generated\single\test\square\square_0006.png,square,test,generated
data\generated\single\test\square\square_0007.png,square,test,generated
data\generated\single\test\square\square_0008.png,square,test,generated
data\generated\single\test\square\square_0009.png,square,test,generated
data\generated\single\test\square\square_0010.png,square,test,generated
data\generated\single\test\square\square_0011.png,square,test,generated
data\generated\single\test\square\square_0012.png,square,test,generated
data\generated\single\test\square\square_0013.png,square,test,generated
data\generated\single\test\square\square_0014.png,square,test,generated
data\generated\single\test\square\square_0015.png,square,test,generated
data\generated\single\test\square\square_0016.png,square,test,generated
data\generated\single\test\square\square_0017.png,square,test,generated
data\generated\single\test\square\square_0018.png,square,test,generated
data\generated\single\test\square\square_0019.png,square,test,generated
data\generated\single\test\square\square_0020.png,square,test,generated
data\generated\single\test\square\square_0021.png,square,test,generated
data\generated\single\test\square\square_0022.png,square,test,generated
data\generated\single\test\square\square_0023.png,square,test,generated
data\generated\single\test\square\square_0024.png,square,test,generated
data\generated\single\test\square\square_0025.png,square,test,generated
data\generated\single\test\square\square_0026.png,square,test,generated
data\generated\single\test\square\square_0027.png,square,test,generated
data\generated\single\test\square\square_0028.png,square,test,generated
data\generated\single\test\square\square_0029.png,square,test,generated
data\generated\single\test\square\square_0030.png,square,test,generated
data\generated\single\test\square\square_0031.png,square,test,generated
data\generated\single\test\square\square_0032.png,square,test,generated
data\generated\single\test\square\square_0033.png,square,test,generated
data\generated\single\test\square\square_0034.png,square,test,generated
data\generated\single\test\square\square_0035.png,square,test,generated
data\generated\single\test\square\square_0036.png,square,test,generated
data\generated\single\test\square\square_0037.png,square,test,generated
data\generated\single\test\square\square_0038.png,square,test,generated
data\generated\single\test\square\square_0039.png,square,test,generated
data\generated\single\test\square\square_0040.png,square,test,generated
data\generated\single\test\square\square_0041.png,square,test,generated
data\generated\single\test\square\square_0042.png,square,test,generated
data\generated\single\test\square\square_0043.png,square,test,generated
data\generated\single\test\square\square_0044.png,square,test,generated
data\generated\single\test\square\square_0045.png,square,test,generated
data\generated\single\test\square\square_0046.png,square,test,generated
data\generated\single\test\square\square_0047.png,square,test,generated
data\generated\single\test\square\square_0048.png,square,test,generated
data\generated\single\test\square\square_0049.png,square,test,generated
data\generated\single\test\pentagon\pentagon_0000.png,pentagon,test,generated
data\generated\single\test\pentagon\pentagon_0001.png,pentagon,test,generated
data\generated\single\test\pentagon\pentagon_0002.png,pentagon,test,generated
data\generated\single\test\pentagon\pentagon_0003.png,pentagon,test,generated
data\generated\single\test\pentagon\pentagon_0004.png,pentagon,test,generated
data\generated\single\test\pentagon\pentagon_0005.png,pentagon,test,generated
data\generated\single\test\pentagon\pentagon_0006.png,pentagon,test,generated
data\generated\single\test\pentagon\pentagon_0007.png,pentagon,test,generated
data\generated\single\test\pentagon\pentagon_0008.png,pentagon,test,generated
data\generated\single\test\pentagon\pentagon_0009.png,pentagon,test,generated
data\generated\single\test\pentagon\pentagon_0010.png,pentagon,test,generated
data\generated\single\test\pentagon\pentagon_0011.png,pentagon,test,generated
data\generated\single\test\pentagon\pentagon_0012.png,pentagon,test,generated
data\generated\single\test\pentagon\pentagon_0013.png,pentagon,test,generated
data\generated\single\test\pentagon\pentagon_0014.png,pentagon,test,generated
data\generated\single\test\pentagon\pentagon_0015.png,pentagon,test,generated
data\generated\single\test\pentagon\pentagon_0016.png,pentagon,test,generated
data\generated\single\test\pentagon\pentagon_0017.png,pentagon,test,generated
data\generated\single\test\pentagon\pentagon_0018.png,pentagon,test,generated
data\generated\single\test\pentagon\pentagon_0019.png,pentagon,test,generated
data\generated\single\test\pentagon\pentagon_0020.png,pentagon,test,generated
data\generated\single\test\pentagon\pentagon_0021.png,pentagon,test,generated
data\generated\single\test\pentagon\pentagon_0022.png,pentagon,test,generated
data\generated\single\test\pentagon\pentagon_0023.png,pentagon,test,generated
data\generated\single\test\pentagon\pentagon_0024.png,pentagon,test,generated
data\generated\single\test\pentagon\pentagon_0025.png,pentagon,test,generated
data\generated\single\test\pentagon\pentagon_0026.png,pentagon,test,generated
data\generated\single\test\pentagon\pentagon_0027.png,pentagon,test,generated
data\generated\single\test\pentagon\pentagon_0028.png,pentagon,test,generated
data\generated\single\test\pentagon\pentagon_0029.png,pentagon,test,generated
data\generated\single\test\pentagon\pentagon_0030.png,pentagon,test,generated
data\generated\single\test\pentagon\pentagon_0031.png,pentagon,test,generated
data\generated\single\test\pentagon\pentagon_0032.png,pentagon,test,generated
data\generated\single\test\pentagon\pentagon_0033.png,pentagon,test,generated
data\generated\single\test\pentagon\pentagon_0034.png,pentagon,test,generated
data\generated\single\test\pentagon\pentagon_0035.png,pentagon,test,generated
data\generated\single\test\pentagon\pentagon_0036.png,pentagon,test,generated
data\generated\single\test\pentagon\pentagon_0037.png,pentagon,test,generated
data\generated\single\test\pentagon\pentagon_0038.png,pentagon,test,generated
data\generated\single\test\pentagon\pentagon_0039.png,pentagon,test,generated
data\generated\single\test\pentagon\pentagon_0040.png,pentagon,test,generated
data\generated\single\test\pentagon\pentagon_0041.png,pentagon,test,generated
data\generated\single\test\pentagon\pentagon_0042.png,pentagon,test,generated
data\generated\single\test\pentagon\pentagon_0043.png,pentagon,test,generated
data\generated\single\test\pentagon\pentagon_0044.png,pentagon,test,generated
data\generated\single\test\pentagon\pentagon_0045.png,pentagon,test,generated
data\generated\single\test\pentagon\pentagon_0046.png,pentagon,test,generated
data\generated\single\test\pentagon\pentagon_0047.png,pentagon,test,generated
data\generated\single\test\pentagon\pentagon_0048.png,pentagon,test,generated
data\generated\single\test\pentagon\pentagon_0049.png,pentagon,test,generated
data\generated\single\test\hexagon\hexagon_0000.png,hexagon,test,generated
data\generated\single\test\hexagon\hexagon_0001.png,hexagon,test,generated
data\generated\single\test\hexagon\hexagon_0002.png,hexagon,test,generated
data\generated\single\test\hexagon\hexagon_0003.png,hexagon,test,generated
data\generated\single\test\hexagon\hexagon_0004.png,hexagon,test,generated
data\generated\single\test\hexagon\hexagon_0005.png,hexagon,test,generated
data\generated\single\test\hexagon\hexagon_0006.png,hexagon,test,generated
data\generated\single\test\hexagon\hexagon_0007.png,hexagon,test,generated
data\generated\single\test\hexagon\hexagon_0008.png,hexagon,test,generated
data\generated\single\test\hexagon\hexagon_0009.png,hexagon,test,generated
data\generated\single\test\hexagon\hexagon_0010.png,hexagon,test,generated
data\generated\single\test\hexagon\hexagon_0011.png,hexagon,test,generated
data\generated\single\test\hexagon\hexagon_0012.png,hexagon,test,generated
data\generated\single\test\hexagon\hexagon_0013.png,hexagon,test,generated
data\generated\single\test\hexagon\hexagon_0014.png,hexagon,test,generated
data\generated\single\test\hexagon\hexagon_0015.png,hexagon,test,generated
data\generated\single\test\hexagon\hexagon_0016.png,hexagon,test,generated
data\generated\single\test\hexagon\hexagon_0017.png,hexagon,test,generated
data\generated\single\test\hexagon\hexagon_0018.png,hexagon,test,generated
data\generated\single\test\hexagon\hexagon_0019.png,hexagon,test,generated
data\generated\single\test\hexagon\hexagon_0020.png,hexagon,test,generated
data\generated\single\test\hexagon\hexagon_0021.png,hexagon,test,generated
data\generated\single\test\hexagon\hexagon_0022.png,hexagon,test,generated
data\generated\single\test\hexagon\hexagon_0023.png,hexagon,test,generated
data\generated\single\test\hexagon\hexagon_0024.png,hexagon,test,generated
data\generated\single\test\hexagon\hexagon_0025.png,hexagon,test,generated
data\generated\single\test\hexagon\hexagon_0026.png,hexagon,test,generated
data\generated\single\test\hexagon\hexagon_0027.png,hexagon,test,generated
data\generated\single\test\hexagon\hexagon_0028.png,hexagon,test,generated
data\generated\single\test\hexagon\hexagon_0029.png,hexagon,test,generated
data\generated\single\test\hexagon\hexagon_0030.png,hexagon,test,generated
data\generated\single\test\hexagon\hexagon_0031.png,hexagon,test,generated
data\generated\single\test\hexagon\hexagon_0032.png,hexagon,test,generated
data\generated\single\test\hexagon\hexagon_0033.png,hexagon,test,generated
data\generated\single\test\hexagon\hexagon_0034.png,hexagon,test,generated
data\generated\single\test\hexagon\hexagon_0035.png,hexagon,test,generated
data\generated\single\test\hexagon\hexagon_0036.png,hexagon,test,generated
data\generated\single\test\hexagon\hexagon_0037.png,hexagon,test,generated
data\generated\single\test\hexagon\hexagon_0038.png,hexagon,test,generated
data\generated\single\test\hexagon\hexagon_0039.png,hexagon,test,generated
data\generated\single\test\hexagon\hexagon_0040.png,hexagon,test,generated
data\generated\single\test\hexagon\hexagon_0041.png,hexagon,test,generated
data\generated\single\test\hexagon\hexagon_0042.png,hexagon,test,generated
data\generated\single\test\hexagon\hexagon_0043.png,hexagon,test,generated
data\generated\single\test\hexagon\hexagon_0044.png,hexagon,test,generated
data\generated\single\test\hexagon\hexagon_0045.png,hexagon,test,generated
data\generated\single\test\hexagon\hexagon_0046.png,hexagon,test,generated
data\generated\single\test\hexagon\hexagon_0047.png,hexagon,test,generated
data\generated\single\test\hexagon\hexagon_0048.png,hexagon,test,generated
data\generated\single\test\hexagon\hexagon_0049.png,hexagon,test,generated
data\generated\single\test\circle\circle_0000.png,circle,test,generated
data\generated\single\test\circle\circle_0001.png,circle,test,generated
data\generated\single\test\circle\circle_0002.png,circle,test,generated
data\generated\single\test\circle\circle_0003.png,circle,test,generated
data\generated\single\test\circle\circle_0004.png,circle,test,generated
data\generated\single\test\circle\circle_0005.png,circle,test,generated
data\generated\single\test\circle\circle_0006.png,circle,test,generated
data\generated\single\test\circle\circle_0007.png,circle,test,generated
data\generated\single\test\circle\circle_0008.png,circle,test,generated
data\generated\single\test\circle\circle_0009.png,circle,test,generated
data\generated\single\test\circle\circle_0010.png,circle,test,generated
data\generated\single\test\circle\circle_0011.png,circle,test,generated
data\generated\single\test\circle\circle_0012.png,circle,test,generated
data\generated\single\test\circle\circle_0013.png,circle,test,generated
data\generated\single\test\circle\circle_0014.png,circle,test,generated
data\generated\single\test\circle\circle_0015.png,circle,test,generated
data\generated\single\test\circle\circle_0016.png,circle,test,generated
data\generated\single\test\circle\circle_0017.png,circle,test,generated
data\generated\single\test\circle\circle_0018.png,circle,test,generated
data\generated\single\test\circle\circle_0019.png,circle,test,generated
data\generated\single\test\circle\circle_0020.png,circle,test,generated
data\generated\single\test\circle\circle_0021.png,circle,test,generated
data\generated\single\test\circle\circle_0022.png,circle,test,generated
data\generated\single\test\circle\circle_0023.png,circle,test,generated
data\generated\single\test\circle\circle_0024.png,circle,test,generated
data\generated\single\test\circle\circle_0025.png,circle,test,generated
data\generated\single\test\circle\circle_0026.png,circle,test,generated
data\generated\single\test\circle\circle_0027.png,circle,test,generated
data\generated\single\test\circle\circle_0028.png,circle,test,generated
data\generated\single\test\circle\circle_0029.png,circle,test,generated
data\generated\single\test\circle\circle_0030.png,circle,test,generated
data\generated\single\test\circle\circle_0031.png,circle,test,generated
data\generated\single\test\circle\circle_0032.png,circle,test,generated
data\generated\single\test\circle\circle_0033.png,circle,test,generated
data\generated\single\test\circle\circle_0034.png,circle,test,generated
data\generated\single\test\circle\circle_0035.png,circle,test,generated
data\generated\single\test\circle\circle_0036.png,circle,test,generated
data\generated\single\test\circle\circle_0037.png,circle,test,generated
data\generated\single\test\circle\circle_0038.png,circle,test,generated
data\generated\single\test\circle\circle_0039.png,circle,test,generated
data\generated\single\test\circle\circle_0040.png,circle,test,generated
data\generated\single\test\circle\circle_0041.png,circle,test,generated
data\generated\single\test\circle\circle_0042.png,circle,test,generated
data\generated\single\test\circle\circle_0043.png,circle,test,generated
data\generated\single\test\circle\circle_0044.png,circle,test,generated
data\generated\single\test\circle\circle_0045.png,circle,test,generated
data\generated\single\test\circle\circle_0046.png,circle,test,generated
data\generated\single\test\circle\circle_0047.png,circle,test,generated
data\generated\single\test\circle\circle_0048.png,circle,test,generated
data\generated\single\test\circle\circle_0049.png,circle,test,generated
data\raw\kaggle_2d_shapes\circle\circle_46458.png,circle,train,kaggle_2d
data\raw\kaggle_2d_shapes\circle\circle_30060.png,circle,test,kaggle_2d
data\raw\kaggle_2d_shapes\circle\circle_40127.png,circle,train,kaggle_2d
data\raw\kaggle_2d_shapes\circle\circle_29592.png,circle,train,kaggle_2d
data\raw\kaggle_2d_shapes\circle\circle_23718.png,circle,train,kaggle_2d
data\raw\kaggle_2d_shapes\circle\circle_48265.png,circle,train,kaggle_2d
data\raw\kaggle_2d_shapes\circle\circle_30772.png,circle,train,kaggle_2d
data\raw\kaggle_2d_shapes\circle\circle_40636.png,circle,train,kaggle_2d
data\raw\kaggle_2d_shapes\circle\circle_44718.png,circle,train,kaggle_2d
data\raw\kaggle_2d_shapes\circle\circle_29549.png,circle,train,kaggle_2d
data\raw\kaggle_2d_shapes\circle\circle_9440.png,circle,train,kaggle_2d
data\raw\kaggle_2d_shapes\circle\circle_23227.png,circle,train,kaggle_2d
data\raw\kaggle_2d_shapes\circle\circle_1786.png,circle,train,kaggle_2d
data\raw\kaggle_2d_shapes\circle\circle_46972.png,circle,test,kaggle_2d
data\raw\kaggle_2d_shapes\circle\circle_29447.png,circle,train,kaggle_2d
data\raw\kaggle_2d_shapes\circle\circle_10993.png,circle,train,kaggle_2d
data\raw\kaggle_2d_shapes\circle\circle_22778.png,circle,train,kaggle_2d
data\raw\kaggle_2d_shapes\circle\circle_5124.png,circle,train,kaggle_2d
data\raw\kaggle_2d_shapes\circle\circle_18469.png,circle,train,kaggle_2d
data\raw\kaggle_2d_shapes\circle\circle_34772.png,circle,train,kaggle_2d
data\raw\kaggle_2d_shapes\circle\circle_32161.png,circle,test,kaggle_2d
data\raw\kaggle_2d_shapes\circle\circle_25566.png,circle,test,kaggle_2d
data\raw\kaggle_2d_shapes\circle\circle_46322.png,circle,train,kaggle_2d
data\raw\kaggle_2d_shapes\circle\circle_39285.png,circle,train,kaggle_2d
data\raw\kaggle_2d_shapes\circle\circle_37950.png,circle,train,kaggle_2d
data\raw\kaggle_2d_shapes\circle\circle_9837.png,circle,train,kaggle_2d
data\raw\kaggle_2d_shapes\circle\circle_17183.png,circle,train,kaggle_2d
data\raw\kaggle_2d_shapes\circle\circle_34943.png,circle,train,kaggle_2d
data\raw\kaggle_2d_shapes\circle\circle_11014.png,circle,train,kaggle_2d
data\raw\kaggle_2d_shapes\circle\circle_8581.png,circle,train,kaggle_2d
data\raw\kaggle_2d_shapes\circle\circle_5347.png,circle,train,kaggle_2d
data\raw\kaggle_2d_shapes\circle\circle_1911.png,circle,train,kaggle_2d
data\raw\kaggle_2d_shapes\circle\circle_2652.png,circle,train,kaggle_2d
data\raw\kaggle_2d_shapes\circle\circle_25554.png,circle,train,kaggle_2d
data\raw\kaggle_2d_shapes\circle\circle_36984.png,circle,test,kaggle_2d
data\raw\kaggle_2d_shapes\circle\circle_30966.png,circle,train,kaggle_2d
data\raw\kaggle_2d_shapes\circle\circle_20838.png,circle,train,kaggle_2d
data\raw\kaggle_2d_shapes\circle\circle_16894.png,circle,train,kaggle_2d
data\raw\kaggle_2d_shapes\circle\circle_9840.png,circle,train,kaggle_2d
data\raw\kaggle_2d_shapes\circle\circle_10326.png,circle,train,kaggle_2d
data\raw\kaggle_2d_shapes\circle\circle_27071.png,circle,train,kaggle_2d
data\raw\kaggle_2d_shapes\circle\circle_3069.png,circle,train,kaggle_2d
data\raw\kaggle_2d_shapes\circle\circle_14086.png,circle,train,kaggle_2d
data\raw\kaggle_2d_shapes\circle\circle_14112.png,circle,test,kaggle_2d
data\raw\kaggle_2d_shapes\circle\circle_362.png,circle,train,kaggle_2d
data\raw\kaggle_2d_shapes\circle\circle_9616.png,circle,train,kaggle_2d
data\raw\kaggle_2d_shapes\circle\circle_21810.png,circle,train,kaggle_2d
data\raw\kaggle_2d_shapes\circle\circle_11377.png,circle,train,kaggle_2d
data\raw\kaggle_2d_shapes\circle\circle_41133.png,circle,test,kaggle_2d
data\raw\kaggle_2d_shapes\circle\circle_22598.png,circle,test,kaggle_2d
data\raw\kaggle_2d_shapes\circle\circle_49862.png,circle,test,kaggle_2d
data\raw\kaggle_2d_shapes\circle\circle_10236.png,circle,train,kaggle_2d
data\raw\kaggle_2d_shapes\circle\circle_20712.png,circle,test,kaggle_2d
data\raw\kaggle_2d_shapes\circle\circle_46260.png,circle,test,kaggle_2d
data\raw\kaggle_2d_shapes\circle\circle_4313.png,circle,test,kaggle_2d
data\raw\kaggle_2d_shapes\circle\circle_7076.png,circle,train,kaggle_2d
data\raw\kaggle_2d_shapes\circle\circle_451.png,circle,train,kaggle_2d
data\raw\kaggle_2d_shapes\circle\circle_24205.png,circle,train,kaggle_2d
data\raw\kaggle_2d_shapes\circle\circle_40407.png,circle,test,kaggle_2d
data\raw\kaggle_2d_shapes\circle\circle_2956.png,circle,train,kaggle_2d
data\raw\kaggle_2d_shapes\circle\circle_32243.png,circle,train,kaggle_2d
data\raw\kaggle_2d_shapes\circle\circle_12016.png,circle,train,kaggle_2d
data\raw\kaggle_2d_shapes\circle\circle_7827.png,circle,train,kaggle_2d
data\raw\kaggle_2d_shapes\circle\circle_25090.png,circle,train,kaggle_2d
data\raw\kaggle_2d_shapes\circle\circle_47231.png,circle,train,kaggle_2d
data\raw\kaggle_2d_shapes\circle\circle_9868.png,circle,train,kaggle_2d
data\raw\kaggle_2d_shapes\circle\circle_30989.png,circle,train,kaggle_2d
data\raw\kaggle_2d_shapes\circle\circle_32028.png,circle,train,kaggle_2d
data\raw\kaggle_2d_shapes\circle\circle_34360.png,circle,train,kaggle_2d
data\raw\kaggle_2d_shapes\circle\circle_13040.png,circle,train,kaggle_2d
data\raw\kaggle_2d_shapes\circle\circle_16298.png,circle,train,kaggle_2d
data\raw\kaggle_2d_shapes\circle\circle_24405.png,circle,test,kaggle_2d
data\raw\kaggle_2d_shapes\circle\circle_12012.png,circle,train,kaggle_2d
data\raw\kaggle_2d_shapes\circle\circle_14051.png,circle,train,kaggle_2d
data\raw\kaggle_2d_shapes\circle\circle_9563.png,circle,train,kaggle_2d
data\raw\kaggle_2d_shapes\circle\circle_40526.png,circle,train,kaggle_2d
data\raw\kaggle_2d_shapes\circle\circle_45103.png,circle,train,kaggle_2d
data\raw\kaggle_2d_shapes\circle\circle_24562.png,circle,train,kaggle_2d
data\raw\kaggle_2d_shapes\circle\circle_48416.png,circle,train,kaggle_2d
data\raw\kaggle_2d_shapes\circle\circle_16822.png,circle,train,kaggle_2d
data\raw\kaggle_2d_shapes\circle\circle_28324.png,circle,test,kaggle_2d
data\raw\kaggle_2d_shapes\circle\circle_35446.png,circle,train,kaggle_2d
data\raw\kaggle_2d_shapes\circle\circle_8993.png,circle,train,kaggle_2d
data\raw\kaggle_2d_shapes\circle\circle_45990.png,circle,train,kaggle_2d
data\raw\kaggle_2d_shapes\circle\circle_41567.png,circle,train,kaggle_2d
data\raw\kaggle_2d_shapes\circle\circle_48311.png,circle,train,kaggle_2d
data\raw\kaggle_2d_shapes\circle\circle_16288.png,circle,train,kaggle_2d
data\raw\kaggle_2d_shapes\circle\circle_35974.png,circle,test,kaggle_2d
data\raw\kaggle_2d_shapes\circle\circle_2938.png,circle,test,kaggle_2d
data\raw\kaggle_2d_shapes\circle\circle_11020.png,circle,train,kaggle_2d
data\raw\kaggle_2d_shapes\circle\circle_41297.png,circle,train,kaggle_2d
data\raw\kaggle_2d_shapes\circle\circle_3975.png,circle,test,kaggle_2d
data\raw\kaggle_2d_shapes\circle\circle_5165.png,circle,train,kaggle_2d
data\raw\kaggle_2d_shapes\circle\circle_13982.png,circle,train,kaggle_2d
data\raw\kaggle_2d_shapes\circle\circle_44018.png,circle,train,kaggle_2d
data\raw\kaggle_2d_shapes\circle\circle_5722.png,circle,train,kaggle_2d
data\raw\kaggle_2d_shapes\circle\circle_46789.png,circle,train,kaggle_2d
data\raw\kaggle_2d_shapes\circle\circle_42391.png,circle,train,kaggle_2d
data\raw\kaggle_2d_shapes\circle\circle_43286.png,circle,train,kaggle_2d
data\raw\kaggle_2d_shapes\circle\circle_26260.png,circle,test,kaggle_2d
data\raw\kaggle_2d_shapes\circle\circle_45200.png,circle,train,kaggle_2d
data\raw\kaggle_2d_shapes\circle\circle_11433.png,circle,train,kaggle_2d
data\raw\kaggle_2d_shapes\circle\circle_26667.png,circle,test,kaggle_2d
data\raw\kaggle_2d_shapes\circle\circle_24888.png,circle,train,kaggle_2d
data\raw\kaggle_2d_shapes\circle\circle_25351.png,circle,train,kaggle_2d
data\raw\kaggle_2d_shapes\circle\circle_39757.png,circle,test,kaggle_2d
data\raw\kaggle_2d_shapes\circle\circle_18940.png,circle,test,kaggle_2d
data\raw\kaggle_2d_shapes\circle\circle_47108.png,circle,train,kaggle_2d
data\raw\kaggle_2d_shapes\circle\circle_48022.png,circle,train,kaggle_2d
data\raw\kaggle_2d_shapes\circle\circle_8024.png,circle,train,kaggle_2d
data\raw\kaggle_2d_shapes\circle\circle_15122.png,circle,train,kaggle_2d
data\raw\kaggle_2d_shapes\circle\circle_19072.png,circle,train,kaggle_2d
data\raw\kaggle_2d_shapes\circle\circle_34471.png,circle,train,kaggle_2d
data\raw\kaggle_2d_shapes\circle\circle_7631.png,circle,train,kaggle_2d
data\raw\kaggle_2d_shapes\circle\circle_44531.png,circle,train,kaggle_2d
data\raw\kaggle_2d_shapes\circle\circle_30110.png,circle,train,kaggle_2d
data\raw\kaggle_2d_shapes\circle\circle_34859.png,circle,train,kaggle_2d
data\raw\kaggle_2d_shapes\circle\circle_43036.png,circle,train,kaggle_2d
data\raw\kaggle_2d_shapes\circle\circle_32916.png,circle,train,kaggle_2d
data\raw\kaggle_2d_shapes\circle\circle_14030.png,circle,train,kaggle_2d
data\raw\kaggle_2d_shapes\circle\circle_30500.png,circle,train,kaggle_2d
data\raw\kaggle_2d_shapes\circle\circle_15338.png,circle,test,kaggle_2d
data\raw\kaggle_2d_shapes\circle\circle_17654.png,circle,train,kaggle_2d
data\raw\kaggle_2d_shapes\circle\circle_22381.png,circle,train,kaggle_2d
data\raw\kaggle_2d_shapes\circle\circle_22379.png,circle,train,kaggle_2d
data\raw\kaggle_2d_shapes\circle\circle_34931.png,circle,train,kaggle_2d
data\raw\kaggle_2d_shapes\circle\circle_42850.png,circle,train,kaggle_2d
data\raw\kaggle_2d_shapes\circle\circle_23603.png,circle,train,kaggle_2d
data\raw\kaggle_2d_shapes\circle\circle_4266.png,circle,train,kaggle_2d
data\raw\kaggle_2d_shapes\circle\circle_811.png,circle,train,kaggle_2d
data\raw\kaggle_2d_shapes\circle\circle_15719.png,circle,test,kaggle_2d
data\raw\kaggle_2d_shapes\circle\circle_3991.png,circle,train,kaggle_2d
data\raw\kaggle_2d_shapes\circle\circle_32620.png,circle,train,kaggle_2d
data\raw\kaggle_2d_shapes\circle\circle_16895.png,circle,train,kaggle_2d
data\raw\kaggle_2d_shapes\circle\circle_27328.png,circle,test,kaggle_2d
data\raw\kaggle_2d_shapes\circle\circle_9609.png,circle,train,kaggle_2d
data\raw\kaggle_2d_shapes\circle\circle_46748.png,circle,train,kaggle_2d
data\raw\kaggle_2d_shapes\circle\circle_2933.png,circle,train,kaggle_2d
data\raw\kaggle_2d_shapes\circle\circle_46002.png,circle,train,kaggle_2d
data\raw\kaggle_2d_shapes\circle\circle_44905.png,circle,train,kaggle_2d
data\raw\kaggle_2d_shapes\circle\circle_16811.png,circle,train,kaggle_2d
data\raw\kaggle_2d_shapes\circle\circle_40195.png,circle,train,kaggle_2d
data\raw\kaggle_2d_shapes\circle\circle_29462.png,circle,train,kaggle_2d
data\raw\kaggle_2d_shapes\circle\circle_22396.png,circle,train,kaggle_2d
data\raw\kaggle_2d_shapes\circle\circle_20142.png,circle,train,kaggle_2d
data\raw\kaggle_2d_shapes\circle\circle_7041.png,circle,train,kaggle_2d
data\raw\kaggle_2d_shapes\circle\circle_36368.png,circle,train,kaggle_2d
data\raw\kaggle_2d_shapes\circle\circle_21704.png,circle,train,kaggle_2d
data\raw\kaggle_2d_shapes\circle\circle_40524.png,circle,train,kaggle_2d
data\raw\kaggle_2d_shapes\circle\circle_42121.png,circle,test,kaggle_2d
data\raw\kaggle_2d_shapes\circle\circle_13926.png,circle,train,kaggle_2d
data\raw\kaggle_2d_shapes\circle\circle_23509.png,circle,test,kaggle_2d
data\raw\kaggle_2d_shapes\circle\circle_3338.png,circle,train,kaggle_2d
data\raw\kaggle_2d_shapes\circle\circle_45569.png,circle,train,kaggle_2d
data\raw\kaggle_2d_shapes\circle\circle_4816.png,circle,train,kaggle_2d
data\raw\kaggle_2d_shapes\circle\circle_27090.png,circle,train,kaggle_2d
data\raw\kaggle_2d_shapes\circle\circle_31266.png,circle,train,kaggle_2d
data\raw\kaggle_2d_shapes\circle\circle_31846.png,circle,train,kaggle_2d
data\raw\kaggle_2d_shapes\circle\circle_48206.png,circle,train,kaggle_2d
data\raw\kaggle_2d_shapes\circle\circle_39742.png,circle,train,kaggle_2d
data\raw\kaggle_2d_shapes\circle\circle_20622.png,circle,test,kaggle_2d
data\raw\kaggle_2d_shapes\circle\circle_38137.png,circle,test,kaggle_2d
data\raw\kaggle_2d_shapes\circle\circle_17926.png,circle,train,kaggle_2d
data\raw\kaggle_2d_shapes\circle\circle_22362.png,circle,train,kaggle_2d
data\raw\kaggle_2d_shapes\circle\circle_10442.png,circle,train,kaggle_2d
data\raw\kaggle_2d_shapes\circle\circle_23460.png,circle,train,kaggle_2d
data\raw\kaggle_2d_shapes\circle\circle_44560.png,circle,test,kaggle_2d
data\raw\kaggle_2d_shapes\circle\circle_17446.png,circle,train,kaggle_2d
data\raw\kaggle_2d_shapes\circle\circle_29709.png,circle,train,kaggle_2d
data\raw\kaggle_2d_shapes\circle\circle_34379.png,circle,test,kaggle_2d
data\raw\kaggle_2d_shapes\circle\circle_26212.png,circle,train,kaggle_2d
data\raw\kaggle_2d_shapes\circle\circle_14345.png,circle,train,kaggle_2d
data\raw\kaggle_2d_shapes\circle\circle_8243.png,circle,train,kaggle_2d
data\raw\kaggle_2d_shapes\circle\circle_34884.png,circle,train,kaggle_2d
data\raw\kaggle_2d_shapes\circle\circle_7174.png,circle,test,kaggle_2d
data\raw\kaggle_2d_shapes\circle\circle_44909.png,circle,train,kaggle_2d
data\raw\kaggle_2d_shapes\circle\circle_20953.png,circle,train,kaggle_2d
data\raw\kaggle_2d_shapes\circle\circle_5052.png,circle,train,kaggle_2d
data\raw\kaggle_2d_shapes\circle\circle_7103.png,circle,train,kaggle_2d
data\raw\kaggle_2d_shapes\circle\circle_43981.png,circle,train,kaggle_2d
data\raw\kaggle_2d_shapes\circle\circle_38756.png,circle,train,kaggle_2d
data\raw\kaggle_2d_shapes\circle\circle_13551.png,circle,train,kaggle_2d
data\raw\kaggle_2d_shapes\circle\circle_18063.png,circle,train,kaggle_2d
data\raw\kaggle_2d_shapes\circle\circle_15212.png,circle,train,kaggle_2d
data\raw\kaggle_2d_shapes\circle\circle_41361.png,circle,train,kaggle_2d
data\raw\kaggle_2d_shapes\circle\circle_18838.png,circle,train,kaggle_2d
data\raw\kaggle_2d_shapes\circle\circle_7826.png,circle,train,kaggle_2d
data\raw\kaggle_2d_shapes\circle\circle_14839.png,circle,test,kaggle_2d
data\raw\kaggle_2d_shapes\circle\circle_14876.png,circle,test,kaggle_2d
data\raw\kaggle_2d_shapes\circle\circle_20341.png,circle,test,kaggle_2d
data\raw\kaggle_2d_shapes\circle\circle_282.png,circle,test,kaggle_2d
data\raw\kaggle_2d_shapes\circle\circle_23570.png,circle,test,kaggle_2d
data\raw\kaggle_2d_shapes\circle\circle_16249.png,circle,train,kaggle_2d
data\raw\kaggle_2d_shapes\circle\circle_26386.png,circle,train,kaggle_2d
data\raw\kaggle_2d_shapes\circle\circle_22631.png,circle,train,kaggle_2d
data\raw\kaggle_2d_shapes\circle\circle_3652.png,circle,train,kaggle_2d
data\raw\kaggle_2d_shapes\circle\circle_27972.png,circle,train,kaggle_2d
data\raw\kaggle_2d_shapes\circle\circle_39622.png,circle,train,kaggle_2d
data\raw\kaggle_2d_shapes\circle\circle_3964.png,circle,train,kaggle_2d
data\raw\kaggle_2d_shapes\circle\circle_38203.png,circle,train,kaggle_2d
data\raw\kaggle_2d_shapes\circle\circle_38406.png,circle,train,kaggle_2d
data\raw\kaggle_2d_shapes\circle\circle_13542.png,circle,test,kaggle_2d
data\raw\kaggle_2d_shapes\circle\circle_33330.png,circle,train,kaggle_2d
data\raw\kaggle_2d_shapes\circle\circle_20983.png,circle,train,kaggle_2d
data\raw\kaggle_2d_shapes\circle\circle_28718.png,circle,train,kaggle_2d
data\raw\kaggle_2d_shapes\circle\circle_5476.png,circle,test,kaggle_2d
data\raw\kaggle_2d_shapes\circle\circle_32188.png,circle,train,kaggle_2d
data\raw\kaggle_2d_shapes\circle\circle_44780.png,circle,train,kaggle_2d
data\raw\kaggle_2d_shapes\circle\circle_22620.png,circle,train,kaggle_2d
data\raw\kaggle_2d_shapes\circle\circle_24972.png,circle,train,kaggle_2d
data\raw\kaggle_2d_shapes\circle\circle_42136.png,circle,train,kaggle_2d
data\raw\kaggle_2d_shapes\circle\circle_17222.png,circle,train,kaggle_2d
data\raw\kaggle_2d_shapes\circle\circle_26558.png,circle,test,kaggle_2d
data\raw\kaggle_2d_shapes\circle\circle_20472.png,circle,train,kaggle_2d
data\raw\kaggle_2d_shapes\circle\circle_30434.png,circle,test,kaggle_2d
data\raw\kaggle_2d_shapes\circle\circle_31648.png,circle,train,kaggle_2d
data\raw\kaggle_2d_shapes\circle\circle_46262.png,circle,train,kaggle_2d
data\raw\kaggle_2d_shapes\circle\circle_6389.png,circle,test,kaggle_2d
data\raw\kaggle_2d_shapes\circle\circle_32280.png,circle,train,kaggle_2d
data\raw\kaggle_2d_shapes\circle\circle_32342.png,circle,train,kaggle_2d
data\raw\kaggle_2d_shapes\circle\circle_18150.png,circle,train,kaggle_2d
data\raw\kaggle_2d_shapes\circle\circle_23928.png,circle,train,kaggle_2d
data\raw\kaggle_2d_shapes\circle\circle_11665.png,circle,train,kaggle_2d
data\raw\kaggle_2d_shapes\circle\circle_8443.png,circle,train,kaggle_2d
data\raw\kaggle_2d_shapes\circle\circle_38159.png,circle,train,kaggle_2d
data\raw\kaggle_2d_shapes\circle\circle_44549.png,circle,train,kaggle_2d
data\raw\kaggle_2d_shapes\circle\circle_8560.png,circle,train,kaggle_2d
data\raw\kaggle_2d_shapes\circle\circle_28362.png,circle,train,kaggle_2d
data\raw\kaggle_2d_shapes\circle\circle_22894.png,circle,train,kaggle_2d
data\raw\kaggle_2d_shapes\circle\circle_30040.png,circle,train,kaggle_2d
data\raw\kaggle_2d_shapes\circle\circle_34776.png,circle,train,kaggle_2d
data\raw\kaggle_2d_shapes\circle\circle_42807.png,circle,train,kaggle_2d
data\raw\kaggle_2d_shapes\circle\circle_43221.png,circle,train,kaggle_2d
data\raw\kaggle_2d_shapes\circle\circle_45135.png,circle,train,kaggle_2d
data\raw\kaggle_2d_shapes\circle\circle_4729.png,circle,train,kaggle_2d
data\raw\kaggle_2d_shapes\circle\circle_9827.png,circle,test,kaggle_2d
data\raw\kaggle_2d_shapes\circle\circle_25839.png,circle,train,kaggle_2d
data\raw\kaggle_2d_shapes\circle\circle_16253.png,circle,train,kaggle_2d
data\raw\kaggle_2d_shapes\circle\circle_33505.png,circle,train,kaggle_2d
data\raw\kaggle_2d_shapes\circle\circle_26330.png,circle,train,kaggle_2d
data\raw\kaggle_2d_shapes\circle\circle_28653.png,circle,train,kaggle_2d
data\raw\kaggle_2d_shapes\circle\circle_5701.png,circle,test,kaggle_2d
data\raw\kaggle_2d_shapes\circle\circle_8814.png,circle,train,kaggle_2d
data\raw\kaggle_2d_shapes\circle\circle_32446.png,circle,test,kaggle_2d
data\raw\kaggle_2d_shapes\circle\circle_3108.png,circle,train,kaggle_2d
data\raw\kaggle_2d_shapes\circle\circle_23074.png,circle,train,kaggle_2d
data\raw\kaggle_2d_shapes\circle\circle_21986.png,circle,train,kaggle_2d
data\raw\kaggle_2d_shapes\circle\circle_21915.png,circle,train,kaggle_2d
data\raw\kaggle_2d_shapes\circle\circle_38480.png,circle,train,kaggle_2d
data\raw\kaggle_2d_shapes\circle\circle_26414.png,circle,train,kaggle_2d
data\raw\kaggle_2d_shapes\circle\circle_36968.png,circle,train,kaggle_2d
data\raw\kaggle_2d_shapes\circle\circle_35302.png,circle,test,kaggle_2d
data\raw\kaggle_2d_shapes\circle\circle_12608.png,circle,test,kaggle_2d
data\raw\kaggle_2d_shapes\circle\circle_41546.png,circle,train,kaggle_2d
data\raw\kaggle_2d_shapes\circle\circle_43986.png,circle,train,kaggle_2d
data\raw\kaggle_2d_shapes\circle\circle_45370.png,circle,train,kaggle_2d
data\raw\kaggle_2d_shapes\circle\circle_34570.png,circle,train,kaggle_2d
data\raw\kaggle_2d_shapes\circle\circle_3315.png,circle,test,kaggle_2d
data\raw\kaggle_2d_shapes\circle\circle_42035.png,circle,train,kaggle_2d
data\raw\kaggle_2d_shapes\circle\circle_32204.png,circle,test,kaggle_2d
data\raw\kaggle_2d_shapes\circle\circle_18120.png,circle,train,kaggle_2d
data\raw\kaggle_2d_shapes\circle\circle_11679.png,circle,train,kaggle_2d
data\raw\kaggle_2d_shapes\circle\circle_29805.png,circle,train,kaggle_2d
data\raw\kaggle_2d_shapes\circle\circle_29671.png,circle,test,kaggle_2d
data\raw\kaggle_2d_shapes\circle\circle_12913.png,circle,test,kaggle_2d
data\raw\kaggle_2d_shapes\circle\circle_23144.png,circle,train,kaggle_2d
data\raw\kaggle_2d_shapes\circle\circle_24761.png,circle,train,kaggle_2d
data\raw\kaggle_2d_shapes\circle\circle_43868.png,circle,train,kaggle_2d
data\raw\kaggle_2d_shapes\circle\circle_13031.png,circle,train,kaggle_2d
data\raw\kaggle_2d_shapes\circle\circle_39750.png,circle,test,kaggle_2d
data\raw\kaggle_2d_shapes\circle\circle_11865.png,circle,test,kaggle_2d
data\raw\kaggle_2d_shapes\circle\circle_45300.png,circle,train,kaggle_2d
data\raw\kaggle_2d_shapes\circle\circle_38218.png,circle,train,kaggle_2d
data\raw\kaggle_2d_shapes\circle\circle_21803.png,circle,test,kaggle_2d
data\raw\kaggle_2d_shapes\circle\circle_41311.png,circle,train,kaggle_2d
data\raw\kaggle_2d_shapes\circle\circle_23967.png,circle,train,kaggle_2d
data\raw\kaggle_2d_shapes\circle\circle_34524.png,circle,test,kaggle_2d
data\raw\kaggle_2d_shapes\circle\circle_30855.png,circle,train,kaggle_2d
data\raw\kaggle_2d_shapes\circle\circle_17380.png,circle,train,kaggle_2d
data\raw\kaggle_2d_shapes\circle\circle_43659.png,circle,train,kaggle_2d
data\raw\kaggle_2d_shapes\circle\circle_17477.png,circle,train,kaggle_2d
data\raw\kaggle_2d_shapes\circle\circle_4558.png,circle,train,kaggle_2d
data\raw\kaggle_2d_shapes\circle\circle_475.png,circle,train,kaggle_2d
data\raw\kaggle_2d_shapes\circle\circle_1805.png,circle,train,kaggle_2d
data\raw\kaggle_2d_shapes\circle\circle_30118.png,circle,train,kaggle_2d
data\raw\kaggle_2d_shapes\circle\circle_30672.png,circle,train,kaggle_2d
data\raw\kaggle_2d_shapes\circle\circle_32099.png,circle,train,kaggle_2d
data\raw\kaggle_2d_shapes\circle\circle_14245.png,circle,train,kaggle_2d
data\raw\kaggle_2d_shapes\circle\circle_22202.png,circle,train,kaggle_2d
data\raw\kaggle_2d_shapes\circle\circle_34345.png,circle,train,kaggle_2d
data\raw\kaggle_2d_shapes\circle\circle_1341.png,circle,train,kaggle_2d
data\raw\kaggle_2d_shapes\circle\circle_35237.png,circle,train,kaggle_2d
data\raw\kaggle_2d_shapes\circle\circle_30694.png,circle,train,kaggle_2d
data\raw\kaggle_2d_shapes\circle\circle_14247.png,circle,test,kaggle_2d
data\raw\kaggle_2d_shapes\circle\circle_35028.png,circle,train,kaggle_2d
data\raw\kaggle_2d_shapes\circle\circle_29545.png,circle,test,kaggle_2d
data\raw\kaggle_2d_shapes\circle\circle_14638.png,circle,train,kaggle_2d
data\raw\kaggle_2d_shapes\circle\circle_17227.png,circle,train,kaggle_2d
data\raw\kaggle_2d_shapes\circle\circle_8006.png,circle,train,kaggle_2d
data\raw\kaggle_2d_shapes\circle\circle_49662.png,circle,train,kaggle_2d
data\raw\kaggle_2d_shapes\circle\circle_35715.png,circle,train,kaggle_2d
data\raw\kaggle_2d_shapes\circle\circle_13711.png,circle,train,kaggle_2d
data\raw\kaggle_2d_shapes\circle\circle_7139.png,circle,train,kaggle_2d
data\raw\kaggle_2d_shapes\circle\circle_38532.png,circle,test,kaggle_2d
data\raw\kaggle_2d_shapes\circle\circle_35294.png,circle,train,kaggle_2d
data\raw\kaggle_2d_shapes\circle\circle_44336.png,circle,train,kaggle_2d
data\raw\kaggle_2d_shapes\circle\circle_29990.png,circle,test,kaggle_2d
data\raw\kaggle_2d_shapes\circle\circle_10873.png,circle,train,kaggle_2d
data\raw\kaggle_2d_shapes\circle\circle_37487.png,circle,test,kaggle_2d
data\raw\kaggle_2d_shapes\circle\circle_4359.png,circle,test,kaggle_2d
data\raw\kaggle_2d_shapes\circle\circle_20697.png,circle,train,kaggle_2d
data\raw\kaggle_2d_shapes\circle\circle_23843.png,circle,train,kaggle_2d
data\raw\kaggle_2d_shapes\circle\circle_24385.png,circle,train,kaggle_2d
data\raw\kaggle_2d_shapes\circle\circle_45645.png,circle,test,kaggle_2d
data\raw\kaggle_2d_shapes\circle\circle_15806.png,circle,train,kaggle_2d
data\raw\kaggle_2d_shapes\circle\circle_11550.png,circle,test,kaggle_2d
data\raw\kaggle_2d_shapes\circle\circle_18443.png,circle,train,kaggle_2d
data\raw\kaggle_2d_shapes\circle\circle_39948.png,circle,train,kaggle_2d
data\raw\kaggle_2d_shapes\circle\circle_16346.png,circle,train,kaggle_2d
data\raw\kaggle_2d_shapes\circle\circle_47642.png,circle,test,kaggle_2d
data\raw\kaggle_2d_shapes\circle\circle_12849.png,circle,train,kaggle_2d
data\raw\kaggle_2d_shapes\circle\circle_30143.png,circle,train,kaggle_2d
data\raw\kaggle_2d_shapes\circle\circle_43596.png,circle,train,kaggle_2d
data\raw\kaggle_2d_shapes\circle\circle_28769.png,circle,train,kaggle_2d
data\raw\kaggle_2d_shapes\circle\circle_16483.png,circle,train,kaggle_2d
data\raw\kaggle_2d_shapes\circle\circle_21503.png,circle,train,kaggle_2d
data\raw\kaggle_2d_shapes\circle\circle_6088.png,circle,train,kaggle_2d
data\raw\kaggle_2d_shapes\circle\circle_17399.png,circle,train,kaggle_2d
data\raw\kaggle_2d_shapes\circle\circle_9413.png,circle,test,kaggle_2d
data\raw\kaggle_2d_shapes\circle\circle_3915.png,circle,train,kaggle_2d
data\raw\kaggle_2d_shapes\circle\circle_24178.png,circle,test,kaggle_2d
data\raw\kaggle_2d_shapes\circle\circle_623.png,circle,train,kaggle_2d
data\raw\kaggle_2d_shapes\circle\circle_2519.png,circle,train,kaggle_2d
data\raw\kaggle_2d_shapes\circle\circle_11956.png,circle,train,kaggle_2d
data\raw\kaggle_2d_shapes\circle\circle_26804.png,circle,train,kaggle_2d
data\raw\kaggle_2d_shapes\circle\circle_3922.png,circle,train,kaggle_2d
data\raw\kaggle_2d_shapes\circle\circle_19604.png,circle,train,kaggle_2d
data\raw\kaggle_2d_shapes\circle\circle_24799.png,circle,train,kaggle_2d
data\raw\kaggle_2d_shapes\circle\circle_509.png,circle,train,kaggle_2d
data\raw\kaggle_2d_shapes\circle\circle_13787.png,circle,test,kaggle_2d
data\raw\kaggle_2d_shapes\circle\circle_48341.png,circle,train,kaggle_2d
data\raw\kaggle_2d_shapes\circle\circle_35669.png,circle,train,kaggle_2d
data\raw\kaggle_2d_shapes\circle\circle_1432.png,circle,train,kaggle_2d
data\raw\kaggle_2d_shapes\circle\circle_43955.png,circle,test,kaggle_2d
data\raw\kaggle_2d_shapes\circle\circle_38243.png,circle,test,kaggle_2d
data\raw\kaggle_2d_shapes\circle\circle_5174.png,circle,test,kaggle_2d
data\raw\kaggle_2d_shapes\circle\circle_18994.png,circle,train,kaggle_2d
data\raw\kaggle_2d_shapes\circle\circle_42357.png,circle,train,kaggle_2d
data\raw\kaggle_2d_shapes\circle\circle_37614.png,circle,test,kaggle_2d
data\raw\kaggle_2d_shapes\circle\circle_20043.png,circle,train,kaggle_2d
data\raw\kaggle_2d_shapes\circle\circle_47247.png,circle,train,kaggle_2d
data\raw\kaggle_2d_shapes\circle\circle_41197.png,circle,train,kaggle_2d
data\raw\kaggle_2d_shapes\circle\circle_24251.png,circle,train,kaggle_2d
data\raw\kaggle_2d_shapes\circle\circle_44929.png,circle,train,kaggle_2d
data\raw\kaggle_2d_shapes\circle\circle_42268.png,circle,train,kaggle_2d
data\raw\kaggle_2d_shapes\circle\circle_7025.png,circle,train,kaggle_2d
data\raw\kaggle_2d_shapes\circle\circle_41210.png,circle,train,kaggle_2d
data\raw\kaggle_2d_shapes\circle\circle_49906.png,circle,train,kaggle_2d
data\raw\kaggle_2d_shapes\circle\circle_4739.png,circle,train,kaggle_2d
data\raw\kaggle_2d_shapes\circle\circle_33967.png,circle,test,kaggle_2d
data\raw\kaggle_2d_shapes\circle\circle_28288.png,circle,train,kaggle_2d
data\raw\kaggle_2d_shapes\circle\circle_29804.png,circle,train,kaggle_2d
data\raw\kaggle_2d_shapes\circle\circle_8288.png,circle,train,kaggle_2d
data\raw\kaggle_2d_shapes\circle\circle_44255.png,circle,train,kaggle_2d
data\raw\kaggle_2d_shapes\circle\circle_8370.png,circle,test,kaggle_2d
data\raw\kaggle_2d_shapes\circle\circle_32614.png,circle,test,kaggle_2d
data\raw\kaggle_2d_shapes\circle\circle_40290.png,circle,train,kaggle_2d
data\raw\kaggle_2d_shapes\circle\circle_5248.png,circle,train,kaggle_2d
data\raw\kaggle_2d_shapes\circle\circle_16799.png,circle,train,kaggle_2d
data\raw\kaggle_2d_shapes\circle\circle_20148.png,circle,train,kaggle_2d
data\raw\kaggle_2d_shapes\circle\circle_36076.png,circle,train,kaggle_2d
data\raw\kaggle_2d_shapes\circle\circle_14202.png,circle,train,kaggle_2d
data\raw\kaggle_2d_shapes\circle\circle_10969.png,circle,test,kaggle_2d
data\raw\kaggle_2d_shapes\circle\circle_6155.png,circle,train,kaggle_2d
data\raw\kaggle_2d_shapes\circle\circle_40689.png,circle,train,kaggle_2d
data\raw\kaggle_2d_shapes\circle\circle_15653.png,circle,train,kaggle_2d
data\raw\kaggle_2d_shapes\circle\circle_5469.png,circle,train,kaggle_2d
data\raw\kaggle_2d_shapes\circle\circle_31258.png,circle,train,kaggle_2d
data\raw\kaggle_2d_shapes\circle\circle_6515.png,circle,train,kaggle_2d
data\raw\kaggle_2d_shapes\circle\circle_23430.png,circle,train,kaggle_2d
data\raw\kaggle_2d_shapes\circle\circle_37209.png,circle,train,kaggle_2d
data\raw\kaggle_2d_shapes\circle\circle_30530.png,circle,train,kaggle_2d
data\raw\kaggle_2d_shapes\circle\circle_29913.png,circle,train,kaggle_2d
data\raw\kaggle_2d_shapes\circle\circle_28448.png,circle,test,kaggle_2d
data\raw\kaggle_2d_shapes\circle\circle_45605.png,circle,train,kaggle_2d
data\raw\kaggle_2d_shapes\circle\circle_13835.png,circle,train,kaggle_2d
data\raw\kaggle_2d_shapes\circle\circle_18697.png,circle,train,kaggle_2d
data\raw\kaggle_2d_shapes\circle\circle_31095.png,circle,train,kaggle_2d
data\raw\kaggle_2d_shapes\circle\circle_47217.png,circle,train,kaggle_2d
data\raw\kaggle_2d_shapes\circle\circle_97.png,circle,train,kaggle_2d
data\raw\kaggle_2d_shapes\circle\circle_48330.png,circle,test,kaggle_2d
data\raw\kaggle_2d_shapes\circle\circle_31112.png,circle,train,kaggle_2d
data\raw\kaggle_2d_shapes\circle\circle_34425.png,circle,train,kaggle_2d
data\raw\kaggle_2d_shapes\circle\circle_14752.png,circle,test,kaggle_2d
data\raw\kaggle_2d_shapes\circle\circle_49350.png,circle,train,kaggle_2d
data\raw\kaggle_2d_shapes\circle\circle_15287.png,circle,train,kaggle_2d
data\raw\kaggle_2d_shapes\circle\circle_15520.png,circle,train,kaggle_2d
data\raw\kaggle_2d_shapes\circle\circle_44235.png,circle,test,kaggle_2d
data\raw\kaggle_2d_shapes\circle\circle_39915.png,circle,train,kaggle_2d
data\raw\kaggle_2d_shapes\circle\circle_23963.png,circle,test,kaggle_2d
data\raw\kaggle_2d_shapes\triangle\triangle_28624.png,triangle,train,kaggle_2d
data\raw\kaggle_2d_shapes\triangle\triangle_26626.png,triangle,train,kaggle_2d
data\raw\kaggle_2d_shapes\triangle\triangle_33895.png,triangle,train,kaggle_2d
data\raw\kaggle_2d_shapes\triangle\triangle_18209.png,triangle,train,kaggle_2d
data\raw\kaggle_2d_shapes\triangle\triangle_39232.png,triangle,train,kaggle_2d
data\raw\kaggle_2d_shapes\triangle\triangle_23952.png,triangle,train,kaggle_2d
data\raw\kaggle_2d_shapes\triangle\triangle_30664.png,triangle,test,kaggle_2d
data\raw\kaggle_2d_shapes\triangle\triangle_28441.png,triangle,train,kaggle_2d
data\raw\kaggle_2d_shapes\triangle\triangle_16870.png,triangle,train,kaggle_2d
data\raw\kaggle_2d_shapes\triangle\triangle_3932.png,triangle,train,kaggle_2d
data\raw\kaggle_2d_shapes\triangle\triangle_9891.png,triangle,train,kaggle_2d
data\raw\kaggle_2d_shapes\triangle\triangle_13778.png,triangle,test,kaggle_2d
data\raw\kaggle_2d_shapes\triangle\triangle_6286.png,triangle,test,kaggle_2d
data\raw\kaggle_2d_shapes\triangle\triangle_42774.png,triangle,train,kaggle_2d
data\raw\kaggle_2d_shapes\triangle\triangle_27404.png,triangle,train,kaggle_2d
data\raw\kaggle_2d_shapes\triangle\triangle_34221.png,triangle,train,kaggle_2d
data\raw\kaggle_2d_shapes\triangle\triangle_1185.png,triangle,test,kaggle_2d
data\raw\kaggle_2d_shapes\triangle\triangle_47102.png,triangle,train,kaggle_2d
data\raw\kaggle_2d_shapes\triangle\triangle_8839.png,triangle,train,kaggle_2d
data\raw\kaggle_2d_shapes\triangle\triangle_751.png,triangle,train,kaggle_2d
data\raw\kaggle_2d_shapes\triangle\triangle_35487.png,triangle,train,kaggle_2d
data\raw\kaggle_2d_shapes\triangle\triangle_11928.png,triangle,test,kaggle_2d
data\raw\kaggle_2d_shapes\triangle\triangle_20659.png,triangle,test,kaggle_2d
data\raw\kaggle_2d_shapes\triangle\triangle_3202.png,triangle,train,kaggle_2d
data\raw\kaggle_2d_shapes\triangle\triangle_38392.png,triangle,train,kaggle_2d
data\raw\kaggle_2d_shapes\triangle\triangle_2916.png,triangle,test,kaggle_2d
data\raw\kaggle_2d_shapes\triangle\triangle_22905.png,triangle,train,kaggle_2d
data\raw\kaggle_2d_shapes\triangle\triangle_9515.png,triangle,train,kaggle_2d
data\raw\kaggle_2d_shapes\triangle\triangle_33736.png,triangle,test,kaggle_2d
data\raw\kaggle_2d_shapes\triangle\triangle_18631.png,triangle,train,kaggle_2d
data\raw\kaggle_2d_shapes\triangle\triangle_30125.png,triangle,test,kaggle_2d
data\raw\kaggle_2d_shapes\triangle\triangle_10649.png,triangle,train,kaggle_2d
data\raw\kaggle_2d_shapes\triangle\triangle_28306.png,triangle,test,kaggle_2d
data\raw\kaggle_2d_shapes\triangle\triangle_12609.png,triangle,train,kaggle_2d
data\raw\kaggle_2d_shapes\triangle\triangle_24882.png,triangle,train,kaggle_2d
data\raw\kaggle_2d_shapes\triangle\triangle_28741.png,triangle,train,kaggle_2d
data\raw\kaggle_2d_shapes\triangle\triangle_38054.png,triangle,test,kaggle_2d
data\raw\kaggle_2d_shapes\triangle\triangle_6542.png,triangle,train,kaggle_2d
data\raw\kaggle_2d_shapes\triangle\triangle_26371.png,triangle,test,kaggle_2d
data\raw\kaggle_2d_shapes\triangle\triangle_672.png,triangle,train,kaggle_2d
data\raw\kaggle_2d_shapes\triangle\triangle_45991.png,triangle,train,kaggle_2d
data\raw\kaggle_2d_shapes\triangle\triangle_41675.png,triangle,train,kaggle_2d
data\raw\kaggle_2d_shapes\triangle\triangle_18853.png,triangle,train,kaggle_2d
data\raw\kaggle_2d_shapes\triangle\triangle_28723.png,triangle,train,kaggle_2d
data\raw\kaggle_2d_shapes\triangle\triangle_13138.png,triangle,test,kaggle_2d
data\raw\kaggle_2d_shapes\triangle\triangle_12556.png,triangle,test,kaggle_2d
data\raw\kaggle_2d_shapes\triangle\triangle_22582.png,triangle,train,kaggle_2d
data\raw\kaggle_2d_shapes\triangle\triangle_38168.png,triangle,train,kaggle_2d
data\raw\kaggle_2d_shapes\triangle\triangle_23485.png,triangle,train,kaggle_2d
data\raw\kaggle_2d_shapes\triangle\triangle_23377.png,triangle,train,kaggle_2d
data\raw\kaggle_2d_shapes\triangle\triangle_39226.png,triangle,train,kaggle_2d
data\raw\kaggle_2d_shapes\triangle\triangle_1447.png,triangle,train,kaggle_2d
data\raw\kaggle_2d_shapes\triangle\triangle_24076.png,triangle,train,kaggle_2d
data\raw\kaggle_2d_shapes\triangle\triangle_4458.png,triangle,train,kaggle_2d
data\raw\kaggle_2d_shapes\triangle\triangle_4782.png,triangle,train,kaggle_2d
data\raw\kaggle_2d_shapes\triangle\triangle_25355.png,triangle,train,kaggle_2d
data\raw\kaggle_2d_shapes\triangle\triangle_37523.png,triangle,train,kaggle_2d
data\raw\kaggle_2d_shapes\triangle\triangle_41938.png,triangle,test,kaggle_2d
data\raw\kaggle_2d_shapes\triangle\triangle_24973.png,triangle,train,kaggle_2d
data\raw\kaggle_2d_shapes\triangle\triangle_38419.png,triangle,test,kaggle_2d
data\raw\kaggle_2d_shapes\triangle\triangle_32804.png,triangle,train,kaggle_2d
data\raw\kaggle_2d_shapes\triangle\triangle_32153.png,triangle,train,kaggle_2d
data\raw\kaggle_2d_shapes\triangle\triangle_30392.png,triangle,train,kaggle_2d
data\raw\kaggle_2d_shapes\triangle\triangle_32160.png,triangle,train,kaggle_2d
data\raw\kaggle_2d_shapes\triangle\triangle_49606.png,triangle,train,kaggle_2d
data\raw\kaggle_2d_shapes\triangle\triangle_13593.png,triangle,train,kaggle_2d
data\raw\kaggle_2d_shapes\triangle\triangle_27211.png,triangle,train,kaggle_2d
data\raw\kaggle_2d_shapes\triangle\triangle_22449.png,triangle,train,kaggle_2d
data\raw\kaggle_2d_shapes\triangle\triangle_29813.png,triangle,train,kaggle_2d
data\raw\kaggle_2d_shapes\triangle\triangle_4285.png,triangle,train,kaggle_2d
data\raw\kaggle_2d_shapes\triangle\triangle_23758.png,triangle,train,kaggle_2d
data\raw\kaggle_2d_shapes\triangle\triangle_29480.png,triangle,train,kaggle_2d
data\raw\kaggle_2d_shapes\triangle\triangle_40293.png,triangle,train,kaggle_2d
data\raw\kaggle_2d_shapes\triangle\triangle_27947.png,triangle,test,kaggle_2d
data\raw\kaggle_2d_shapes\triangle\triangle_23833.png,triangle,train,kaggle_2d
data\raw\kaggle_2d_shapes\triangle\triangle_24167.png,triangle,train,kaggle_2d
data\raw\kaggle_2d_shapes\triangle\triangle_6228.png,triangle,test,kaggle_2d
data\raw\kaggle_2d_shapes\triangle\triangle_44645.png,triangle,train,kaggle_2d
data\raw\kaggle_2d_shapes\triangle\triangle_22046.png,triangle,test,kaggle_2d
data\raw\kaggle_2d_shapes\triangle\triangle_447.png,triangle,train,kaggle_2d
data\raw\kaggle_2d_shapes\triangle\triangle_34508.png,triangle,train,kaggle_2d
data\raw\kaggle_2d_shapes\triangle\triangle_29046.png,triangle,test,kaggle_2d
data\raw\kaggle_2d_shapes\triangle\triangle_38370.png,triangle,train,kaggle_2d
data\raw\kaggle_2d_shapes\triangle\triangle_26476.png,triangle,train,kaggle_2d
data\raw\kaggle_2d_shapes\triangle\triangle_29586.png,triangle,train,kaggle_2d
data\raw\kaggle_2d_shapes\triangle\triangle_12506.png,triangle,train,kaggle_2d
data\raw\kaggle_2d_shapes\triangle\triangle_31378.png,triangle,train,kaggle_2d
data\raw\kaggle_2d_shapes\triangle\triangle_9617.png,triangle,train,kaggle_2d
data\raw\kaggle_2d_shapes\triangle\triangle_15367.png,triangle,train,kaggle_2d
data\raw\kaggle_2d_shapes\triangle\triangle_8272.png,triangle,train,kaggle_2d
data\raw\kaggle_2d_shapes\triangle\triangle_4392.png,triangle,train,kaggle_2d
data\raw\kaggle_2d_shapes\triangle\triangle_19800.png,triangle,train,kaggle_2d
data\raw\kaggle_2d_shapes\triangle\triangle_25718.png,triangle,train,kaggle_2d
data\raw\kaggle_2d_shapes\triangle\triangle_37350.png,triangle,train,kaggle_2d
data\raw\kaggle_2d_shapes\triangle\triangle_1249.png,triangle,train,kaggle_2d
data\raw\kaggle_2d_shapes\triangle\triangle_33280.png,triangle,train,kaggle_2d
data\raw\kaggle_2d_shapes\triangle\triangle_39729.png,triangle,train,kaggle_2d
data\raw\kaggle_2d_shapes\triangle\triangle_31691.png,triangle,train,kaggle_2d
data\raw\kaggle_2d_shapes\triangle\triangle_25312.png,triangle,train,kaggle_2d
data\raw\kaggle_2d_shapes\triangle\triangle_41319.png,triangle,train,kaggle_2d
data\raw\kaggle_2d_shapes\triangle\triangle_9179.png,triangle,train,kaggle_2d
data\raw\kaggle_2d_shapes\triangle\triangle_24199.png,triangle,train,kaggle_2d
data\raw\kaggle_2d_shapes\triangle\triangle_47960.png,triangle,train,kaggle_2d
data\raw\kaggle_2d_shapes\triangle\triangle_17660.png,triangle,train,kaggle_2d
data\raw\kaggle_2d_shapes\triangle\triangle_17067.png,triangle,train,kaggle_2d
data\raw\kaggle_2d_shapes\triangle\triangle_9464.png,triangle,train,kaggle_2d
data\raw\kaggle_2d_shapes\triangle\triangle_33013.png,triangle,train,kaggle_2d
data\raw\kaggle_2d_shapes\triangle\triangle_19746.png,triangle,train,kaggle_2d
data\raw\kaggle_2d_shapes\triangle\triangle_38287.png,triangle,train,kaggle_2d
data\raw\kaggle_2d_shapes\triangle\triangle_2286.png,triangle,train,kaggle_2d
data\raw\kaggle_2d_shapes\triangle\triangle_45700.png,triangle,train,kaggle_2d
data\raw\kaggle_2d_shapes\triangle\triangle_34296.png,triangle,train,kaggle_2d
data\raw\kaggle_2d_shapes\triangle\triangle_16625.png,triangle,test,kaggle_2d
data\raw\kaggle_2d_shapes\triangle\triangle_12435.png,triangle,train,kaggle_2d
data\raw\kaggle_2d_shapes\triangle\triangle_47851.png,triangle,train,kaggle_2d
data\raw\kaggle_2d_shapes\triangle\triangle_40562.png,triangle,train,kaggle_2d
data\raw\kaggle_2d_shapes\triangle\triangle_30246.png,triangle,train,kaggle_2d
data\raw\kaggle_2d_shapes\triangle\triangle_24232.png,triangle,train,kaggle_2d
data\raw\kaggle_2d_shapes\triangle\triangle_40116.png,triangle,train,kaggle_2d
data\raw\kaggle_2d_shapes\triangle\triangle_4664.png,triangle,test,kaggle_2d
data\raw\kaggle_2d_shapes\triangle\triangle_40402.png,triangle,train,kaggle_2d
data\raw\kaggle_2d_shapes\triangle\triangle_12305.png,triangle,train,kaggle_2d
data\raw\kaggle_2d_shapes\triangle\triangle_45798.png,triangle,train,kaggle_2d
data\raw\kaggle_2d_shapes\triangle\triangle_28086.png,triangle,train,kaggle_2d
data\raw\kaggle_2d_shapes\triangle\triangle_18617.png,triangle,train,kaggle_2d
data\raw\kaggle_2d_shapes\triangle\triangle_14037.png,triangle,train,kaggle_2d
data\raw\kaggle_2d_shapes\triangle\triangle_6254.png,triangle,train,kaggle_2d
data\raw\kaggle_2d_shapes\triangle\triangle_10701.png,triangle,train,kaggle_2d
data\raw\kaggle_2d_shapes\triangle\triangle_39059.png,triangle,train,kaggle_2d
data\raw\kaggle_2d_shapes\triangle\triangle_32692.png,triangle,train,kaggle_2d
data\raw\kaggle_2d_shapes\triangle\triangle_10193.png,triangle,train,kaggle_2d
data\raw\kaggle_2d_shapes\triangle\triangle_21022.png,triangle,train,kaggle_2d
data\raw\kaggle_2d_shapes\triangle\triangle_8008.png,triangle,test,kaggle_2d
data\raw\kaggle_2d_shapes\triangle\triangle_27274.png,triangle,test,kaggle_2d
data\raw\kaggle_2d_shapes\triangle\triangle_36486.png,triangle,train,kaggle_2d
data\raw\kaggle_2d_shapes\triangle\triangle_18124.png,triangle,train,kaggle_2d
data\raw\kaggle_2d_shapes\triangle\triangle_43422.png,triangle,train,kaggle_2d
data\raw\kaggle_2d_shapes\triangle\triangle_10622.png,triangle,train,kaggle_2d
data\raw\kaggle_2d_shapes\triangle\triangle_26603.png,triangle,train,kaggle_2d
data\raw\kaggle_2d_shapes\triangle\triangle_11113.png,triangle,train,kaggle_2d
data\raw\kaggle_2d_shapes\triangle\triangle_4611.png,triangle,train,kaggle_2d
data\raw\kaggle_2d_shapes\triangle\triangle_4451.png,triangle,train,kaggle_2d
data\raw\kaggle_2d_shapes\triangle\triangle_32755.png,triangle,train,kaggle_2d
data\raw\kaggle_2d_shapes\triangle\triangle_27452.png,triangle,train,kaggle_2d
data\raw\kaggle_2d_shapes\triangle\triangle_48056.png,triangle,train,kaggle_2d
data\raw\kaggle_2d_shapes\triangle\triangle_42580.png,triangle,train,kaggle_2d
data\raw\kaggle_2d_shapes\triangle\triangle_34326.png,triangle,train,kaggle_2d
data\raw\kaggle_2d_shapes\triangle\triangle_44880.png,triangle,train,kaggle_2d
data\raw\kaggle_2d_shapes\triangle\triangle_41073.png,triangle,train,kaggle_2d
data\raw\kaggle_2d_shapes\triangle\triangle_5492.png,triangle,train,kaggle_2d
data\raw\kaggle_2d_shapes\triangle\triangle_47769.png,triangle,train,kaggle_2d
data\raw\kaggle_2d_shapes\triangle\triangle_3535.png,triangle,train,kaggle_2d
data\raw\kaggle_2d_shapes\triangle\triangle_33884.png,triangle,train,kaggle_2d
data\raw\kaggle_2d_shapes\triangle\triangle_28694.png,triangle,train,kaggle_2d
data\raw\kaggle_2d_shapes\triangle\triangle_11068.png,triangle,test,kaggle_2d
data\raw\kaggle_2d_shapes\triangle\triangle_46644.png,triangle,train,kaggle_2d
data\raw\kaggle_2d_shapes\triangle\triangle_15335.png,triangle,train,kaggle_2d
data\raw\kaggle_2d_shapes\triangle\triangle_13844.png,triangle,test,kaggle_2d
data\raw\kaggle_2d_shapes\triangle\triangle_2828.png,triangle,train,kaggle_2d
data\raw\kaggle_2d_shapes\triangle\triangle_15748.png,triangle,test,kaggle_2d
data\raw\kaggle_2d_shapes\triangle\triangle_43957.png,triangle,train,kaggle_2d
data\raw\kaggle_2d_shapes\triangle\triangle_33321.png,triangle,train,kaggle_2d
data\raw\kaggle_2d_shapes\triangle\triangle_3258.png,triangle,test,kaggle_2d
data\raw\kaggle_2d_shapes\triangle\triangle_34991.png,triangle,test,kaggle_2d
data\raw\kaggle_2d_shapes\triangle\triangle_45814.png,triangle,train,kaggle_2d
data\raw\kaggle_2d_shapes\triangle\triangle_33369.png,triangle,train,kaggle_2d
data\raw\kaggle_2d_shapes\triangle\triangle_30160.png,triangle,train,kaggle_2d
data\raw\kaggle_2d_shapes\triangle\triangle_15400.png,triangle,train,kaggle_2d
data\raw\kaggle_2d_shapes\triangle\triangle_3642.png,triangle,train,kaggle_2d
data\raw\kaggle_2d_shapes\triangle\triangle_21523.png,triangle,test,kaggle_2d
data\raw\kaggle_2d_shapes\triangle\triangle_10241.png,triangle,train,kaggle_2d
data\raw\kaggle_2d_shapes\triangle\triangle_27627.png,triangle,train,kaggle_2d
data\raw\kaggle_2d_shapes\triangle\triangle_10985.png,triangle,train,kaggle_2d
data\raw\kaggle_2d_shapes\triangle\triangle_20961.png,triangle,train,kaggle_2d
data\raw\kaggle_2d_shapes\triangle\triangle_33659.png,triangle,test,kaggle_2d
data\raw\kaggle_2d_shapes\triangle\triangle_11866.png,triangle,train,kaggle_2d
data\raw\kaggle_2d_shapes\triangle\triangle_49550.png,triangle,train,kaggle_2d
data\raw\kaggle_2d_shapes\triangle\triangle_14264.png,triangle,train,kaggle_2d
data\raw\kaggle_2d_shapes\triangle\triangle_26162.png,triangle,train,kaggle_2d
data\raw\kaggle_2d_shapes\triangle\triangle_46369.png,triangle,train,kaggle_2d
data\raw\kaggle_2d_shapes\triangle\triangle_45177.png,triangle,test,kaggle_2d
data\raw\kaggle_2d_shapes\triangle\triangle_31076.png,triangle,train,kaggle_2d
data\raw\kaggle_2d_shapes\triangle\triangle_30516.png,triangle,train,kaggle_2d
data\raw\kaggle_2d_shapes\triangle\triangle_31226.png,triangle,train,kaggle_2d
data\raw\kaggle_2d_shapes\triangle\triangle_17744.png,triangle,train,kaggle_2d
data\raw\kaggle_2d_shapes\triangle\triangle_13435.png,triangle,train,kaggle_2d
data\raw\kaggle_2d_shapes\triangle\triangle_1024.png,triangle,train,kaggle_2d
data\raw\kaggle_2d_shapes\triangle\triangle_22079.png,triangle,test,kaggle_2d
data\raw\kaggle_2d_shapes\triangle\triangle_11970.png,triangle,train,kaggle_2d
data\raw\kaggle_2d_shapes\triangle\triangle_30949.png,triangle,train,kaggle_2d
data\raw\kaggle_2d_shapes\triangle\triangle_29744.png,triangle,test,kaggle_2d
data\raw\kaggle_2d_shapes\triangle\triangle_40859.png,triangle,test,kaggle_2d
data\raw\kaggle_2d_shapes\triangle\triangle_41203.png,triangle,test,kaggle_2d
data\raw\kaggle_2d_shapes\triangle\triangle_9666.png,triangle,train,kaggle_2d
data\raw\kaggle_2d_shapes\triangle\triangle_16387.png,triangle,train,kaggle_2d
data\raw\kaggle_2d_shapes\triangle\triangle_32575.png,triangle,test,kaggle_2d
data\raw\kaggle_2d_shapes\triangle\triangle_47959.png,triangle,train,kaggle_2d
data\raw\kaggle_2d_shapes\triangle\triangle_9727.png,triangle,train,kaggle_2d
data\raw\kaggle_2d_shapes\triangle\triangle_11612.png,triangle,train,kaggle_2d
data\raw\kaggle_2d_shapes\triangle\triangle_39905.png,triangle,train,kaggle_2d
data\raw\kaggle_2d_shapes\triangle\triangle_42957.png,triangle,train,kaggle_2d
data\raw\kaggle_2d_shapes\triangle\triangle_34058.png,triangle,train,kaggle_2d
data\raw\kaggle_2d_shapes\triangle\triangle_21109.png,triangle,train,kaggle_2d
data\raw\kaggle_2d_shapes\triangle\triangle_47904.png,triangle,test,kaggle_2d
data\raw\kaggle_2d_shapes\triangle\triangle_36209.png,triangle,train,kaggle_2d
data\raw\kaggle_2d_shapes\triangle\triangle_42492.png,triangle,test,kaggle_2d
data\raw\kaggle_2d_shapes\triangle\triangle_35023.png,triangle,train,kaggle_2d
data\raw\kaggle_2d_shapes\triangle\triangle_14100.png,triangle,train,kaggle_2d
data\raw\kaggle_2d_shapes\triangle\triangle_15372.png,triangle,train,kaggle_2d
data\raw\kaggle_2d_shapes\triangle\triangle_42102.png,triangle,test,kaggle_2d
data\raw\kaggle_2d_shapes\triangle\triangle_3763.png,triangle,train,kaggle_2d
data\raw\kaggle_2d_shapes\triangle\triangle_47458.png,triangle,train,kaggle_2d
data\raw\kaggle_2d_shapes\triangle\triangle_47517.png,triangle,train,kaggle_2d
data\raw\kaggle_2d_shapes\triangle\triangle_37074.png,triangle,train,kaggle_2d
data\raw\kaggle_2d_shapes\triangle\triangle_36345.png,triangle,train,kaggle_2d
data\raw\kaggle_2d_shapes\triangle\triangle_18826.png,triangle,train,kaggle_2d
data\raw\kaggle_2d_shapes\triangle\triangle_41176.png,triangle,train,kaggle_2d
data\raw\kaggle_2d_shapes\triangle\triangle_6468.png,triangle,train,kaggle_2d
data\raw\kaggle_2d_shapes\triangle\triangle_24984.png,triangle,test,kaggle_2d
data\raw\kaggle_2d_shapes\triangle\triangle_45083.png,triangle,train,kaggle_2d
data\raw\kaggle_2d_shapes\triangle\triangle_37347.png,triangle,train,kaggle_2d
data\raw\kaggle_2d_shapes\triangle\triangle_6316.png,triangle,test,kaggle_2d
data\raw\kaggle_2d_shapes\triangle\triangle_47671.png,triangle,test,kaggle_2d
data\raw\kaggle_2d_shapes\triangle\triangle_24754.png,triangle,test,kaggle_2d
data\raw\kaggle_2d_shapes\triangle\triangle_8104.png,triangle,train,kaggle_2d
data\raw\kaggle_2d_shapes\triangle\triangle_43517.png,triangle,test,kaggle_2d
data\raw\kaggle_2d_shapes\triangle\triangle_11892.png,triangle,test,kaggle_2d
data\raw\kaggle_2d_shapes\triangle\triangle_43316.png,triangle,train,kaggle_2d
data\raw\kaggle_2d_shapes\triangle\triangle_46227.png,triangle,train,kaggle_2d
data\raw\kaggle_2d_shapes\triangle\triangle_15789.png,triangle,train,kaggle_2d
data\raw\kaggle_2d_shapes\triangle\triangle_13229.png,triangle,train,kaggle_2d
data\raw\kaggle_2d_shapes\triangle\triangle_30528.png,triangle,train,kaggle_2d
data\raw\kaggle_2d_shapes\triangle\triangle_11793.png,triangle,test,kaggle_2d
data\raw\kaggle_2d_shapes\triangle\triangle_6000.png,triangle,train,kaggle_2d
data\raw\kaggle_2d_shapes\triangle\triangle_3587.png,triangle,test,kaggle_2d
data\raw\kaggle_2d_shapes\triangle\triangle_8001.png,triangle,train,kaggle_2d
data\raw\kaggle_2d_shapes\triangle\triangle_36924.png,triangle,train,kaggle_2d
data\raw\kaggle_2d_shapes\triangle\triangle_46122.png,triangle,train,kaggle_2d
data\raw\kaggle_2d_shapes\triangle\triangle_3973.png,triangle,train,kaggle_2d
data\raw\kaggle_2d_shapes\triangle\triangle_12369.png,triangle,train,kaggle_2d
data\raw\kaggle_2d_shapes\triangle\triangle_39034.png,triangle,train,kaggle_2d
data\raw\kaggle_2d_shapes\triangle\triangle_20756.png,triangle,test,kaggle_2d
data\raw\kaggle_2d_shapes\triangle\triangle_30065.png,triangle,train,kaggle_2d
data\raw\kaggle_2d_shapes\triangle\triangle_38763.png,triangle,train,kaggle_2d
data\raw\kaggle_2d_shapes\triangle\triangle_8041.png,triangle,train,kaggle_2d
data\raw\kaggle_2d_shapes\triangle\triangle_46855.png,triangle,train,kaggle_2d
data\raw\kaggle_2d_shapes\triangle\triangle_35614.png,triangle,train,kaggle_2d
data\raw\kaggle_2d_shapes\triangle\triangle_32779.png,triangle,train,kaggle_2d
data\raw\kaggle_2d_shapes\triangle\triangle_18649.png,triangle,test,kaggle_2d
data\raw\kaggle_2d_shapes\triangle\triangle_16001.png,triangle,train,kaggle_2d
data\raw\kaggle_2d_shapes\triangle\triangle_34248.png,triangle,test,kaggle_2d
data\raw\kaggle_2d_shapes\triangle\triangle_20103.png,triangle,train,kaggle_2d
data\raw\kaggle_2d_shapes\triangle\triangle_47542.png,triangle,train,kaggle_2d
data\raw\kaggle_2d_shapes\triangle\triangle_3917.png,triangle,train,kaggle_2d
data\raw\kaggle_2d_shapes\triangle\triangle_16984.png,triangle,train,kaggle_2d
data\raw\kaggle_2d_shapes\triangle\triangle_8580.png,triangle,train,kaggle_2d
data\raw\kaggle_2d_shapes\triangle\triangle_11293.png,triangle,train,kaggle_2d
data\raw\kaggle_2d_shapes\triangle\triangle_48379.png,triangle,test,kaggle_2d
data\raw\kaggle_2d_shapes\triangle\triangle_16643.png,triangle,train,kaggle_2d
data\raw\kaggle_2d_shapes\triangle\triangle_9971.png,triangle,train,kaggle_2d
data\raw\kaggle_2d_shapes\triangle\triangle_22507.png,triangle,train,kaggle_2d
data\raw\kaggle_2d_shapes\triangle\triangle_34134.png,triangle,train,kaggle_2d
data\raw\kaggle_2d_shapes\triangle\triangle_21656.png,triangle,train,kaggle_2d
data\raw\kaggle_2d_shapes\triangle\triangle_16463.png,triangle,train,kaggle_2d
data\raw\kaggle_2d_shapes\triangle\triangle_40927.png,triangle,train,kaggle_2d
data\raw\kaggle_2d_shapes\triangle\triangle_24096.png,triangle,train,kaggle_2d
data\raw\kaggle_2d_shapes\triangle\triangle_26839.png,triangle,train,kaggle_2d
data\raw\kaggle_2d_shapes\triangle\triangle_7254.png,triangle,train,kaggle_2d
data\raw\kaggle_2d_shapes\triangle\triangle_3865.png,triangle,train,kaggle_2d
data\raw\kaggle_2d_shapes\triangle\triangle_41748.png,triangle,test,kaggle_2d
data\raw\kaggle_2d_shapes\triangle\triangle_48229.png,triangle,train,kaggle_2d
data\raw\kaggle_2d_shapes\triangle\triangle_16095.png,triangle,train,kaggle_2d
data\raw\kaggle_2d_shapes\triangle\triangle_36306.png,triangle,train,kaggle_2d
data\raw\kaggle_2d_shapes\triangle\triangle_8794.png,triangle,train,kaggle_2d
data\raw\kaggle_2d_shapes\triangle\triangle_10656.png,triangle,train,kaggle_2d
data\raw\kaggle_2d_shapes\triangle\triangle_190.png,triangle,train,kaggle_2d
data\raw\kaggle_2d_shapes\triangle\triangle_23641.png,triangle,train,kaggle_2d
data\raw\kaggle_2d_shapes\triangle\triangle_4098.png,triangle,test,kaggle_2d
data\raw\kaggle_2d_shapes\triangle\triangle_5891.png,triangle,train,kaggle_2d
data\raw\kaggle_2d_shapes\triangle\triangle_38516.png,triangle,train,kaggle_2d
data\raw\kaggle_2d_shapes\triangle\triangle_4813.png,triangle,train,kaggle_2d
data\raw\kaggle_2d_shapes\triangle\triangle_36349.png,triangle,train,kaggle_2d
data\raw\kaggle_2d_shapes\triangle\triangle_3298.png,triangle,train,kaggle_2d
data\raw\kaggle_2d_shapes\triangle\triangle_2937.png,triangle,train,kaggle_2d
data\raw\kaggle_2d_shapes\triangle\triangle_41631.png,triangle,test,kaggle_2d
data\raw\kaggle_2d_shapes\triangle\triangle_26699.png,triangle,train,kaggle_2d
data\raw\kaggle_2d_shapes\triangle\triangle_48945.png,triangle,train,kaggle_2d
data\raw\kaggle_2d_shapes\triangle\triangle_37567.png,triangle,train,kaggle_2d
data\raw\kaggle_2d_shapes\triangle\triangle_14180.png,triangle,train,kaggle_2d
data\raw\kaggle_2d_shapes\triangle\triangle_20947.png,triangle,train,kaggle_2d
data\raw\kaggle_2d_shapes\triangle\triangle_23118.png,triangle,train,kaggle_2d
data\raw\kaggle_2d_shapes\triangle\triangle_29961.png,triangle,train,kaggle_2d
data\raw\kaggle_2d_shapes\triangle\triangle_15583.png,triangle,train,kaggle_2d
data\raw\kaggle_2d_shapes\triangle\triangle_3359.png,triangle,train,kaggle_2d
data\raw\kaggle_2d_shapes\triangle\triangle_35346.png,triangle,test,kaggle_2d
data\raw\kaggle_2d_shapes\triangle\triangle_43796.png,triangle,train,kaggle_2d
data\raw\kaggle_2d_shapes\triangle\triangle_48111.png,triangle,train,kaggle_2d
data\raw\kaggle_2d_shapes\triangle\triangle_21385.png,triangle,train,kaggle_2d
data\raw\kaggle_2d_shapes\triangle\triangle_1348.png,triangle,train,kaggle_2d
data\raw\kaggle_2d_shapes\triangle\triangle_14936.png,triangle,train,kaggle_2d
data\raw\kaggle_2d_shapes\triangle\triangle_8503.png,triangle,train,kaggle_2d
data\raw\kaggle_2d_shapes\triangle\triangle_49731.png,triangle,train,kaggle_2d
data\raw\kaggle_2d_shapes\triangle\triangle_28905.png,triangle,train,kaggle_2d
data\raw\kaggle_2d_shapes\triangle\triangle_17982.png,triangle,train,kaggle_2d
data\raw\kaggle_2d_shapes\triangle\triangle_16356.png,triangle,train,kaggle_2d
data\raw\kaggle_2d_shapes\triangle\triangle_27607.png,triangle,test,kaggle_2d
data\raw\kaggle_2d_shapes\triangle\triangle_7101.png,triangle,train,kaggle_2d
data\raw\kaggle_2d_shapes\triangle\triangle_41656.png,triangle,train,kaggle_2d
data\raw\kaggle_2d_shapes\triangle\triangle_19019.png,triangle,train,kaggle_2d
data\raw\kaggle_2d_shapes\triangle\triangle_34607.png,triangle,train,kaggle_2d
data\raw\kaggle_2d_shapes\triangle\triangle_20983.png,triangle,train,kaggle_2d
data\raw\kaggle_2d_shapes\triangle\triangle_15082.png,triangle,train,kaggle_2d
data\raw\kaggle_2d_shapes\triangle\triangle_3496.png,triangle,train,kaggle_2d
data\raw\kaggle_2d_shapes\triangle\triangle_44739.png,triangle,test,kaggle_2d
data\raw\kaggle_2d_shapes\triangle\triangle_38477.png,triangle,train,kaggle_2d
data\raw\kaggle_2d_shapes\triangle\triangle_3251.png,triangle,train,kaggle_2d
data\raw\kaggle_2d_shapes\triangle\triangle_16493.png,triangle,train,kaggle_2d
data\raw\kaggle_2d_shapes\triangle\triangle_12983.png,triangle,train,kaggle_2d
data\raw\kaggle_2d_shapes\triangle\triangle_4331.png,triangle,test,kaggle_2d
data\raw\kaggle_2d_shapes\triangle\triangle_37586.png,triangle,train,kaggle_2d
data\raw\kaggle_2d_shapes\triangle\triangle_23477.png,triangle,train,kaggle_2d
data\raw\kaggle_2d_shapes\triangle\triangle_3999.png,triangle,train,kaggle_2d
data\raw\kaggle_2d_shapes\triangle\triangle_45858.png,triangle,train,kaggle_2d
data\raw\kaggle_2d_shapes\triangle\triangle_31865.png,triangle,test,kaggle_2d
data\raw\kaggle_2d_shapes\triangle\triangle_20739.png,triangle,train,kaggle_2d
data\raw\kaggle_2d_shapes\triangle\triangle_15193.png,triangle,test,kaggle_2d
data\raw\kaggle_2d_shapes\triangle\triangle_16766.png,triangle,train,kaggle_2d
data\raw\kaggle_2d_shapes\triangle\triangle_48164.png,triangle,train,kaggle_2d
data\raw\kaggle_2d_shapes\triangle\triangle_49050.png,triangle,train,kaggle_2d
data\raw\kaggle_2d_shapes\triangle\triangle_47370.png,triangle,train,kaggle_2d
data\raw\kaggle_2d_shapes\triangle\triangle_18731.png,triangle,train,kaggle_2d
data\raw\kaggle_2d_shapes\triangle\triangle_29982.png,triangle,train,kaggle_2d
data\raw\kaggle_2d_shapes\triangle\triangle_14750.png,triangle,train,kaggle_2d
data\raw\kaggle_2d_shapes\triangle\triangle_49256.png,triangle,test,kaggle_2d
data\raw\kaggle_2d_shapes\triangle\triangle_34511.png,triangle,test,kaggle_2d
data\raw\kaggle_2d_shapes\triangle\triangle_17349.png,triangle,train,kaggle_2d
data\raw\kaggle_2d_shapes\triangle\triangle_7438.png,triangle,train,kaggle_2d
data\raw\kaggle_2d_shapes\triangle\triangle_20458.png,triangle,train,kaggle_2d
data\raw\kaggle_2d_shapes\triangle\triangle_22106.png,triangle,train,kaggle_2d
data\raw\kaggle_2d_shapes\triangle\triangle_19382.png,triangle,train,kaggle_2d
data\raw\kaggle_2d_shapes\triangle\triangle_39030.png,triangle,train,kaggle_2d
data\raw\kaggle_2d_shapes\triangle\triangle_21033.png,triangle,train,kaggle_2d
data\raw\kaggle_2d_shapes\triangle\triangle_32555.png,triangle,train,kaggle_2d
data\raw\kaggle_2d_shapes\triangle\triangle_48566.png,triangle,test,kaggle_2d
data\raw\kaggle_2d_shapes\triangle\triangle_47756.png,triangle,test,kaggle_2d
data\raw\kaggle_2d_shapes\triangle\triangle_33247.png,triangle,train,kaggle_2d
data\raw\kaggle_2d_shapes\triangle\triangle_37838.png,triangle,train,kaggle_2d
data\raw\kaggle_2d_shapes\triangle\triangle_5904.png,triangle,train,kaggle_2d
data\raw\kaggle_2d_shapes\triangle\triangle_16939.png,triangle,train,kaggle_2d
data\raw\kaggle_2d_shapes\triangle\triangle_25210.png,triangle,train,kaggle_2d
data\raw\kaggle_2d_shapes\triangle\triangle_8849.png,triangle,train,kaggle_2d
data\raw\kaggle_2d_shapes\triangle\triangle_47625.png,triangle,train,kaggle_2d
data\raw\kaggle_2d_shapes\triangle\triangle_27922.png,triangle,train,kaggle_2d
data\raw\kaggle_2d_shapes\triangle\triangle_44551.png,triangle,test,kaggle_2d
data\raw\kaggle_2d_shapes\triangle\triangle_12002.png,triangle,train,kaggle_2d
data\raw\kaggle_2d_shapes\triangle\triangle_31237.png,triangle,test,kaggle_2d
data\raw\kaggle_2d_shapes\triangle\triangle_6864.png,triangle,train,kaggle_2d
data\raw\kaggle_2d_shapes\triangle\triangle_17446.png,triangle,train,kaggle_2d
data\raw\kaggle_2d_shapes\triangle\triangle_41450.png,triangle,train,kaggle_2d
data\raw\kaggle_2d_shapes\triangle\triangle_22676.png,triangle,test,kaggle_2d
data\raw\kaggle_2d_shapes\triangle\triangle_2841.png,triangle,train,kaggle_2d
data\raw\kaggle_2d_shapes\triangle\triangle_11613.png,triangle,train,kaggle_2d
data\raw\kaggle_2d_shapes\triangle\triangle_10537.png,triangle,test,kaggle_2d
data\raw\kaggle_2d_shapes\triangle\triangle_7336.png,triangle,train,kaggle_2d
data\raw\kaggle_2d_shapes\triangle\triangle_17757.png,triangle,train,kaggle_2d
data\raw\kaggle_2d_shapes\triangle\triangle_33568.png,triangle,test,kaggle_2d
data\raw\kaggle_2d_shapes\triangle\triangle_36396.png,triangle,test,kaggle_2d
data\raw\kaggle_2d_shapes\triangle\triangle_10479.png,triangle,train,kaggle_2d
data\raw\kaggle_2d_shapes\triangle\triangle_16404.png,triangle,train,kaggle_2d
data\raw\kaggle_2d_shapes\triangle\triangle_41742.png,triangle,train,kaggle_2d
data\raw\kaggle_2d_shapes\triangle\triangle_20942.png,triangle,train,kaggle_2d
data\raw\kaggle_2d_shapes\triangle\triangle_14719.png,triangle,test,kaggle_2d
data\raw\kaggle_2d_shapes\triangle\triangle_5682.png,triangle,train,kaggle_2d
data\raw\kaggle_2d_shapes\triangle\triangle_25239.png,triangle,test,kaggle_2d
data\raw\kaggle_2d_shapes\triangle\triangle_37359.png,triangle,train,kaggle_2d
data\raw\kaggle_2d_shapes\triangle\triangle_41812.png,triangle,train,kaggle_2d
data\raw\kaggle_2d_shapes\triangle\triangle_32428.png,triangle,train,kaggle_2d
data\raw\kaggle_2d_shapes\triangle\triangle_42876.png,triangle,train,kaggle_2d
data\raw\kaggle_2d_shapes\triangle\triangle_16890.png,triangle,train,kaggle_2d
data\raw\kaggle_2d_shapes\triangle\triangle_36944.png,triangle,train,kaggle_2d
data\raw\kaggle_2d_shapes\triangle\triangle_5743.png,triangle,train,kaggle_2d
data\raw\kaggle_2d_shapes\triangle\triangle_28752.png,triangle,train,kaggle_2d
data\raw\kaggle_2d_shapes\triangle\triangle_29332.png,triangle,train,kaggle_2d
data\raw\kaggle_2d_shapes\triangle\triangle_5631.png,triangle,train,kaggle_2d
data\raw\kaggle_2d_shapes\triangle\triangle_5064.png,triangle,train,kaggle_2d
data\raw\kaggle_2d_shapes\triangle\triangle_44284.png,triangle,train,kaggle_2d
data\raw\kaggle_2d_shapes\triangle\triangle_35645.png,triangle,train,kaggle_2d
data\raw\kaggle_2d_shapes\triangle\triangle_6270.png,triangle,train,kaggle_2d
data\raw\kaggle_2d_shapes\triangle\triangle_48421.png,triangle,train,kaggle_2d
data\raw\kaggle_2d_shapes\triangle\triangle_10382.png,triangle,train,kaggle_2d
data\raw\kaggle_2d_shapes\triangle\triangle_4446.png,triangle,test,kaggle_2d
data\raw\kaggle_2d_shapes\triangle\triangle_9404.png,triangle,test,kaggle_2d
data\raw\kaggle_2d_shapes\triangle\triangle_43019.png,triangle,test,kaggle_2d
data\raw\kaggle_2d_shapes\triangle\triangle_2371.png,triangle,train,kaggle_2d
data\raw\kaggle_2d_shapes\triangle\triangle_30171.png,triangle,test,kaggle_2d
data\raw\kaggle_2d_shapes\triangle\triangle_31542.png,triangle,train,kaggle_2d
data\raw\kaggle_2d_shapes\triangle\triangle_10326.png,triangle,train,kaggle_2d
data\raw\kaggle_2d_shapes\triangle\triangle_45285.png,triangle,test,kaggle_2d
data\raw\kaggle_2d_shapes\triangle\triangle_48301.png,triangle,test,kaggle_2d
data\raw\kaggle_2d_shapes\triangle\triangle_36955.png,triangle,test,kaggle_2d
data\raw\kaggle_2d_shapes\square\square_44920.png,square,train,kaggle_2d
data\raw\kaggle_2d_shapes\square\square_45595.png,square,test,kaggle_2d
data\raw\kaggle_2d_shapes\square\square_31461.png,square,train,kaggle_2d
data\raw\kaggle_2d_shapes\square\square_20903.png,square,train,kaggle_2d
data\raw\kaggle_2d_shapes\square\square_2848.png,square,train,kaggle_2d
data\raw\kaggle_2d_shapes\square\square_41893.png,square,train,kaggle_2d
data\raw\kaggle_2d_shapes\square\square_15919.png,square,test,kaggle_2d
data\raw\kaggle_2d_shapes\square\square_12566.png,square,test,kaggle_2d
data\raw\kaggle_2d_shapes\square\square_338.png,square,train,kaggle_2d
data\raw\kaggle_2d_shapes\square\square_42818.png,square,train,kaggle_2d
data\raw\kaggle_2d_shapes\square\square_34330.png,square,test,kaggle_2d
data\raw\kaggle_2d_shapes\square\square_25208.png,square,train,kaggle_2d
data\raw\kaggle_2d_shapes\square\square_15872.png,square,train,kaggle_2d
data\raw\kaggle_2d_shapes\square\square_29070.png,square,train,kaggle_2d
data\raw\kaggle_2d_shapes\square\square_38060.png,square,train,kaggle_2d
data\raw\kaggle_2d_shapes\square\square_46627.png,square,train,kaggle_2d
data\raw\kaggle_2d_shapes\square\square_30286.png,square,train,kaggle_2d
data\raw\kaggle_2d_shapes\square\square_33373.png,square,test,kaggle_2d
data\raw\kaggle_2d_shapes\square\square_44851.png,square,test,kaggle_2d
data\raw\kaggle_2d_shapes\square\square_7785.png,square,test,kaggle_2d
data\raw\kaggle_2d_shapes\square\square_90.png,square,train,kaggle_2d
data\raw\kaggle_2d_shapes\square\square_45472.png,square,train,kaggle_2d
data\raw\kaggle_2d_shapes\square\square_40528.png,square,train,kaggle_2d
data\raw\kaggle_2d_shapes\square\square_12688.png,square,train,kaggle_2d
data\raw\kaggle_2d_shapes\square\square_36511.png,square,train,kaggle_2d
data\raw\kaggle_2d_shapes\square\square_2854.png,square,train,kaggle_2d
data\raw\kaggle_2d_shapes\square\square_16982.png,square,train,kaggle_2d
data\raw\kaggle_2d_shapes\square\square_30995.png,square,train,kaggle_2d
data\raw\kaggle_2d_shapes\square\square_6911.png,square,train,kaggle_2d
data\raw\kaggle_2d_shapes\square\square_15898.png,square,train,kaggle_2d
data\raw\kaggle_2d_shapes\square\square_33396.png,square,train,kaggle_2d
data\raw\kaggle_2d_shapes\square\square_47741.png,square,train,kaggle_2d
data\raw\kaggle_2d_shapes\square\square_13336.png,square,train,kaggle_2d
data\raw\kaggle_2d_shapes\square\square_37778.png,square,train,kaggle_2d
data\raw\kaggle_2d_shapes\square\square_27707.png,square,train,kaggle_2d
data\raw\kaggle_2d_shapes\square\square_37081.png,square,test,kaggle_2d
data\raw\kaggle_2d_shapes\square\square_28242.png,square,train,kaggle_2d
data\raw\kaggle_2d_shapes\square\square_16179.png,square,train,kaggle_2d
data\raw\kaggle_2d_shapes\square\square_9153.png,square,train,kaggle_2d
data\raw\kaggle_2d_shapes\square\square_48002.png,square,train,kaggle_2d
data\raw\kaggle_2d_shapes\square\square_45736.png,square,train,kaggle_2d
data\raw\kaggle_2d_shapes\square\square_17295.png,square,train,kaggle_2d
data\raw\kaggle_2d_shapes\square\square_35506.png,square,train,kaggle_2d
data\raw\kaggle_2d_shapes\square\square_10382.png,square,train,kaggle_2d
data\raw\kaggle_2d_shapes\square\square_15417.png,square,train,kaggle_2d
data\raw\kaggle_2d_shapes\square\square_35580.png,square,train,kaggle_2d
data\raw\kaggle_2d_shapes\square\square_9236.png,square,train,kaggle_2d
data\raw\kaggle_2d_shapes\square\square_12021.png,square,train,kaggle_2d
data\raw\kaggle_2d_shapes\square\square_33477.png,square,train,kaggle_2d
data\raw\kaggle_2d_shapes\square\square_3890.png,square,train,kaggle_2d
data\raw\kaggle_2d_shapes\square\square_49470.png,square,test,kaggle_2d
data\raw\kaggle_2d_shapes\square\square_17059.png,square,train,kaggle_2d
data\raw\kaggle_2d_shapes\square\square_18324.png,square,train,kaggle_2d
data\raw\kaggle_2d_shapes\square\square_15667.png,square,test,kaggle_2d
data\raw\kaggle_2d_shapes\square\square_26678.png,square,test,kaggle_2d
data\raw\kaggle_2d_shapes\square\square_27337.png,square,train,kaggle_2d
data\raw\kaggle_2d_shapes\square\square_20491.png,square,train,kaggle_2d
data\raw\kaggle_2d_shapes\square\square_12093.png,square,train,kaggle_2d
data\raw\kaggle_2d_shapes\square\square_49789.png,square,train,kaggle_2d
data\raw\kaggle_2d_shapes\square\square_24019.png,square,train,kaggle_2d
data\raw\kaggle_2d_shapes\square\square_2496.png,square,train,kaggle_2d
data\raw\kaggle_2d_shapes\square\square_35807.png,square,train,kaggle_2d
data\raw\kaggle_2d_shapes\square\square_16019.png,square,train,kaggle_2d
data\raw\kaggle_2d_shapes\square\square_18057.png,square,train,kaggle_2d
data\raw\kaggle_2d_shapes\square\square_10809.png,square,train,kaggle_2d
data\raw\kaggle_2d_shapes\square\square_47089.png,square,train,kaggle_2d
data\raw\kaggle_2d_shapes\square\square_11349.png,square,test,kaggle_2d
data\raw\kaggle_2d_shapes\square\square_1164.png,square,train,kaggle_2d
data\raw\kaggle_2d_shapes\square\square_20548.png,square,train,kaggle_2d
data\raw\kaggle_2d_shapes\square\square_31660.png,square,train,kaggle_2d
data\raw\kaggle_2d_shapes\square\square_35789.png,square,train,kaggle_2d
data\raw\kaggle_2d_shapes\square\square_42206.png,square,train,kaggle_2d
data\raw\kaggle_2d_shapes\square\square_42333.png,square,train,kaggle_2d
data\raw\kaggle_2d_shapes\square\square_36620.png,square,train,kaggle_2d
data\raw\kaggle_2d_shapes\square\square_25347.png,square,train,kaggle_2d
data\raw\kaggle_2d_shapes\square\square_33134.png,square,train,kaggle_2d
data\raw\kaggle_2d_shapes\square\square_23458.png,square,train,kaggle_2d
data\raw\kaggle_2d_shapes\square\square_19416.png,square,test,kaggle_2d
data\raw\kaggle_2d_shapes\square\square_35148.png,square,train,kaggle_2d
data\raw\kaggle_2d_shapes\square\square_436.png,square,train,kaggle_2d
data\raw\kaggle_2d_shapes\square\square_11033.png,square,train,kaggle_2d
data\raw\kaggle_2d_shapes\square\square_23655.png,square,test,kaggle_2d
data\raw\kaggle_2d_shapes\square\square_14469.png,square,train,kaggle_2d
data\raw\kaggle_2d_shapes\square\square_32652.png,square,train,kaggle_2d
data\raw\kaggle_2d_shapes\square\square_15414.png,square,test,kaggle_2d
data\raw\kaggle_2d_shapes\square\square_31189.png,square,train,kaggle_2d
data\raw\kaggle_2d_shapes\square\square_24157.png,square,test,kaggle_2d
data\raw\kaggle_2d_shapes\square\square_48050.png,square,test,kaggle_2d
data\raw\kaggle_2d_shapes\square\square_23169.png,square,train,kaggle_2d
data\raw\kaggle_2d_shapes\square\square_47271.png,square,train,kaggle_2d
data\raw\kaggle_2d_shapes\square\square_28322.png,square,train,kaggle_2d
data\raw\kaggle_2d_shapes\square\square_24751.png,square,test,kaggle_2d
data\raw\kaggle_2d_shapes\square\square_16603.png,square,train,kaggle_2d
data\raw\kaggle_2d_shapes\square\square_14980.png,square,train,kaggle_2d
data\raw\kaggle_2d_shapes\square\square_44665.png,square,train,kaggle_2d
data\raw\kaggle_2d_shapes\square\square_21379.png,square,test,kaggle_2d
data\raw\kaggle_2d_shapes\square\square_16415.png,square,test,kaggle_2d
data\raw\kaggle_2d_shapes\square\square_14348.png,square,train,kaggle_2d
data\raw\kaggle_2d_shapes\square\square_37732.png,square,train,kaggle_2d
data\raw\kaggle_2d_shapes\square\square_43191.png,square,train,kaggle_2d
data\raw\kaggle_2d_shapes\square\square_44649.png,square,train,kaggle_2d
data\raw\kaggle_2d_shapes\square\square_38153.png,square,train,kaggle_2d
data\raw\kaggle_2d_shapes\square\square_22920.png,square,train,kaggle_2d
data\raw\kaggle_2d_shapes\square\square_8841.png,square,train,kaggle_2d
data\raw\kaggle_2d_shapes\square\square_16696.png,square,train,kaggle_2d
data\raw\kaggle_2d_shapes\square\square_43924.png,square,train,kaggle_2d
data\raw\kaggle_2d_shapes\square\square_24884.png,square,train,kaggle_2d
data\raw\kaggle_2d_shapes\square\square_43289.png,square,train,kaggle_2d
data\raw\kaggle_2d_shapes\square\square_36564.png,square,train,kaggle_2d
data\raw\kaggle_2d_shapes\square\square_26825.png,square,train,kaggle_2d
data\raw\kaggle_2d_shapes\square\square_14204.png,square,train,kaggle_2d
data\raw\kaggle_2d_shapes\square\square_8009.png,square,test,kaggle_2d
data\raw\kaggle_2d_shapes\square\square_17241.png,square,test,kaggle_2d
data\raw\kaggle_2d_shapes\square\square_8968.png,square,test,kaggle_2d
data\raw\kaggle_2d_shapes\square\square_49301.png,square,train,kaggle_2d
data\raw\kaggle_2d_shapes\square\square_27226.png,square,train,kaggle_2d
data\raw\kaggle_2d_shapes\square\square_14961.png,square,train,kaggle_2d
data\raw\kaggle_2d_shapes\square\square_20913.png,square,train,kaggle_2d
data\raw\kaggle_2d_shapes\square\square_7219.png,square,test,kaggle_2d
data\raw\kaggle_2d_shapes\square\square_16592.png,square,test,kaggle_2d
data\raw\kaggle_2d_shapes\square\square_12431.png,square,train,kaggle_2d
data\raw\kaggle_2d_shapes\square\square_43765.png,square,train,kaggle_2d
data\raw\kaggle_2d_shapes\square\square_49615.png,square,train,kaggle_2d
data\raw\kaggle_2d_shapes\square\square_10454.png,square,train,kaggle_2d
data\raw\kaggle_2d_shapes\square\square_28394.png,square,train,kaggle_2d
data\raw\kaggle_2d_shapes\square\square_33952.png,square,train,kaggle_2d
data\raw\kaggle_2d_shapes\square\square_9453.png,square,train,kaggle_2d
data\raw\kaggle_2d_shapes\square\square_49890.png,square,train,kaggle_2d
data\raw\kaggle_2d_shapes\square\square_9947.png,square,train,kaggle_2d
data\raw\kaggle_2d_shapes\square\square_40948.png,square,train,kaggle_2d
data\raw\kaggle_2d_shapes\square\square_1735.png,square,test,kaggle_2d
data\raw\kaggle_2d_shapes\square\square_7012.png,square,test,kaggle_2d
data\raw\kaggle_2d_shapes\square\square_44667.png,square,train,kaggle_2d
data\raw\kaggle_2d_shapes\square\square_39696.png,square,train,kaggle_2d
data\raw\kaggle_2d_shapes\square\square_26897.png,square,train,kaggle_2d
data\raw\kaggle_2d_shapes\square\square_27654.png,square,train,kaggle_2d
data\raw\kaggle_2d_shapes\square\square_26745.png,square,train,kaggle_2d
data\raw\kaggle_2d_shapes\square\square_42971.png,square,train,kaggle_2d
data\raw\kaggle_2d_shapes\square\square_21316.png,square,train,kaggle_2d
data\raw\kaggle_2d_shapes\square\square_47730.png,square,train,kaggle_2d
data\raw\kaggle_2d_shapes\square\square_21360.png,square,train,kaggle_2d
data\raw\kaggle_2d_shapes\square\square_31017.png,square,train,kaggle_2d
data\raw\kaggle_2d_shapes\square\square_37339.png,square,train,kaggle_2d
data\raw\kaggle_2d_shapes\square\square_42238.png,square,test,kaggle_2d
data\raw\kaggle_2d_shapes\square\square_19055.png,square,train,kaggle_2d
data\raw\kaggle_2d_shapes\square\square_38752.png,square,train,kaggle_2d
data\raw\kaggle_2d_shapes\square\square_16408.png,square,test,kaggle_2d
data\raw\kaggle_2d_shapes\square\square_21965.png,square,train,kaggle_2d
data\raw\kaggle_2d_shapes\square\square_37299.png,square,train,kaggle_2d
data\raw\kaggle_2d_shapes\square\square_23215.png,square,train,kaggle_2d
data\raw\kaggle_2d_shapes\square\square_18880.png,square,test,kaggle_2d
data\raw\kaggle_2d_shapes\square\square_33262.png,square,train,kaggle_2d
data\raw\kaggle_2d_shapes\square\square_4504.png,square,train,kaggle_2d
data\raw\kaggle_2d_shapes\square\square_15645.png,square,train,kaggle_2d
data\raw\kaggle_2d_shapes\square\square_44109.png,square,train,kaggle_2d
data\raw\kaggle_2d_shapes\square\square_3381.png,square,train,kaggle_2d
data\raw\kaggle_2d_shapes\square\square_27086.png,square,train,kaggle_2d
data\raw\kaggle_2d_shapes\square\square_49327.png,square,train,kaggle_2d
data\raw\kaggle_2d_shapes\square\square_17983.png,square,train,kaggle_2d
data\raw\kaggle_2d_shapes\square\square_42081.png,square,train,kaggle_2d
data\raw\kaggle_2d_shapes\square\square_12254.png,square,test,kaggle_2d
data\raw\kaggle_2d_shapes\square\square_12759.png,square,test,kaggle_2d
data\raw\kaggle_2d_shapes\square\square_7505.png,square,train,kaggle_2d
data\raw\kaggle_2d_shapes\square\square_31583.png,square,train,kaggle_2d
data\raw\kaggle_2d_shapes\square\square_21832.png,square,test,kaggle_2d
data\raw\kaggle_2d_shapes\square\square_30383.png,square,test,kaggle_2d
data\raw\kaggle_2d_shapes\square\square_15625.png,square,train,kaggle_2d
data\raw\kaggle_2d_shapes\square\square_1607.png,square,train,kaggle_2d
data\raw\kaggle_2d_shapes\square\square_12555.png,square,train,kaggle_2d
data\raw\kaggle_2d_shapes\square\square_33840.png,square,train,kaggle_2d
data\raw\kaggle_2d_shapes\square\square_24453.png,square,train,kaggle_2d
data\raw\kaggle_2d_shapes\square\square_46041.png,square,train,kaggle_2d
data\raw\kaggle_2d_shapes\square\square_47493.png,square,train,kaggle_2d
data\raw\kaggle_2d_shapes\square\square_4823.png,square,train,kaggle_2d
data\raw\kaggle_2d_shapes\square\square_9056.png,square,test,kaggle_2d
data\raw\kaggle_2d_shapes\square\square_5432.png,square,train,kaggle_2d
data\raw\kaggle_2d_shapes\square\square_6406.png,square,train,kaggle_2d
data\raw\kaggle_2d_shapes\square\square_32586.png,square,test,kaggle_2d
data\raw\kaggle_2d_shapes\square\square_14067.png,square,train,kaggle_2d
data\raw\kaggle_2d_shapes\square\square_47368.png,square,train,kaggle_2d
data\raw\kaggle_2d_shapes\square\square_48226.png,square,train,kaggle_2d
data\raw\kaggle_2d_shapes\square\square_3204.png,square,test,kaggle_2d
data\raw\kaggle_2d_shapes\square\square_42443.png,square,train,kaggle_2d
data\raw\kaggle_2d_shapes\square\square_11059.png,square,train,kaggle_2d
data\raw\kaggle_2d_shapes\square\square_9290.png,square,train,kaggle_2d
data\raw\kaggle_2d_shapes\square\square_13669.png,square,train,kaggle_2d
data\raw\kaggle_2d_shapes\square\square_30404.png,square,train,kaggle_2d
data\raw\kaggle_2d_shapes\square\square_27669.png,square,test,kaggle_2d
data\raw\kaggle_2d_shapes\square\square_34713.png,square,train,kaggle_2d
data\raw\kaggle_2d_shapes\square\square_47757.png,square,train,kaggle_2d
data\raw\kaggle_2d_shapes\square\square_7262.png,square,train,kaggle_2d
data\raw\kaggle_2d_shapes\square\square_10738.png,square,train,kaggle_2d
data\raw\kaggle_2d_shapes\square\square_49743.png,square,train,kaggle_2d
data\raw\kaggle_2d_shapes\square\square_29139.png,square,test,kaggle_2d
data\raw\kaggle_2d_shapes\square\square_46735.png,square,test,kaggle_2d
data\raw\kaggle_2d_shapes\square\square_49736.png,square,train,kaggle_2d
data\raw\kaggle_2d_shapes\square\square_41608.png,square,test,kaggle_2d
data\raw\kaggle_2d_shapes\square\square_44112.png,square,train,kaggle_2d
data\raw\kaggle_2d_shapes\square\square_46798.png,square,train,kaggle_2d
data\raw\kaggle_2d_shapes\square\square_12251.png,square,train,kaggle_2d
data\raw\kaggle_2d_shapes\square\square_7224.png,square,train,kaggle_2d
data\raw\kaggle_2d_shapes\square\square_47871.png,square,train,kaggle_2d
data\raw\kaggle_2d_shapes\square\square_36951.png,square,train,kaggle_2d
data\raw\kaggle_2d_shapes\square\square_34917.png,square,train,kaggle_2d
data\raw\kaggle_2d_shapes\square\square_8138.png,square,train,kaggle_2d
data\raw\kaggle_2d_shapes\square\square_15345.png,square,train,kaggle_2d
data\raw\kaggle_2d_shapes\square\square_11570.png,square,train,kaggle_2d
data\raw\kaggle_2d_shapes\square\square_43906.png,square,train,kaggle_2d
data\raw\kaggle_2d_shapes\square\square_39579.png,square,train,kaggle_2d
data\raw\kaggle_2d_shapes\square\square_17155.png,square,train,kaggle_2d
data\raw\kaggle_2d_shapes\square\square_12317.png,square,train,kaggle_2d
data\raw\kaggle_2d_shapes\square\square_18279.png,square,train,kaggle_2d
data\raw\kaggle_2d_shapes\square\square_21335.png,square,train,kaggle_2d
data\raw\kaggle_2d_shapes\square\square_48744.png,square,train,kaggle_2d
data\raw\kaggle_2d_shapes\square\square_33914.png,square,train,kaggle_2d
data\raw\kaggle_2d_shapes\square\square_29889.png,square,train,kaggle_2d
data\raw\kaggle_2d_shapes\square\square_7740.png,square,train,kaggle_2d
data\raw\kaggle_2d_shapes\square\square_7791.png,square,train,kaggle_2d
data\raw\kaggle_2d_shapes\square\square_1668.png,square,train,kaggle_2d
data\raw\kaggle_2d_shapes\square\square_26162.png,square,train,kaggle_2d
data\raw\kaggle_2d_shapes\square\square_6150.png,square,train,kaggle_2d
data\raw\kaggle_2d_shapes\square\square_10176.png,square,test,kaggle_2d
data\raw\kaggle_2d_shapes\square\square_6561.png,square,test,kaggle_2d
data\raw\kaggle_2d_shapes\square\square_18479.png,square,train,kaggle_2d
data\raw\kaggle_2d_shapes\square\square_25140.png,square,train,kaggle_2d
data\raw\kaggle_2d_shapes\square\square_49276.png,square,test,kaggle_2d
data\raw\kaggle_2d_shapes\square\square_14504.png,square,train,kaggle_2d
data\raw\kaggle_2d_shapes\square\square_46873.png,square,train,kaggle_2d
data\raw\kaggle_2d_shapes\square\square_2101.png,square,test,kaggle_2d
data\raw\kaggle_2d_shapes\square\square_25912.png,square,train,kaggle_2d
data\raw\kaggle_2d_shapes\square\square_31079.png,square,train,kaggle_2d
data\raw\kaggle_2d_shapes\square\square_35790.png,square,train,kaggle_2d
data\raw\kaggle_2d_shapes\square\square_32213.png,square,train,kaggle_2d
data\raw\kaggle_2d_shapes\square\square_30198.png,square,test,kaggle_2d
data\raw\kaggle_2d_shapes\square\square_40192.png,square,train,kaggle_2d
data\raw\kaggle_2d_shapes\square\square_27666.png,square,train,kaggle_2d
data\raw\kaggle_2d_shapes\square\square_27278.png,square,train,kaggle_2d
data\raw\kaggle_2d_shapes\square\square_28169.png,square,train,kaggle_2d
data\raw\kaggle_2d_shapes\square\square_17191.png,square,test,kaggle_2d
data\raw\kaggle_2d_shapes\square\square_20453.png,square,train,kaggle_2d
data\raw\kaggle_2d_shapes\square\square_5226.png,square,train,kaggle_2d
data\raw\kaggle_2d_shapes\square\square_48427.png,square,train,kaggle_2d
data\raw\kaggle_2d_shapes\square\square_26960.png,square,train,kaggle_2d
data\raw\kaggle_2d_shapes\square\square_18811.png,square,train,kaggle_2d
data\raw\kaggle_2d_shapes\square\square_5460.png,square,train,kaggle_2d
data\raw\kaggle_2d_shapes\square\square_25237.png,square,train,kaggle_2d
data\raw\kaggle_2d_shapes\square\square_28745.png,square,test,kaggle_2d
data\raw\kaggle_2d_shapes\square\square_39214.png,square,train,kaggle_2d
data\raw\kaggle_2d_shapes\square\square_20970.png,square,test,kaggle_2d
data\raw\kaggle_2d_shapes\square\square_493.png,square,train,kaggle_2d
data\raw\kaggle_2d_shapes\square\square_36399.png,square,train,kaggle_2d
data\raw\kaggle_2d_shapes\square\square_2998.png,square,train,kaggle_2d
data\raw\kaggle_2d_shapes\square\square_34867.png,square,train,kaggle_2d
data\raw\kaggle_2d_shapes\square\square_44534.png,square,train,kaggle_2d
data\raw\kaggle_2d_shapes\square\square_27670.png,square,test,kaggle_2d
data\raw\kaggle_2d_shapes\square\square_21154.png,square,test,kaggle_2d
data\raw\kaggle_2d_shapes\square\square_40667.png,square,test,kaggle_2d
data\raw\kaggle_2d_shapes\square\square_10100.png,square,train,kaggle_2d
data\raw\kaggle_2d_shapes\square\square_28002.png,square,train,kaggle_2d
data\raw\kaggle_2d_shapes\square\square_10142.png,square,train,kaggle_2d
data\raw\kaggle_2d_shapes\square\square_2330.png,square,test,kaggle_2d
data\raw\kaggle_2d_shapes\square\square_29295.png,square,train,kaggle_2d
data\raw\kaggle_2d_shapes\square\square_23789.png,square,test,kaggle_2d
data\raw\kaggle_2d_shapes\square\square_38834.png,square,test,kaggle_2d
data\raw\kaggle_2d_shapes\square\square_18925.png,square,train,kaggle_2d
data\raw\kaggle_2d_shapes\square\square_32509.png,square,test,kaggle_2d
data\raw\kaggle_2d_shapes\square\square_33513.png,square,train,kaggle_2d
data\raw\kaggle_2d_shapes\square\square_45703.png,square,train,kaggle_2d
data\raw\kaggle_2d_shapes\square\square_26026.png,square,train,kaggle_2d
data\raw\kaggle_2d_shapes\square\square_17721.png,square,train,kaggle_2d
data\raw\kaggle_2d_shapes\square\square_14015.png,square,train,kaggle_2d
data\raw\kaggle_2d_shapes\square\square_10555.png,square,train,kaggle_2d
data\raw\kaggle_2d_shapes\square\square_4029.png,square,train,kaggle_2d
data\raw\kaggle_2d_shapes\square\square_43349.png,square,train,kaggle_2d
data\raw\kaggle_2d_shapes\square\square_6896.png,square,train,kaggle_2d
data\raw\kaggle_2d_shapes\square\square_35589.png,square,train,kaggle_2d
data\raw\kaggle_2d_shapes\square\square_33254.png,square,train,kaggle_2d
data\raw\kaggle_2d_shapes\square\square_39252.png,square,train,kaggle_2d
data\raw\kaggle_2d_shapes\square\square_22461.png,square,train,kaggle_2d
data\raw\kaggle_2d_shapes\square\square_42623.png,square,train,kaggle_2d
data\raw\kaggle_2d_shapes\square\square_38670.png,square,train,kaggle_2d
data\raw\kaggle_2d_shapes\square\square_11351.png,square,train,kaggle_2d
data\raw\kaggle_2d_shapes\square\square_20333.png,square,train,kaggle_2d
data\raw\kaggle_2d_shapes\square\square_29705.png,square,train,kaggle_2d
data\raw\kaggle_2d_shapes\square\square_182.png,square,test,kaggle_2d
data\raw\kaggle_2d_shapes\square\square_42989.png,square,train,kaggle_2d
data\raw\kaggle_2d_shapes\square\square_49482.png,square,train,kaggle_2d
data\raw\kaggle_2d_shapes\square\square_18315.png,square,test,kaggle_2d
data\raw\kaggle_2d_shapes\square\square_28568.png,square,train,kaggle_2d
data\raw\kaggle_2d_shapes\square\square_33006.png,square,train,kaggle_2d
data\raw\kaggle_2d_shapes\square\square_8653.png,square,test,kaggle_2d
data\raw\kaggle_2d_shapes\square\square_44293.png,square,train,kaggle_2d
data\raw\kaggle_2d_shapes\square\square_6322.png,square,test,kaggle_2d
data\raw\kaggle_2d_shapes\square\square_14785.png,square,train,kaggle_2d
data\raw\kaggle_2d_shapes\square\square_17388.png,square,train,kaggle_2d
data\raw\kaggle_2d_shapes\square\square_7838.png,square,train,kaggle_2d
data\raw\kaggle_2d_shapes\square\square_8726.png,square,train,kaggle_2d
data\raw\kaggle_2d_shapes\square\square_11935.png,square,train,kaggle_2d
data\raw\kaggle_2d_shapes\square\square_35344.png,square,train,kaggle_2d
data\raw\kaggle_2d_shapes\square\square_34106.png,square,train,kaggle_2d
data\raw\kaggle_2d_shapes\square\square_36214.png,square,train,kaggle_2d
data\raw\kaggle_2d_shapes\square\square_21875.png,square,test,kaggle_2d
data\raw\kaggle_2d_shapes\square\square_13219.png,square,test,kaggle_2d
data\raw\kaggle_2d_shapes\square\square_39652.png,square,train,kaggle_2d
data\raw\kaggle_2d_shapes\square\square_475.png,square,train,kaggle_2d
data\raw\kaggle_2d_shapes\square\square_43329.png,square,train,kaggle_2d
data\raw\kaggle_2d_shapes\square\square_26085.png,square,train,kaggle_2d
data\raw\kaggle_2d_shapes\square\square_2540.png,square,train,kaggle_2d
data\raw\kaggle_2d_shapes\square\square_15542.png,square,train,kaggle_2d
data\raw\kaggle_2d_shapes\square\square_39401.png,square,train,kaggle_2d
data\raw\kaggle_2d_shapes\square\square_15734.png,square,test,kaggle_2d
data\raw\kaggle_2d_shapes\square\square_16874.png,square,train,kaggle_2d
data\raw\kaggle_2d_shapes\square\square_21627.png,square,test,kaggle_2d
data\raw\kaggle_2d_shapes\square\square_22202.png,square,train,kaggle_2d
data\raw\kaggle_2d_shapes\square\square_14025.png,square,train,kaggle_2d
data\raw\kaggle_2d_shapes\square\square_2187.png,square,train,kaggle_2d
data\raw\kaggle_2d_shapes\square\square_36111.png,square,train,kaggle_2d
data\raw\kaggle_2d_shapes\square\square_23283.png,square,train,kaggle_2d
data\raw\kaggle_2d_shapes\square\square_18145.png,square,test,kaggle_2d
data\raw\kaggle_2d_shapes\square\square_7147.png,square,train,kaggle_2d
data\raw\kaggle_2d_shapes\square\square_19149.png,square,test,kaggle_2d
data\raw\kaggle_2d_shapes\square\square_26885.png,square,train,kaggle_2d
data\raw\kaggle_2d_shapes\square\square_29524.png,square,test,kaggle_2d
data\raw\kaggle_2d_shapes\square\square_49312.png,square,train,kaggle_2d
data\raw\kaggle_2d_shapes\square\square_19490.png,square,train,kaggle_2d
data\raw\kaggle_2d_shapes\square\square_14680.png,square,train,kaggle_2d
data\raw\kaggle_2d_shapes\square\square_18417.png,square,train,kaggle_2d
data\raw\kaggle_2d_shapes\square\square_37697.png,square,test,kaggle_2d
data\raw\kaggle_2d_shapes\square\square_45724.png,square,train,kaggle_2d
data\raw\kaggle_2d_shapes\square\square_5826.png,square,test,kaggle_2d
data\raw\kaggle_2d_shapes\square\square_4355.png,square,train,kaggle_2d
data\raw\kaggle_2d_shapes\square\square_19973.png,square,train,kaggle_2d
data\raw\kaggle_2d_shapes\square\square_30945.png,square,train,kaggle_2d
data\raw\kaggle_2d_shapes\square\square_31422.png,square,train,kaggle_2d
data\raw\kaggle_2d_shapes\square\square_3480.png,square,train,kaggle_2d
data\raw\kaggle_2d_shapes\square\square_33891.png,square,train,kaggle_2d
data\raw\kaggle_2d_shapes\square\square_14430.png,square,train,kaggle_2d
data\raw\kaggle_2d_shapes\square\square_3402.png,square,train,kaggle_2d
data\raw\kaggle_2d_shapes\square\square_48549.png,square,train,kaggle_2d
data\raw\kaggle_2d_shapes\square\square_41308.png,square,train,kaggle_2d
data\raw\kaggle_2d_shapes\square\square_19334.png,square,train,kaggle_2d
data\raw\kaggle_2d_shapes\square\square_17415.png,square,train,kaggle_2d
data\raw\kaggle_2d_shapes\square\square_42719.png,square,train,kaggle_2d
data\raw\kaggle_2d_shapes\square\square_4722.png,square,train,kaggle_2d
data\raw\kaggle_2d_shapes\square\square_26236.png,square,train,kaggle_2d
data\raw\kaggle_2d_shapes\square\square_39211.png,square,train,kaggle_2d
data\raw\kaggle_2d_shapes\square\square_40505.png,square,train,kaggle_2d
data\raw\kaggle_2d_shapes\square\square_43777.png,square,train,kaggle_2d
data\raw\kaggle_2d_shapes\square\square_37533.png,square,test,kaggle_2d
data\raw\kaggle_2d_shapes\square\square_43199.png,square,train,kaggle_2d
data\raw\kaggle_2d_shapes\square\square_42586.png,square,train,kaggle_2d
data\raw\kaggle_2d_shapes\square\square_3726.png,square,train,kaggle_2d
data\raw\kaggle_2d_shapes\square\square_10071.png,square,train,kaggle_2d
data\raw\kaggle_2d_shapes\square\square_30967.png,square,train,kaggle_2d
data\raw\kaggle_2d_shapes\square\square_47483.png,square,train,kaggle_2d
data\raw\kaggle_2d_shapes\square\square_2666.png,square,train,kaggle_2d
data\raw\kaggle_2d_shapes\square\square_22678.png,square,train,kaggle_2d
data\raw\kaggle_2d_shapes\square\square_17981.png,square,train,kaggle_2d
data\raw\kaggle_2d_shapes\square\square_36018.png,square,test,kaggle_2d
data\raw\kaggle_2d_shapes\square\square_30905.png,square,train,kaggle_2d
data\raw\kaggle_2d_shapes\square\square_39927.png,square,train,kaggle_2d
data\raw\kaggle_2d_shapes\square\square_8005.png,square,train,kaggle_2d
data\raw\kaggle_2d_shapes\square\square_19534.png,square,train,kaggle_2d
data\raw\kaggle_2d_shapes\square\square_33767.png,square,train,kaggle_2d
data\raw\kaggle_2d_shapes\square\square_25353.png,square,train,kaggle_2d
data\raw\kaggle_2d_shapes\square\square_5080.png,square,test,kaggle_2d
data\raw\kaggle_2d_shapes\square\square_34741.png,square,train,kaggle_2d
data\raw\kaggle_2d_shapes\square\square_3038.png,square,train,kaggle_2d
data\raw\kaggle_2d_shapes\square\square_33895.png,square,train,kaggle_2d
data\raw\kaggle_2d_shapes\square\square_25406.png,square,train,kaggle_2d
data\raw\kaggle_2d_shapes\square\square_6153.png,square,test,kaggle_2d
data\raw\kaggle_2d_shapes\square\square_14717.png,square,train,kaggle_2d
data\raw\kaggle_2d_shapes\square\square_44445.png,square,train,kaggle_2d
data\raw\kaggle_2d_shapes\square\square_9354.png,square,train,kaggle_2d
data\raw\kaggle_2d_shapes\square\square_23523.png,square,test,kaggle_2d
data\raw\kaggle_2d_shapes\square\square_37669.png,square,train,kaggle_2d
data\raw\kaggle_2d_shapes\square\square_38010.png,square,train,kaggle_2d
data\raw\kaggle_2d_shapes\square\square_49372.png,square,train,kaggle_2d
data\raw\kaggle_2d_shapes\square\square_26245.png,square,train,kaggle_2d
data\raw\kaggle_2d_shapes\square\square_19281.png,square,train,kaggle_2d
data\raw\kaggle_2d_shapes\square\square_28334.png,square,test,kaggle_2d
data\raw\kaggle_2d_shapes\square\square_25587.png,square,train,kaggle_2d
data\raw\kaggle_2d_shapes\square\square_13971.png,square,train,kaggle_2d
data\raw\kaggle_2d_shapes\square\square_28059.png,square,test,kaggle_2d
data\raw\kaggle_2d_shapes\square\square_13223.png,square,test,kaggle_2d
data\raw\kaggle_2d_shapes\square\square_19476.png,square,test,kaggle_2d
data\raw\kaggle_2d_shapes\square\square_6699.png,square,train,kaggle_2d
data\raw\kaggle_2d_shapes\square\square_36179.png,square,train,kaggle_2d
data\raw\kaggle_2d_shapes\square\square_47942.png,square,train,kaggle_2d
data\raw\kaggle_2d_shapes\square\square_20994.png,square,test,kaggle_2d
data\raw\kaggle_2d_shapes\square\square_49056.png,square,train,kaggle_2d
data\raw\kaggle_2d_shapes\square\square_13029.png,square,train,kaggle_2d
data\raw\kaggle_2d_shapes\square\square_8643.png,square,train,kaggle_2d
data\raw\kaggle_2d_shapes\square\square_10135.png,square,train,kaggle_2d
data\raw\kaggle_2d_shapes\square\square_40669.png,square,train,kaggle_2d
data\raw\kaggle_2d_shapes\square\square_2429.png,square,test,kaggle_2d
data\raw\kaggle_2d_shapes\square\square_6273.png,square,train,kaggle_2d
data\raw\kaggle_2d_shapes\square\square_6214.png,square,train,kaggle_2d
data\raw\kaggle_2d_shapes\square\square_970.png,square,train,kaggle_2d
data\raw\kaggle_2d_shapes\square\square_25328.png,square,train,kaggle_2d
data\raw\kaggle_2d_shapes\pentagon\pentagon_37265.png,pentagon,test,kaggle_2d
data\raw\kaggle_2d_shapes\pentagon\pentagon_833.png,pentagon,train,kaggle_2d
data\raw\kaggle_2d_shapes\pentagon\pentagon_33469.png,pentagon,test,kaggle_2d
data\raw\kaggle_2d_shapes\pentagon\pentagon_30893.png,pentagon,train,kaggle_2d
data\raw\kaggle_2d_shapes\pentagon\pentagon_35355.png,pentagon,test,kaggle_2d
data\raw\kaggle_2d_shapes\pentagon\pentagon_26565.png,pentagon,train,kaggle_2d
data\raw\kaggle_2d_shapes\pentagon\pentagon_14688.png,pentagon,test,kaggle_2d
data\raw\kaggle_2d_shapes\pentagon\pentagon_34594.png,pentagon,test,kaggle_2d
data\raw\kaggle_2d_shapes\pentagon\pentagon_33539.png,pentagon,train,kaggle_2d
data\raw\kaggle_2d_shapes\pentagon\pentagon_19185.png,pentagon,train,kaggle_2d
data\raw\kaggle_2d_shapes\pentagon\pentagon_25373.png,pentagon,train,kaggle_2d
data\raw\kaggle_2d_shapes\pentagon\pentagon_12205.png,pentagon,test,kaggle_2d
data\raw\kaggle_2d_shapes\pentagon\pentagon_46366.png,pentagon,train,kaggle_2d
data\raw\kaggle_2d_shapes\pentagon\pentagon_42493.png,pentagon,test,kaggle_2d
data\raw\kaggle_2d_shapes\pentagon\pentagon_14659.png,pentagon,train,kaggle_2d
data\raw\kaggle_2d_shapes\pentagon\pentagon_32099.png,pentagon,train,kaggle_2d
data\raw\kaggle_2d_shapes\pentagon\pentagon_32688.png,pentagon,train,kaggle_2d
data\raw\kaggle_2d_shapes\pentagon\pentagon_7396.png,pentagon,train,kaggle_2d
data\raw\kaggle_2d_shapes\pentagon\pentagon_27044.png,pentagon,train,kaggle_2d
data\raw\kaggle_2d_shapes\pentagon\pentagon_4818.png,pentagon,train,kaggle_2d
data\raw\kaggle_2d_shapes\pentagon\pentagon_22878.png,pentagon,train,kaggle_2d
data\raw\kaggle_2d_shapes\pentagon\pentagon_14625.png,pentagon,test,kaggle_2d
data\raw\kaggle_2d_shapes\pentagon\pentagon_8116.png,pentagon,train,kaggle_2d
data\raw\kaggle_2d_shapes\pentagon\pentagon_17044.png,pentagon,train,kaggle_2d
data\raw\kaggle_2d_shapes\pentagon\pentagon_33588.png,pentagon,train,kaggle_2d
data\raw\kaggle_2d_shapes\pentagon\pentagon_49203.png,pentagon,test,kaggle_2d
data\raw\kaggle_2d_shapes\pentagon\pentagon_31276.png,pentagon,train,kaggle_2d
data\raw\kaggle_2d_shapes\pentagon\pentagon_15781.png,pentagon,test,kaggle_2d
data\raw\kaggle_2d_shapes\pentagon\pentagon_4918.png,pentagon,train,kaggle_2d
data\raw\kaggle_2d_shapes\pentagon\pentagon_27439.png,pentagon,train,kaggle_2d
data\raw\kaggle_2d_shapes\pentagon\pentagon_41003.png,pentagon,train,kaggle_2d
data\raw\kaggle_2d_shapes\pentagon\pentagon_8249.png,pentagon,train,kaggle_2d
data\raw\kaggle_2d_shapes\pentagon\pentagon_20740.png,pentagon,train,kaggle_2d
data\raw\kaggle_2d_shapes\pentagon\pentagon_601.png,pentagon,test,kaggle_2d
data\raw\kaggle_2d_shapes\pentagon\pentagon_49509.png,pentagon,train,kaggle_2d
data\raw\kaggle_2d_shapes\pentagon\pentagon_26130.png,pentagon,train,kaggle_2d
data\raw\kaggle_2d_shapes\pentagon\pentagon_35286.png,pentagon,train,kaggle_2d
data\raw\kaggle_2d_shapes\pentagon\pentagon_28754.png,pentagon,train,kaggle_2d
data\raw\kaggle_2d_shapes\pentagon\pentagon_40963.png,pentagon,train,kaggle_2d
data\raw\kaggle_2d_shapes\pentagon\pentagon_8189.png,pentagon,train,kaggle_2d
data\raw\kaggle_2d_shapes\pentagon\pentagon_5968.png,pentagon,train,kaggle_2d
data\raw\kaggle_2d_shapes\pentagon\pentagon_11611.png,pentagon,train,kaggle_2d
data\raw\kaggle_2d_shapes\pentagon\pentagon_42799.png,pentagon,test,kaggle_2d
data\raw\kaggle_2d_shapes\pentagon\pentagon_18737.png,pentagon,train,kaggle_2d
data\raw\kaggle_2d_shapes\pentagon\pentagon_45863.png,pentagon,train,kaggle_2d
data\raw\kaggle_2d_shapes\pentagon\pentagon_41723.png,pentagon,test,kaggle_2d
data\raw\kaggle_2d_shapes\pentagon\pentagon_35444.png,pentagon,test,kaggle_2d
data\raw\kaggle_2d_shapes\pentagon\pentagon_1847.png,pentagon,test,kaggle_2d
data\raw\kaggle_2d_shapes\pentagon\pentagon_11443.png,pentagon,train,kaggle_2d
data\raw\kaggle_2d_shapes\pentagon\pentagon_6585.png,pentagon,train,kaggle_2d
data\raw\kaggle_2d_shapes\pentagon\pentagon_33847.png,pentagon,test,kaggle_2d
data\raw\kaggle_2d_shapes\pentagon\pentagon_3100.png,pentagon,train,kaggle_2d
data\raw\kaggle_2d_shapes\pentagon\pentagon_26178.png,pentagon,train,kaggle_2d
data\raw\kaggle_2d_shapes\pentagon\pentagon_1806.png,pentagon,train,kaggle_2d
data\raw\kaggle_2d_shapes\pentagon\pentagon_36182.png,pentagon,train,kaggle_2d
data\raw\kaggle_2d_shapes\pentagon\pentagon_28696.png,pentagon,test,kaggle_2d
data\raw\kaggle_2d_shapes\pentagon\pentagon_47094.png,pentagon,train,kaggle_2d
data\raw\kaggle_2d_shapes\pentagon\pentagon_49755.png,pentagon,train,kaggle_2d
data\raw\kaggle_2d_shapes\pentagon\pentagon_22715.png,pentagon,train,kaggle_2d
data\raw\kaggle_2d_shapes\pentagon\pentagon_12612.png,pentagon,train,kaggle_2d
data\raw\kaggle_2d_shapes\pentagon\pentagon_7227.png,pentagon,test,kaggle_2d
data\raw\kaggle_2d_shapes\pentagon\pentagon_22902.png,pentagon,train,kaggle_2d
data\raw\kaggle_2d_shapes\pentagon\pentagon_13112.png,pentagon,train,kaggle_2d
data\raw\kaggle_2d_shapes\pentagon\pentagon_48468.png,pentagon,train,kaggle_2d
data\raw\kaggle_2d_shapes\pentagon\pentagon_34077.png,pentagon,train,kaggle_2d
data\raw\kaggle_2d_shapes\pentagon\pentagon_1602.png,pentagon,train,kaggle_2d
data\raw\kaggle_2d_shapes\pentagon\pentagon_26387.png,pentagon,train,kaggle_2d
data\raw\kaggle_2d_shapes\pentagon\pentagon_27957.png,pentagon,train,kaggle_2d
data\raw\kaggle_2d_shapes\pentagon\pentagon_25491.png,pentagon,train,kaggle_2d
data\raw\kaggle_2d_shapes\pentagon\pentagon_25198.png,pentagon,train,kaggle_2d
data\raw\kaggle_2d_shapes\pentagon\pentagon_40156.png,pentagon,train,kaggle_2d
data\raw\kaggle_2d_shapes\pentagon\pentagon_6581.png,pentagon,train,kaggle_2d
data\raw\kaggle_2d_shapes\pentagon\pentagon_46409.png,pentagon,test,kaggle_2d
data\raw\kaggle_2d_shapes\pentagon\pentagon_36783.png,pentagon,train,kaggle_2d
data\raw\kaggle_2d_shapes\pentagon\pentagon_36019.png,pentagon,train,kaggle_2d
data\raw\kaggle_2d_shapes\pentagon\pentagon_36189.png,pentagon,train,kaggle_2d
data\raw\kaggle_2d_shapes\pentagon\pentagon_23571.png,pentagon,train,kaggle_2d
data\raw\kaggle_2d_shapes\pentagon\pentagon_33763.png,pentagon,test,kaggle_2d
data\raw\kaggle_2d_shapes\pentagon\pentagon_34067.png,pentagon,train,kaggle_2d
data\raw\kaggle_2d_shapes\pentagon\pentagon_9347.png,pentagon,train,kaggle_2d
data\raw\kaggle_2d_shapes\pentagon\pentagon_11726.png,pentagon,train,kaggle_2d
data\raw\kaggle_2d_shapes\pentagon\pentagon_45695.png,pentagon,train,kaggle_2d
data\raw\kaggle_2d_shapes\pentagon\pentagon_35473.png,pentagon,train,kaggle_2d
data\raw\kaggle_2d_shapes\pentagon\pentagon_1842.png,pentagon,train,kaggle_2d
data\raw\kaggle_2d_shapes\pentagon\pentagon_433.png,pentagon,train,kaggle_2d
data\raw\kaggle_2d_shapes\pentagon\pentagon_33867.png,pentagon,train,kaggle_2d
data\raw\kaggle_2d_shapes\pentagon\pentagon_32285.png,pentagon,train,kaggle_2d
data\raw\kaggle_2d_shapes\pentagon\pentagon_44269.png,pentagon,train,kaggle_2d
data\raw\kaggle_2d_shapes\pentagon\pentagon_26570.png,pentagon,train,kaggle_2d
data\raw\kaggle_2d_shapes\pentagon\pentagon_15907.png,pentagon,train,kaggle_2d
data\raw\kaggle_2d_shapes\pentagon\pentagon_2890.png,pentagon,train,kaggle_2d
data\raw\kaggle_2d_shapes\pentagon\pentagon_29290.png,pentagon,test,kaggle_2d
data\raw\kaggle_2d_shapes\pentagon\pentagon_19630.png,pentagon,test,kaggle_2d
data\raw\kaggle_2d_shapes\pentagon\pentagon_49577.png,pentagon,train,kaggle_2d
data\raw\kaggle_2d_shapes\pentagon\pentagon_21243.png,pentagon,test,kaggle_2d
data\raw\kaggle_2d_shapes\pentagon\pentagon_3338.png,pentagon,train,kaggle_2d
data\raw\kaggle_2d_shapes\pentagon\pentagon_17257.png,pentagon,train,kaggle_2d
data\raw\kaggle_2d_shapes\pentagon\pentagon_32123.png,pentagon,train,kaggle_2d
data\raw\kaggle_2d_shapes\pentagon\pentagon_35859.png,pentagon,train,kaggle_2d
data\raw\kaggle_2d_shapes\pentagon\pentagon_45586.png,pentagon,train,kaggle_2d
data\raw\kaggle_2d_shapes\pentagon\pentagon_5989.png,pentagon,train,kaggle_2d
data\raw\kaggle_2d_shapes\pentagon\pentagon_12026.png,pentagon,train,kaggle_2d
data\raw\kaggle_2d_shapes\pentagon\pentagon_25305.png,pentagon,train,kaggle_2d
data\raw\kaggle_2d_shapes\pentagon\pentagon_7458.png,pentagon,train,kaggle_2d
data\raw\kaggle_2d_shapes\pentagon\pentagon_28540.png,pentagon,train,kaggle_2d
data\raw\kaggle_2d_shapes\pentagon\pentagon_5617.png,pentagon,train,kaggle_2d
data\raw\kaggle_2d_shapes\pentagon\pentagon_31629.png,pentagon,test,kaggle_2d
data\raw\kaggle_2d_shapes\pentagon\pentagon_8806.png,pentagon,train,kaggle_2d
data\raw\kaggle_2d_shapes\pentagon\pentagon_6314.png,pentagon,train,kaggle_2d
data\raw\kaggle_2d_shapes\pentagon\pentagon_30283.png,pentagon,train,kaggle_2d
data\raw\kaggle_2d_shapes\pentagon\pentagon_24593.png,pentagon,test,kaggle_2d
data\raw\kaggle_2d_shapes\pentagon\pentagon_40228.png,pentagon,train,kaggle_2d
data\raw\kaggle_2d_shapes\pentagon\pentagon_22135.png,pentagon,test,kaggle_2d
data\raw\kaggle_2d_shapes\pentagon\pentagon_7005.png,pentagon,train,kaggle_2d
data\raw\kaggle_2d_shapes\pentagon\pentagon_21538.png,pentagon,train,kaggle_2d
data\raw\kaggle_2d_shapes\pentagon\pentagon_6564.png,pentagon,train,kaggle_2d
data\raw\kaggle_2d_shapes\pentagon\pentagon_3105.png,pentagon,train,kaggle_2d
data\raw\kaggle_2d_shapes\pentagon\pentagon_32267.png,pentagon,train,kaggle_2d
data\raw\kaggle_2d_shapes\pentagon\pentagon_4576.png,pentagon,train,kaggle_2d
data\raw\kaggle_2d_shapes\pentagon\pentagon_38516.png,pentagon,train,kaggle_2d
data\raw\kaggle_2d_shapes\pentagon\pentagon_18133.png,pentagon,test,kaggle_2d
data\raw\kaggle_2d_shapes\pentagon\pentagon_28651.png,pentagon,test,kaggle_2d
data\raw\kaggle_2d_shapes\pentagon\pentagon_910.png,pentagon,train,kaggle_2d
data\raw\kaggle_2d_shapes\pentagon\pentagon_30205.png,pentagon,train,kaggle_2d
data\raw\kaggle_2d_shapes\pentagon\pentagon_18347.png,pentagon,train,kaggle_2d
data\raw\kaggle_2d_shapes\pentagon\pentagon_22129.png,pentagon,train,kaggle_2d
data\raw\kaggle_2d_shapes\pentagon\pentagon_4753.png,pentagon,test,kaggle_2d
data\raw\kaggle_2d_shapes\pentagon\pentagon_30690.png,pentagon,train,kaggle_2d
data\raw\kaggle_2d_shapes\pentagon\pentagon_2102.png,pentagon,train,kaggle_2d
data\raw\kaggle_2d_shapes\pentagon\pentagon_33485.png,pentagon,train,kaggle_2d
data\raw\kaggle_2d_shapes\pentagon\pentagon_8465.png,pentagon,train,kaggle_2d
data\raw\kaggle_2d_shapes\pentagon\pentagon_1957.png,pentagon,train,kaggle_2d
data\raw\kaggle_2d_shapes\pentagon\pentagon_23046.png,pentagon,test,kaggle_2d
data\raw\kaggle_2d_shapes\pentagon\pentagon_26611.png,pentagon,train,kaggle_2d
data\raw\kaggle_2d_shapes\pentagon\pentagon_22971.png,pentagon,train,kaggle_2d
data\raw\kaggle_2d_shapes\pentagon\pentagon_4772.png,pentagon,train,kaggle_2d
data\raw\kaggle_2d_shapes\pentagon\pentagon_19934.png,pentagon,train,kaggle_2d
data\raw\kaggle_2d_shapes\pentagon\pentagon_29327.png,pentagon,train,kaggle_2d
data\raw\kaggle_2d_shapes\pentagon\pentagon_49785.png,pentagon,train,kaggle_2d
data\raw\kaggle_2d_shapes\pentagon\pentagon_21617.png,pentagon,train,kaggle_2d
data\raw\kaggle_2d_shapes\pentagon\pentagon_13732.png,pentagon,train,kaggle_2d
data\raw\kaggle_2d_shapes\pentagon\pentagon_41744.png,pentagon,train,kaggle_2d
data\raw\kaggle_2d_shapes\pentagon\pentagon_17006.png,pentagon,train,kaggle_2d
data\raw\kaggle_2d_shapes\pentagon\pentagon_1021.png,pentagon,train,kaggle_2d
data\raw\kaggle_2d_shapes\pentagon\pentagon_15157.png,pentagon,train,kaggle_2d
data\raw\kaggle_2d_shapes\pentagon\pentagon_45542.png,pentagon,train,kaggle_2d
data\raw\kaggle_2d_shapes\pentagon\pentagon_36046.png,pentagon,train,kaggle_2d
data\raw\kaggle_2d_shapes\pentagon\pentagon_39439.png,pentagon,train,kaggle_2d
data\raw\kaggle_2d_shapes\pentagon\pentagon_27496.png,pentagon,train,kaggle_2d
data\raw\kaggle_2d_shapes\pentagon\pentagon_2437.png,pentagon,train,kaggle_2d
data\raw\kaggle_2d_shapes\pentagon\pentagon_12355.png,pentagon,test,kaggle_2d
data\raw\kaggle_2d_shapes\pentagon\pentagon_27599.png,pentagon,train,kaggle_2d
data\raw\kaggle_2d_shapes\pentagon\pentagon_30748.png,pentagon,train,kaggle_2d
data\raw\kaggle_2d_shapes\pentagon\pentagon_13476.png,pentagon,test,kaggle_2d
data\raw\kaggle_2d_shapes\pentagon\pentagon_38879.png,pentagon,test,kaggle_2d
data\raw\kaggle_2d_shapes\pentagon\pentagon_39860.png,pentagon,train,kaggle_2d
data\raw\kaggle_2d_shapes\pentagon\pentagon_12657.png,pentagon,train,kaggle_2d
data\raw\kaggle_2d_shapes\pentagon\pentagon_43705.png,pentagon,train,kaggle_2d
data\raw\kaggle_2d_shapes\pentagon\pentagon_10044.png,pentagon,train,kaggle_2d
data\raw\kaggle_2d_shapes\pentagon\pentagon_7155.png,pentagon,test,kaggle_2d
data\raw\kaggle_2d_shapes\pentagon\pentagon_30962.png,pentagon,train,kaggle_2d
data\raw\kaggle_2d_shapes\pentagon\pentagon_24376.png,pentagon,train,kaggle_2d
data\raw\kaggle_2d_shapes\pentagon\pentagon_36861.png,pentagon,train,kaggle_2d
data\raw\kaggle_2d_shapes\pentagon\pentagon_3171.png,pentagon,train,kaggle_2d
data\raw\kaggle_2d_shapes\pentagon\pentagon_26927.png,pentagon,train,kaggle_2d
data\raw\kaggle_2d_shapes\pentagon\pentagon_47625.png,pentagon,train,kaggle_2d
data\raw\kaggle_2d_shapes\pentagon\pentagon_26613.png,pentagon,train,kaggle_2d
data\raw\kaggle_2d_shapes\pentagon\pentagon_29083.png,pentagon,train,kaggle_2d
data\raw\kaggle_2d_shapes\pentagon\pentagon_30120.png,pentagon,train,kaggle_2d
data\raw\kaggle_2d_shapes\pentagon\pentagon_8407.png,pentagon,test,kaggle_2d
data\raw\kaggle_2d_shapes\pentagon\pentagon_41715.png,pentagon,train,kaggle_2d
data\raw\kaggle_2d_shapes\pentagon\pentagon_40027.png,pentagon,train,kaggle_2d
data\raw\kaggle_2d_shapes\pentagon\pentagon_37800.png,pentagon,train,kaggle_2d
data\raw\kaggle_2d_shapes\pentagon\pentagon_48406.png,pentagon,train,kaggle_2d
data\raw\kaggle_2d_shapes\pentagon\pentagon_48224.png,pentagon,train,kaggle_2d
data\raw\kaggle_2d_shapes\pentagon\pentagon_16773.png,pentagon,train,kaggle_2d
data\raw\kaggle_2d_shapes\pentagon\pentagon_36676.png,pentagon,train,kaggle_2d
data\raw\kaggle_2d_shapes\pentagon\pentagon_25467.png,pentagon,train,kaggle_2d
data\raw\kaggle_2d_shapes\pentagon\pentagon_12273.png,pentagon,train,kaggle_2d
data\raw\kaggle_2d_shapes\pentagon\pentagon_352.png,pentagon,test,kaggle_2d
data\raw\kaggle_2d_shapes\pentagon\pentagon_37303.png,pentagon,train,kaggle_2d
data\raw\kaggle_2d_shapes\pentagon\pentagon_39132.png,pentagon,train,kaggle_2d
data\raw\kaggle_2d_shapes\pentagon\pentagon_43986.png,pentagon,test,kaggle_2d
data\raw\kaggle_2d_shapes\pentagon\pentagon_33014.png,pentagon,test,kaggle_2d
data\raw\kaggle_2d_shapes\pentagon\pentagon_46992.png,pentagon,train,kaggle_2d
data\raw\kaggle_2d_shapes\pentagon\pentagon_35220.png,pentagon,train,kaggle_2d
data\raw\kaggle_2d_shapes\pentagon\pentagon_32437.png,pentagon,test,kaggle_2d
data\raw\kaggle_2d_shapes\pentagon\pentagon_15732.png,pentagon,train,kaggle_2d
data\raw\kaggle_2d_shapes\pentagon\pentagon_46683.png,pentagon,train,kaggle_2d
data\raw\kaggle_2d_shapes\pentagon\pentagon_17874.png,pentagon,train,kaggle_2d
data\raw\kaggle_2d_shapes\pentagon\pentagon_29508.png,pentagon,train,kaggle_2d
data\raw\kaggle_2d_shapes\pentagon\pentagon_11203.png,pentagon,train,kaggle_2d
data\raw\kaggle_2d_shapes\pentagon\pentagon_17623.png,pentagon,train,kaggle_2d
data\raw\kaggle_2d_shapes\pentagon\pentagon_39516.png,pentagon,train,kaggle_2d
data\raw\kaggle_2d_shapes\pentagon\pentagon_32752.png,pentagon,test,kaggle_2d
data\raw\kaggle_2d_shapes\pentagon\pentagon_47989.png,pentagon,train,kaggle_2d
data\raw\kaggle_2d_shapes\pentagon\pentagon_17204.png,pentagon,train,kaggle_2d
data\raw\kaggle_2d_shapes\pentagon\pentagon_44985.png,pentagon,train,kaggle_2d
data\raw\kaggle_2d_shapes\pentagon\pentagon_20801.png,pentagon,train,kaggle_2d
data\raw\kaggle_2d_shapes\pentagon\pentagon_23460.png,pentagon,train,kaggle_2d
data\raw\kaggle_2d_shapes\pentagon\pentagon_6986.png,pentagon,train,kaggle_2d
data\raw\kaggle_2d_shapes\pentagon\pentagon_12788.png,pentagon,train,kaggle_2d
data\raw\kaggle_2d_shapes\pentagon\pentagon_39299.png,pentagon,train,kaggle_2d
data\raw\kaggle_2d_shapes\pentagon\pentagon_49420.png,pentagon,train,kaggle_2d
data\raw\kaggle_2d_shapes\pentagon\pentagon_1435.png,pentagon,train,kaggle_2d
data\raw\kaggle_2d_shapes\pentagon\pentagon_13864.png,pentagon,train,kaggle_2d
data\raw\kaggle_2d_shapes\pentagon\pentagon_21841.png,pentagon,test,kaggle_2d
data\raw\kaggle_2d_shapes\pentagon\pentagon_20923.png,pentagon,train,kaggle_2d
data\raw\kaggle_2d_shapes\pentagon\pentagon_34840.png,pentagon,train,kaggle_2d
data\raw\kaggle_2d_shapes\pentagon\pentagon_40515.png,pentagon,train,kaggle_2d
data\raw\kaggle_2d_shapes\pentagon\pentagon_897.png,pentagon,train,kaggle_2d
data\raw\kaggle_2d_shapes\pentagon\pentagon_3404.png,pentagon,train,kaggle_2d
data\raw\kaggle_2d_shapes\pentagon\pentagon_3931.png,pentagon,train,kaggle_2d
data\raw\kaggle_2d_shapes\pentagon\pentagon_34517.png,pentagon,test,kaggle_2d
data\raw\kaggle_2d_shapes\pentagon\pentagon_6513.png,pentagon,train,kaggle_2d
data\raw\kaggle_2d_shapes\pentagon\pentagon_33688.png,pentagon,test,kaggle_2d
data\raw\kaggle_2d_shapes\pentagon\pentagon_1971.png,pentagon,train,kaggle_2d
data\raw\kaggle_2d_shapes\pentagon\pentagon_41285.png,pentagon,test,kaggle_2d
data\raw\kaggle_2d_shapes\pentagon\pentagon_31212.png,pentagon,train,kaggle_2d
data\raw\kaggle_2d_shapes\pentagon\pentagon_23699.png,pentagon,train,kaggle_2d
data\raw\kaggle_2d_shapes\pentagon\pentagon_39715.png,pentagon,train,kaggle_2d
data\raw\kaggle_2d_shapes\pentagon\pentagon_118.png,pentagon,train,kaggle_2d
data\raw\kaggle_2d_shapes\pentagon\pentagon_10286.png,pentagon,train,kaggle_2d
data\raw\kaggle_2d_shapes\pentagon\pentagon_9493.png,pentagon,train,kaggle_2d
data\raw\kaggle_2d_shapes\pentagon\pentagon_14537.png,pentagon,train,kaggle_2d
data\raw\kaggle_2d_shapes\pentagon\pentagon_36117.png,pentagon,train,kaggle_2d
data\raw\kaggle_2d_shapes\pentagon\pentagon_8807.png,pentagon,train,kaggle_2d
data\raw\kaggle_2d_shapes\pentagon\pentagon_7821.png,pentagon,train,kaggle_2d
data\raw\kaggle_2d_shapes\pentagon\pentagon_26062.png,pentagon,train,kaggle_2d
data\raw\kaggle_2d_shapes\pentagon\pentagon_17683.png,pentagon,train,kaggle_2d
data\raw\kaggle_2d_shapes\pentagon\pentagon_14246.png,pentagon,train,kaggle_2d
data\raw\kaggle_2d_shapes\pentagon\pentagon_45870.png,pentagon,train,kaggle_2d
data\raw\kaggle_2d_shapes\pentagon\pentagon_26978.png,pentagon,test,kaggle_2d
data\raw\kaggle_2d_shapes\pentagon\pentagon_31519.png,pentagon,train,kaggle_2d
data\raw\kaggle_2d_shapes\pentagon\pentagon_35963.png,pentagon,train,kaggle_2d
data\raw\kaggle_2d_shapes\pentagon\pentagon_45832.png,pentagon,train,kaggle_2d
data\raw\kaggle_2d_shapes\pentagon\pentagon_39993.png,pentagon,train,kaggle_2d
data\raw\kaggle_2d_shapes\pentagon\pentagon_1891.png,pentagon,test,kaggle_2d
data\raw\kaggle_2d_shapes\pentagon\pentagon_960.png,pentagon,test,kaggle_2d
data\raw\kaggle_2d_shapes\pentagon\pentagon_43749.png,pentagon,test,kaggle_2d
data\raw\kaggle_2d_shapes\pentagon\pentagon_21546.png,pentagon,train,kaggle_2d
data\raw\kaggle_2d_shapes\pentagon\pentagon_43347.png,pentagon,train,kaggle_2d
data\raw\kaggle_2d_shapes\pentagon\pentagon_4552.png,pentagon,train,kaggle_2d
data\raw\kaggle_2d_shapes\pentagon\pentagon_14802.png,pentagon,train,kaggle_2d
data\raw\kaggle_2d_shapes\pentagon\pentagon_89.png,pentagon,train,kaggle_2d
data\raw\kaggle_2d_shapes\pentagon\pentagon_9544.png,pentagon,train,kaggle_2d
data\raw\kaggle_2d_shapes\pentagon\pentagon_27140.png,pentagon,train,kaggle_2d
data\raw\kaggle_2d_shapes\pentagon\pentagon_24497.png,pentagon,train,kaggle_2d
data\raw\kaggle_2d_shapes\pentagon\pentagon_35819.png,pentagon,test,kaggle_2d
data\raw\kaggle_2d_shapes\pentagon\pentagon_11975.png,pentagon,train,kaggle_2d
data\raw\kaggle_2d_shapes\pentagon\pentagon_46053.png,pentagon,train,kaggle_2d
data\raw\kaggle_2d_shapes\pentagon\pentagon_25565.png,pentagon,train,kaggle_2d
data\raw\kaggle_2d_shapes\pentagon\pentagon_43868.png,pentagon,test,kaggle_2d
data\raw\kaggle_2d_shapes\pentagon\pentagon_42812.png,pentagon,train,kaggle_2d
data\raw\kaggle_2d_shapes\pentagon\pentagon_26966.png,pentagon,train,kaggle_2d
data\raw\kaggle_2d_shapes\pentagon\pentagon_2505.png,pentagon,train,kaggle_2d
data\raw\kaggle_2d_shapes\pentagon\pentagon_2719.png,pentagon,test,kaggle_2d
data\raw\kaggle_2d_shapes\pentagon\pentagon_26187.png,pentagon,train,kaggle_2d
data\raw\kaggle_2d_shapes\pentagon\pentagon_6965.png,pentagon,train,kaggle_2d
data\raw\kaggle_2d_shapes\pentagon\pentagon_2948.png,pentagon,train,kaggle_2d
data\raw\kaggle_2d_shapes\pentagon\pentagon_42408.png,pentagon,train,kaggle_2d
data\raw\kaggle_2d_shapes\pentagon\pentagon_47562.png,pentagon,train,kaggle_2d
data\raw\kaggle_2d_shapes\pentagon\pentagon_20974.png,pentagon,train,kaggle_2d
data\raw\kaggle_2d_shapes\pentagon\pentagon_48137.png,pentagon,train,kaggle_2d
data\raw\kaggle_2d_shapes\pentagon\pentagon_12950.png,pentagon,train,kaggle_2d
data\raw\kaggle_2d_shapes\pentagon\pentagon_2475.png,pentagon,train,kaggle_2d
data\raw\kaggle_2d_shapes\pentagon\pentagon_19193.png,pentagon,train,kaggle_2d
data\raw\kaggle_2d_shapes\pentagon\pentagon_42723.png,pentagon,train,kaggle_2d
data\raw\kaggle_2d_shapes\pentagon\pentagon_13628.png,pentagon,train,kaggle_2d
data\raw\kaggle_2d_shapes\pentagon\pentagon_24325.png,pentagon,train,kaggle_2d
data\raw\kaggle_2d_shapes\pentagon\pentagon_29693.png,pentagon,train,kaggle_2d
data\raw\kaggle_2d_shapes\pentagon\pentagon_44564.png,pentagon,train,kaggle_2d
data\raw\kaggle_2d_shapes\pentagon\pentagon_6205.png,pentagon,train,kaggle_2d
data\raw\kaggle_2d_shapes\pentagon\pentagon_27798.png,pentagon,train,kaggle_2d
data\raw\kaggle_2d_shapes\pentagon\pentagon_33312.png,pentagon,train,kaggle_2d
data\raw\kaggle_2d_shapes\pentagon\pentagon_47064.png,pentagon,train,kaggle_2d
data\raw\kaggle_2d_shapes\pentagon\pentagon_1247.png,pentagon,test,kaggle_2d
data\raw\kaggle_2d_shapes\pentagon\pentagon_43691.png,pentagon,train,kaggle_2d
data\raw\kaggle_2d_shapes\pentagon\pentagon_5867.png,pentagon,train,kaggle_2d
data\raw\kaggle_2d_shapes\pentagon\pentagon_44775.png,pentagon,train,kaggle_2d
data\raw\kaggle_2d_shapes\pentagon\pentagon_6785.png,pentagon,test,kaggle_2d
data\raw\kaggle_2d_shapes\pentagon\pentagon_1734.png,pentagon,test,kaggle_2d
data\raw\kaggle_2d_shapes\pentagon\pentagon_807.png,pentagon,train,kaggle_2d
data\raw\kaggle_2d_shapes\pentagon\pentagon_19616.png,pentagon,train,kaggle_2d
data\raw\kaggle_2d_shapes\pentagon\pentagon_23987.png,pentagon,train,kaggle_2d
data\raw\kaggle_2d_shapes\pentagon\pentagon_14634.png,pentagon,train,kaggle_2d
data\raw\kaggle_2d_shapes\pentagon\pentagon_2209.png,pentagon,train,kaggle_2d
data\raw\kaggle_2d_shapes\pentagon\pentagon_49736.png,pentagon,train,kaggle_2d
data\raw\kaggle_2d_shapes\pentagon\pentagon_27484.png,pentagon,train,kaggle_2d
data\raw\kaggle_2d_shapes\pentagon\pentagon_48220.png,pentagon,train,kaggle_2d
data\raw\kaggle_2d_shapes\pentagon\pentagon_42752.png,pentagon,train,kaggle_2d
data\raw\kaggle_2d_shapes\pentagon\pentagon_24837.png,pentagon,test,kaggle_2d
data\raw\kaggle_2d_shapes\pentagon\pentagon_8477.png,pentagon,train,kaggle_2d
data\raw\kaggle_2d_shapes\pentagon\pentagon_8426.png,pentagon,train,kaggle_2d
data\raw\kaggle_2d_shapes\pentagon\pentagon_49428.png,pentagon,train,kaggle_2d
data\raw\kaggle_2d_shapes\pentagon\pentagon_35235.png,pentagon,train,kaggle_2d
data\raw\kaggle_2d_shapes\pentagon\pentagon_30102.png,pentagon,train,kaggle_2d
data\raw\kaggle_2d_shapes\pentagon\pentagon_15284.png,pentagon,train,kaggle_2d
data\raw\kaggle_2d_shapes\pentagon\pentagon_11188.png,pentagon,train,kaggle_2d
data\raw\kaggle_2d_shapes\pentagon\pentagon_2570.png,pentagon,train,kaggle_2d
data\raw\kaggle_2d_shapes\pentagon\pentagon_16011.png,pentagon,test,kaggle_2d
data\raw\kaggle_2d_shapes\pentagon\pentagon_36392.png,pentagon,train,kaggle_2d
data\raw\kaggle_2d_shapes\pentagon\pentagon_971.png,pentagon,test,kaggle_2d
data\raw\kaggle_2d_shapes\pentagon\pentagon_15101.png,pentagon,train,kaggle_2d
data\raw\kaggle_2d_shapes\pentagon\pentagon_6861.png,pentagon,train,kaggle_2d
data\raw\kaggle_2d_shapes\pentagon\pentagon_45928.png,pentagon,train,kaggle_2d
data\raw\kaggle_2d_shapes\pentagon\pentagon_22772.png,pentagon,train,kaggle_2d
data\raw\kaggle_2d_shapes\pentagon\pentagon_6811.png,pentagon,train,kaggle_2d
data\raw\kaggle_2d_shapes\pentagon\pentagon_10419.png,pentagon,train,kaggle_2d
data\raw\kaggle_2d_shapes\pentagon\pentagon_3765.png,pentagon,train,kaggle_2d
data\raw\kaggle_2d_shapes\pentagon\pentagon_35340.png,pentagon,train,kaggle_2d
data\raw\kaggle_2d_shapes\pentagon\pentagon_11814.png,pentagon,test,kaggle_2d
data\raw\kaggle_2d_shapes\pentagon\pentagon_28221.png,pentagon,train,kaggle_2d
data\raw\kaggle_2d_shapes\pentagon\pentagon_657.png,pentagon,train,kaggle_2d
data\raw\kaggle_2d_shapes\pentagon\pentagon_44626.png,pentagon,train,kaggle_2d
data\raw\kaggle_2d_shapes\pentagon\pentagon_14430.png,pentagon,train,kaggle_2d
data\raw\kaggle_2d_shapes\pentagon\pentagon_11184.png,pentagon,test,kaggle_2d
data\raw\kaggle_2d_shapes\pentagon\pentagon_23644.png,pentagon,train,kaggle_2d
data\raw\kaggle_2d_shapes\pentagon\pentagon_6795.png,pentagon,test,kaggle_2d
data\raw\kaggle_2d_shapes\pentagon\pentagon_15737.png,pentagon,train,kaggle_2d
data\raw\kaggle_2d_shapes\pentagon\pentagon_8515.png,pentagon,train,kaggle_2d
data\raw\kaggle_2d_shapes\pentagon\pentagon_28302.png,pentagon,train,kaggle_2d
data\raw\kaggle_2d_shapes\pentagon\pentagon_29806.png,pentagon,train,kaggle_2d
data\raw\kaggle_2d_shapes\pentagon\pentagon_40375.png,pentagon,train,kaggle_2d
data\raw\kaggle_2d_shapes\pentagon\pentagon_35808.png,pentagon,train,kaggle_2d
data\raw\kaggle_2d_shapes\pentagon\pentagon_3083.png,pentagon,test,kaggle_2d
data\raw\kaggle_2d_shapes\pentagon\pentagon_25981.png,pentagon,train,kaggle_2d
data\raw\kaggle_2d_shapes\pentagon\pentagon_7582.png,pentagon,train,kaggle_2d
data\raw\kaggle_2d_shapes\pentagon\pentagon_15263.png,pentagon,train,kaggle_2d
data\raw\kaggle_2d_shapes\pentagon\pentagon_44772.png,pentagon,train,kaggle_2d
data\raw\kaggle_2d_shapes\pentagon\pentagon_14464.png,pentagon,train,kaggle_2d
data\raw\kaggle_2d_shapes\pentagon\pentagon_30721.png,pentagon,train,kaggle_2d
data\raw\kaggle_2d_shapes\pentagon\pentagon_35065.png,pentagon,test,kaggle_2d
data\raw\kaggle_2d_shapes\pentagon\pentagon_19615.png,pentagon,train,kaggle_2d
data\raw\kaggle_2d_shapes\pentagon\pentagon_8191.png,pentagon,train,kaggle_2d
data\raw\kaggle_2d_shapes\pentagon\pentagon_19149.png,pentagon,test,kaggle_2d
data\raw\kaggle_2d_shapes\pentagon\pentagon_31190.png,pentagon,test,kaggle_2d
data\raw\kaggle_2d_shapes\pentagon\pentagon_36181.png,pentagon,train,kaggle_2d
data\raw\kaggle_2d_shapes\pentagon\pentagon_19108.png,pentagon,train,kaggle_2d
data\raw\kaggle_2d_shapes\pentagon\pentagon_16719.png,pentagon,train,kaggle_2d
data\raw\kaggle_2d_shapes\pentagon\pentagon_13158.png,pentagon,train,kaggle_2d
data\raw\kaggle_2d_shapes\pentagon\pentagon_46919.png,pentagon,train,kaggle_2d
data\raw\kaggle_2d_shapes\pentagon\pentagon_10242.png,pentagon,train,kaggle_2d
data\raw\kaggle_2d_shapes\pentagon\pentagon_27211.png,pentagon,train,kaggle_2d
data\raw\kaggle_2d_shapes\pentagon\pentagon_38563.png,pentagon,train,kaggle_2d
data\raw\kaggle_2d_shapes\pentagon\pentagon_26609.png,pentagon,test,kaggle_2d
data\raw\kaggle_2d_shapes\pentagon\pentagon_47555.png,pentagon,train,kaggle_2d
data\raw\kaggle_2d_shapes\pentagon\pentagon_19395.png,pentagon,train,kaggle_2d
data\raw\kaggle_2d_shapes\pentagon\pentagon_28726.png,pentagon,train,kaggle_2d
data\raw\kaggle_2d_shapes\pentagon\pentagon_640.png,pentagon,test,kaggle_2d
data\raw\kaggle_2d_shapes\pentagon\pentagon_15315.png,pentagon,train,kaggle_2d
data\raw\kaggle_2d_shapes\pentagon\pentagon_4879.png,pentagon,test,kaggle_2d
data\raw\kaggle_2d_shapes\pentagon\pentagon_11389.png,pentagon,test,kaggle_2d
data\raw\kaggle_2d_shapes\pentagon\pentagon_3836.png,pentagon,test,kaggle_2d
data\raw\kaggle_2d_shapes\pentagon\pentagon_13440.png,pentagon,train,kaggle_2d
data\raw\kaggle_2d_shapes\pentagon\pentagon_45292.png,pentagon,train,kaggle_2d
data\raw\kaggle_2d_shapes\pentagon\pentagon_18650.png,pentagon,train,kaggle_2d
data\raw\kaggle_2d_shapes\pentagon\pentagon_18933.png,pentagon,train,kaggle_2d
data\raw\kaggle_2d_shapes\pentagon\pentagon_14677.png,pentagon,train,kaggle_2d
data\raw\kaggle_2d_shapes\pentagon\pentagon_38154.png,pentagon,test,kaggle_2d
data\raw\kaggle_2d_shapes\pentagon\pentagon_28204.png,pentagon,train,kaggle_2d
data\raw\kaggle_2d_shapes\pentagon\pentagon_14239.png,pentagon,test,kaggle_2d
data\raw\kaggle_2d_shapes\pentagon\pentagon_3232.png,pentagon,train,kaggle_2d
data\raw\kaggle_2d_shapes\pentagon\pentagon_47675.png,pentagon,train,kaggle_2d
data\raw\kaggle_2d_shapes\pentagon\pentagon_30570.png,pentagon,train,kaggle_2d
data\raw\kaggle_2d_shapes\pentagon\pentagon_3865.png,pentagon,train,kaggle_2d
data\raw\kaggle_2d_shapes\pentagon\pentagon_16273.png,pentagon,train,kaggle_2d
data\raw\kaggle_2d_shapes\pentagon\pentagon_19483.png,pentagon,train,kaggle_2d
data\raw\kaggle_2d_shapes\pentagon\pentagon_37652.png,pentagon,train,kaggle_2d
data\raw\kaggle_2d_shapes\pentagon\pentagon_20095.png,pentagon,train,kaggle_2d
data\raw\kaggle_2d_shapes\pentagon\pentagon_46084.png,pentagon,test,kaggle_2d
data\raw\kaggle_2d_shapes\pentagon\pentagon_12966.png,pentagon,train,kaggle_2d
data\raw\kaggle_2d_shapes\pentagon\pentagon_10204.png,pentagon,train,kaggle_2d
data\raw\kaggle_2d_shapes\pentagon\pentagon_29383.png,pentagon,test,kaggle_2d
data\raw\kaggle_2d_shapes\pentagon\pentagon_36725.png,pentagon,train,kaggle_2d
data\raw\kaggle_2d_shapes\pentagon\pentagon_49275.png,pentagon,train,kaggle_2d
data\raw\kaggle_2d_shapes\pentagon\pentagon_48693.png,pentagon,train,kaggle_2d
data\raw\kaggle_2d_shapes\pentagon\pentagon_19641.png,pentagon,train,kaggle_2d
data\raw\kaggle_2d_shapes\pentagon\pentagon_4997.png,pentagon,test,kaggle_2d
data\raw\kaggle_2d_shapes\pentagon\pentagon_16125.png,pentagon,train,kaggle_2d
data\raw\kaggle_2d_shapes\pentagon\pentagon_26738.png,pentagon,train,kaggle_2d
data\raw\kaggle_2d_shapes\pentagon\pentagon_24059.png,pentagon,train,kaggle_2d
data\raw\kaggle_2d_shapes\pentagon\pentagon_71.png,pentagon,train,kaggle_2d
data\raw\kaggle_2d_shapes\pentagon\pentagon_9682.png,pentagon,test,kaggle_2d
data\raw\kaggle_2d_shapes\pentagon\pentagon_19252.png,pentagon,test,kaggle_2d
data\raw\kaggle_2d_shapes\pentagon\pentagon_37718.png,pentagon,train,kaggle_2d
data\raw\kaggle_2d_shapes\pentagon\pentagon_17440.png,pentagon,train,kaggle_2d
data\raw\kaggle_2d_shapes\pentagon\pentagon_49893.png,pentagon,test,kaggle_2d
data\raw\kaggle_2d_shapes\pentagon\pentagon_13092.png,pentagon,train,kaggle_2d
data\raw\kaggle_2d_shapes\pentagon\pentagon_16408.png,pentagon,test,kaggle_2d
data\raw\kaggle_2d_shapes\pentagon\pentagon_15455.png,pentagon,train,kaggle_2d
data\raw\kaggle_2d_shapes\pentagon\pentagon_33482.png,pentagon,train,kaggle_2d
data\raw\kaggle_2d_shapes\pentagon\pentagon_30734.png,pentagon,train,kaggle_2d
data\raw\kaggle_2d_shapes\pentagon\pentagon_43849.png,pentagon,train,kaggle_2d
data\raw\kaggle_2d_shapes\pentagon\pentagon_1269.png,pentagon,train,kaggle_2d
data\raw\kaggle_2d_shapes\pentagon\pentagon_27537.png,pentagon,test,kaggle_2d
data\raw\kaggle_2d_shapes\pentagon\pentagon_11074.png,pentagon,test,kaggle_2d
data\raw\kaggle_2d_shapes\pentagon\pentagon_14623.png,pentagon,train,kaggle_2d
data\raw\kaggle_2d_shapes\pentagon\pentagon_2681.png,pentagon,train,kaggle_2d
data\raw\kaggle_2d_shapes\pentagon\pentagon_643.png,pentagon,train,kaggle_2d
data\raw\kaggle_2d_shapes\hexagon\hexagon_31527.png,hexagon,test,kaggle_2d
data\raw\kaggle_2d_shapes\hexagon\hexagon_35515.png,hexagon,train,kaggle_2d
data\raw\kaggle_2d_shapes\hexagon\hexagon_10354.png,hexagon,train,kaggle_2d
data\raw\kaggle_2d_shapes\hexagon\hexagon_2840.png,hexagon,train,kaggle_2d
data\raw\kaggle_2d_shapes\hexagon\hexagon_30188.png,hexagon,test,kaggle_2d
data\raw\kaggle_2d_shapes\hexagon\hexagon_33621.png,hexagon,train,kaggle_2d
data\raw\kaggle_2d_shapes\hexagon\hexagon_6675.png,hexagon,train,kaggle_2d
data\raw\kaggle_2d_shapes\hexagon\hexagon_31026.png,hexagon,train,kaggle_2d
data\raw\kaggle_2d_shapes\hexagon\hexagon_40461.png,hexagon,train,kaggle_2d
data\raw\kaggle_2d_shapes\hexagon\hexagon_5934.png,hexagon,test,kaggle_2d
data\raw\kaggle_2d_shapes\hexagon\hexagon_45606.png,hexagon,train,kaggle_2d
data\raw\kaggle_2d_shapes\hexagon\hexagon_34183.png,hexagon,train,kaggle_2d
data\raw\kaggle_2d_shapes\hexagon\hexagon_48923.png,hexagon,train,kaggle_2d
data\raw\kaggle_2d_shapes\hexagon\hexagon_32234.png,hexagon,train,kaggle_2d
data\raw\kaggle_2d_shapes\hexagon\hexagon_43123.png,hexagon,train,kaggle_2d
data\raw\kaggle_2d_shapes\hexagon\hexagon_472.png,hexagon,train,kaggle_2d
data\raw\kaggle_2d_shapes\hexagon\hexagon_28489.png,hexagon,train,kaggle_2d
data\raw\kaggle_2d_shapes\hexagon\hexagon_28384.png,hexagon,train,kaggle_2d
data\raw\kaggle_2d_shapes\hexagon\hexagon_14203.png,hexagon,train,kaggle_2d
data\raw\kaggle_2d_shapes\hexagon\hexagon_4675.png,hexagon,train,kaggle_2d
data\raw\kaggle_2d_shapes\hexagon\hexagon_7881.png,hexagon,train,kaggle_2d
data\raw\kaggle_2d_shapes\hexagon\hexagon_1763.png,hexagon,train,kaggle_2d
data\raw\kaggle_2d_shapes\hexagon\hexagon_6282.png,hexagon,test,kaggle_2d
data\raw\kaggle_2d_shapes\hexagon\hexagon_1842.png,hexagon,train,kaggle_2d
data\raw\kaggle_2d_shapes\hexagon\hexagon_16981.png,hexagon,train,kaggle_2d
data\raw\kaggle_2d_shapes\hexagon\hexagon_11724.png,hexagon,train,kaggle_2d
data\raw\kaggle_2d_shapes\hexagon\hexagon_38764.png,hexagon,train,kaggle_2d
data\raw\kaggle_2d_shapes\hexagon\hexagon_31382.png,hexagon,train,kaggle_2d
data\raw\kaggle_2d_shapes\hexagon\hexagon_3385.png,hexagon,train,kaggle_2d
data\raw\kaggle_2d_shapes\hexagon\hexagon_48899.png,hexagon,train,kaggle_2d
data\raw\kaggle_2d_shapes\hexagon\hexagon_44640.png,hexagon,train,kaggle_2d
data\raw\kaggle_2d_shapes\hexagon\hexagon_9116.png,hexagon,train,kaggle_2d
data\raw\kaggle_2d_shapes\hexagon\hexagon_27700.png,hexagon,train,kaggle_2d
data\raw\kaggle_2d_shapes\hexagon\hexagon_39556.png,hexagon,train,kaggle_2d
data\raw\kaggle_2d_shapes\hexagon\hexagon_30337.png,hexagon,train,kaggle_2d
data\raw\kaggle_2d_shapes\hexagon\hexagon_47570.png,hexagon,train,kaggle_2d
data\raw\kaggle_2d_shapes\hexagon\hexagon_16250.png,hexagon,train,kaggle_2d
data\raw\kaggle_2d_shapes\hexagon\hexagon_21815.png,hexagon,train,kaggle_2d
data\raw\kaggle_2d_shapes\hexagon\hexagon_19744.png,hexagon,test,kaggle_2d
data\raw\kaggle_2d_shapes\hexagon\hexagon_43740.png,hexagon,train,kaggle_2d
data\raw\kaggle_2d_shapes\hexagon\hexagon_35552.png,hexagon,train,kaggle_2d
data\raw\kaggle_2d_shapes\hexagon\hexagon_43031.png,hexagon,train,kaggle_2d
data\raw\kaggle_2d_shapes\hexagon\hexagon_15301.png,hexagon,train,kaggle_2d
data\raw\kaggle_2d_shapes\hexagon\hexagon_14429.png,hexagon,train,kaggle_2d
data\raw\kaggle_2d_shapes\hexagon\hexagon_37709.png,hexagon,train,kaggle_2d
data\raw\kaggle_2d_shapes\hexagon\hexagon_2512.png,hexagon,train,kaggle_2d
data\raw\kaggle_2d_shapes\hexagon\hexagon_23366.png,hexagon,test,kaggle_2d
data\raw\kaggle_2d_shapes\hexagon\hexagon_28300.png,hexagon,test,kaggle_2d
data\raw\kaggle_2d_shapes\hexagon\hexagon_32527.png,hexagon,train,kaggle_2d
data\raw\kaggle_2d_shapes\hexagon\hexagon_1722.png,hexagon,train,kaggle_2d
data\raw\kaggle_2d_shapes\hexagon\hexagon_25780.png,hexagon,train,kaggle_2d
data\raw\kaggle_2d_shapes\hexagon\hexagon_12281.png,hexagon,train,kaggle_2d
data\raw\kaggle_2d_shapes\hexagon\hexagon_219.png,hexagon,test,kaggle_2d
data\raw\kaggle_2d_shapes\hexagon\hexagon_42616.png,hexagon,train,kaggle_2d
data\raw\kaggle_2d_shapes\hexagon\hexagon_4514.png,hexagon,train,kaggle_2d
data\raw\kaggle_2d_shapes\hexagon\hexagon_36978.png,hexagon,train,kaggle_2d
data\raw\kaggle_2d_shapes\hexagon\hexagon_29399.png,hexagon,train,kaggle_2d
data\raw\kaggle_2d_shapes\hexagon\hexagon_3760.png,hexagon,test,kaggle_2d
data\raw\kaggle_2d_shapes\hexagon\hexagon_44649.png,hexagon,train,kaggle_2d
data\raw\kaggle_2d_shapes\hexagon\hexagon_29759.png,hexagon,test,kaggle_2d
data\raw\kaggle_2d_shapes\hexagon\hexagon_41939.png,hexagon,train,kaggle_2d
data\raw\kaggle_2d_shapes\hexagon\hexagon_46365.png,hexagon,train,kaggle_2d
data\raw\kaggle_2d_shapes\hexagon\hexagon_2779.png,hexagon,train,kaggle_2d
data\raw\kaggle_2d_shapes\hexagon\hexagon_13065.png,hexagon,train,kaggle_2d
data\raw\kaggle_2d_shapes\hexagon\hexagon_23192.png,hexagon,train,kaggle_2d
data\raw\kaggle_2d_shapes\hexagon\hexagon_35992.png,hexagon,train,kaggle_2d
data\raw\kaggle_2d_shapes\hexagon\hexagon_8038.png,hexagon,train,kaggle_2d
data\raw\kaggle_2d_shapes\hexagon\hexagon_27862.png,hexagon,train,kaggle_2d
data\raw\kaggle_2d_shapes\hexagon\hexagon_45706.png,hexagon,test,kaggle_2d
data\raw\kaggle_2d_shapes\hexagon\hexagon_38281.png,hexagon,train,kaggle_2d
data\raw\kaggle_2d_shapes\hexagon\hexagon_26238.png,hexagon,train,kaggle_2d
data\raw\kaggle_2d_shapes\hexagon\hexagon_1929.png,hexagon,train,kaggle_2d
data\raw\kaggle_2d_shapes\hexagon\hexagon_25626.png,hexagon,train,kaggle_2d
data\raw\kaggle_2d_shapes\hexagon\hexagon_19517.png,hexagon,train,kaggle_2d
data\raw\kaggle_2d_shapes\hexagon\hexagon_24923.png,hexagon,train,kaggle_2d
data\raw\kaggle_2d_shapes\hexagon\hexagon_40862.png,hexagon,test,kaggle_2d
data\raw\kaggle_2d_shapes\hexagon\hexagon_14616.png,hexagon,train,kaggle_2d
data\raw\kaggle_2d_shapes\hexagon\hexagon_2002.png,hexagon,train,kaggle_2d
data\raw\kaggle_2d_shapes\hexagon\hexagon_45038.png,hexagon,train,kaggle_2d
data\raw\kaggle_2d_shapes\hexagon\hexagon_17245.png,hexagon,train,kaggle_2d
data\raw\kaggle_2d_shapes\hexagon\hexagon_3424.png,hexagon,train,kaggle_2d
data\raw\kaggle_2d_shapes\hexagon\hexagon_19957.png,hexagon,train,kaggle_2d
data\raw\kaggle_2d_shapes\hexagon\hexagon_45907.png,hexagon,train,kaggle_2d
data\raw\kaggle_2d_shapes\hexagon\hexagon_2528.png,hexagon,train,kaggle_2d
data\raw\kaggle_2d_shapes\hexagon\hexagon_24365.png,hexagon,train,kaggle_2d
data\raw\kaggle_2d_shapes\hexagon\hexagon_15956.png,hexagon,test,kaggle_2d
data\raw\kaggle_2d_shapes\hexagon\hexagon_20869.png,hexagon,train,kaggle_2d
data\raw\kaggle_2d_shapes\hexagon\hexagon_807.png,hexagon,train,kaggle_2d
data\raw\kaggle_2d_shapes\hexagon\hexagon_23511.png,hexagon,test,kaggle_2d
data\raw\kaggle_2d_shapes\hexagon\hexagon_29455.png,hexagon,train,kaggle_2d
data\raw\kaggle_2d_shapes\hexagon\hexagon_36102.png,hexagon,train,kaggle_2d
data\raw\kaggle_2d_shapes\hexagon\hexagon_34584.png,hexagon,test,kaggle_2d
data\raw\kaggle_2d_shapes\hexagon\hexagon_48819.png,hexagon,train,kaggle_2d
data\raw\kaggle_2d_shapes\hexagon\hexagon_47605.png,hexagon,test,kaggle_2d
data\raw\kaggle_2d_shapes\hexagon\hexagon_45202.png,hexagon,train,kaggle_2d
data\raw\kaggle_2d_shapes\hexagon\hexagon_46190.png,hexagon,test,kaggle_2d
data\raw\kaggle_2d_shapes\hexagon\hexagon_30938.png,hexagon,train,kaggle_2d
data\raw\kaggle_2d_shapes\hexagon\hexagon_9315.png,hexagon,train,kaggle_2d
data\raw\kaggle_2d_shapes\hexagon\hexagon_13326.png,hexagon,train,kaggle_2d
data\raw\kaggle_2d_shapes\hexagon\hexagon_43356.png,hexagon,test,kaggle_2d
data\raw\kaggle_2d_shapes\hexagon\hexagon_1829.png,hexagon,train,kaggle_2d
data\raw\kaggle_2d_shapes\hexagon\hexagon_35223.png,hexagon,train,kaggle_2d
data\raw\kaggle_2d_shapes\hexagon\hexagon_10236.png,hexagon,test,kaggle_2d
data\raw\kaggle_2d_shapes\hexagon\hexagon_2233.png,hexagon,train,kaggle_2d
data\raw\kaggle_2d_shapes\hexagon\hexagon_13201.png,hexagon,train,kaggle_2d
data\raw\kaggle_2d_shapes\hexagon\hexagon_46716.png,hexagon,test,kaggle_2d
data\raw\kaggle_2d_shapes\hexagon\hexagon_28514.png,hexagon,train,kaggle_2d
data\raw\kaggle_2d_shapes\hexagon\hexagon_1394.png,hexagon,test,kaggle_2d
data\raw\kaggle_2d_shapes\hexagon\hexagon_49759.png,hexagon,train,kaggle_2d
data\raw\kaggle_2d_shapes\hexagon\hexagon_15016.png,hexagon,train,kaggle_2d
data\raw\kaggle_2d_shapes\hexagon\hexagon_2384.png,hexagon,train,kaggle_2d
data\raw\kaggle_2d_shapes\hexagon\hexagon_35080.png,hexagon,train,kaggle_2d
data\raw\kaggle_2d_shapes\hexagon\hexagon_23942.png,hexagon,train,kaggle_2d
data\raw\kaggle_2d_shapes\hexagon\hexagon_17024.png,hexagon,train,kaggle_2d
data\raw\kaggle_2d_shapes\hexagon\hexagon_12751.png,hexagon,train,kaggle_2d
data\raw\kaggle_2d_shapes\hexagon\hexagon_47183.png,hexagon,train,kaggle_2d
data\raw\kaggle_2d_shapes\hexagon\hexagon_29871.png,hexagon,test,kaggle_2d
data\raw\kaggle_2d_shapes\hexagon\hexagon_2920.png,hexagon,test,kaggle_2d
data\raw\kaggle_2d_shapes\hexagon\hexagon_45765.png,hexagon,train,kaggle_2d
data\raw\kaggle_2d_shapes\hexagon\hexagon_1944.png,hexagon,test,kaggle_2d
data\raw\kaggle_2d_shapes\hexagon\hexagon_7861.png,hexagon,train,kaggle_2d
data\raw\kaggle_2d_shapes\hexagon\hexagon_36934.png,hexagon,test,kaggle_2d
data\raw\kaggle_2d_shapes\hexagon\hexagon_20571.png,hexagon,train,kaggle_2d
data\raw\kaggle_2d_shapes\hexagon\hexagon_10775.png,hexagon,test,kaggle_2d
data\raw\kaggle_2d_shapes\hexagon\hexagon_7523.png,hexagon,train,kaggle_2d
data\raw\kaggle_2d_shapes\hexagon\hexagon_5772.png,hexagon,test,kaggle_2d
data\raw\kaggle_2d_shapes\hexagon\hexagon_15858.png,hexagon,test,kaggle_2d
data\raw\kaggle_2d_shapes\hexagon\hexagon_14362.png,hexagon,train,kaggle_2d
data\raw\kaggle_2d_shapes\hexagon\hexagon_38467.png,hexagon,test,kaggle_2d
data\raw\kaggle_2d_shapes\hexagon\hexagon_25701.png,hexagon,train,kaggle_2d
data\raw\kaggle_2d_shapes\hexagon\hexagon_5597.png,hexagon,train,kaggle_2d
data\raw\kaggle_2d_shapes\hexagon\hexagon_47874.png,hexagon,train,kaggle_2d
data\raw\kaggle_2d_shapes\hexagon\hexagon_28638.png,hexagon,train,kaggle_2d
data\raw\kaggle_2d_shapes\hexagon\hexagon_11350.png,hexagon,train,kaggle_2d
data\raw\kaggle_2d_shapes\hexagon\hexagon_44963.png,hexagon,train,kaggle_2d
data\raw\kaggle_2d_shapes\hexagon\hexagon_41881.png,hexagon,train,kaggle_2d
data\raw\kaggle_2d_shapes\hexagon\hexagon_35281.png,hexagon,train,kaggle_2d
data\raw\kaggle_2d_shapes\hexagon\hexagon_19329.png,hexagon,train,kaggle_2d
data\raw\kaggle_2d_shapes\hexagon\hexagon_18448.png,hexagon,train,kaggle_2d
data\raw\kaggle_2d_shapes\hexagon\hexagon_48421.png,hexagon,train,kaggle_2d
data\raw\kaggle_2d_shapes\hexagon\hexagon_19470.png,hexagon,train,kaggle_2d
data\raw\kaggle_2d_shapes\hexagon\hexagon_14845.png,hexagon,train,kaggle_2d
data\raw\kaggle_2d_shapes\hexagon\hexagon_4430.png,hexagon,train,kaggle_2d
data\raw\kaggle_2d_shapes\hexagon\hexagon_22331.png,hexagon,test,kaggle_2d
data\raw\kaggle_2d_shapes\hexagon\hexagon_4435.png,hexagon,test,kaggle_2d
data\raw\kaggle_2d_shapes\hexagon\hexagon_15396.png,hexagon,train,kaggle_2d
data\raw\kaggle_2d_shapes\hexagon\hexagon_16903.png,hexagon,test,kaggle_2d
data\raw\kaggle_2d_shapes\hexagon\hexagon_21394.png,hexagon,train,kaggle_2d
data\raw\kaggle_2d_shapes\hexagon\hexagon_43673.png,hexagon,train,kaggle_2d
data\raw\kaggle_2d_shapes\hexagon\hexagon_27989.png,hexagon,train,kaggle_2d
data\raw\kaggle_2d_shapes\hexagon\hexagon_40994.png,hexagon,train,kaggle_2d
data\raw\kaggle_2d_shapes\hexagon\hexagon_17599.png,hexagon,train,kaggle_2d
data\raw\kaggle_2d_shapes\hexagon\hexagon_11218.png,hexagon,train,kaggle_2d
data\raw\kaggle_2d_shapes\hexagon\hexagon_19050.png,hexagon,test,kaggle_2d
data\raw\kaggle_2d_shapes\hexagon\hexagon_39176.png,hexagon,train,kaggle_2d
data\raw\kaggle_2d_shapes\hexagon\hexagon_2304.png,hexagon,train,kaggle_2d
data\raw\kaggle_2d_shapes\hexagon\hexagon_15983.png,hexagon,train,kaggle_2d
data\raw\kaggle_2d_shapes\hexagon\hexagon_15742.png,hexagon,test,kaggle_2d
data\raw\kaggle_2d_shapes\hexagon\hexagon_23824.png,hexagon,train,kaggle_2d
data\raw\kaggle_2d_shapes\hexagon\hexagon_26898.png,hexagon,train,kaggle_2d
data\raw\kaggle_2d_shapes\hexagon\hexagon_11672.png,hexagon,train,kaggle_2d
data\raw\kaggle_2d_shapes\hexagon\hexagon_20675.png,hexagon,train,kaggle_2d
data\raw\kaggle_2d_shapes\hexagon\hexagon_22261.png,hexagon,train,kaggle_2d
data\raw\kaggle_2d_shapes\hexagon\hexagon_19304.png,hexagon,train,kaggle_2d
data\raw\kaggle_2d_shapes\hexagon\hexagon_47303.png,hexagon,train,kaggle_2d
data\raw\kaggle_2d_shapes\hexagon\hexagon_15771.png,hexagon,train,kaggle_2d
data\raw\kaggle_2d_shapes\hexagon\hexagon_213.png,hexagon,train,kaggle_2d
data\raw\kaggle_2d_shapes\hexagon\hexagon_32970.png,hexagon,train,kaggle_2d
data\raw\kaggle_2d_shapes\hexagon\hexagon_33873.png,hexagon,train,kaggle_2d
data\raw\kaggle_2d_shapes\hexagon\hexagon_1382.png,hexagon,train,kaggle_2d
data\raw\kaggle_2d_shapes\hexagon\hexagon_17119.png,hexagon,train,kaggle_2d
data\raw\kaggle_2d_shapes\hexagon\hexagon_21722.png,hexagon,train,kaggle_2d
data\raw\kaggle_2d_shapes\hexagon\hexagon_47112.png,hexagon,train,kaggle_2d
data\raw\kaggle_2d_shapes\hexagon\hexagon_7207.png,hexagon,train,kaggle_2d
data\raw\kaggle_2d_shapes\hexagon\hexagon_46247.png,hexagon,train,kaggle_2d
data\raw\kaggle_2d_shapes\hexagon\hexagon_31245.png,hexagon,train,kaggle_2d
data\raw\kaggle_2d_shapes\hexagon\hexagon_8672.png,hexagon,train,kaggle_2d
data\raw\kaggle_2d_shapes\hexagon\hexagon_37162.png,hexagon,train,kaggle_2d
data\raw\kaggle_2d_shapes\hexagon\hexagon_6177.png,hexagon,train,kaggle_2d
data\raw\kaggle_2d_shapes\hexagon\hexagon_48427.png,hexagon,test,kaggle_2d
data\raw\kaggle_2d_shapes\hexagon\hexagon_251.png,hexagon,train,kaggle_2d
data\raw\kaggle_2d_shapes\hexagon\hexagon_23373.png,hexagon,train,kaggle_2d
data\raw\kaggle_2d_shapes\hexagon\hexagon_20992.png,hexagon,train,kaggle_2d
data\raw\kaggle_2d_shapes\hexagon\hexagon_13804.png,hexagon,train,kaggle_2d
data\raw\kaggle_2d_shapes\hexagon\hexagon_940.png,hexagon,test,kaggle_2d
data\raw\kaggle_2d_shapes\hexagon\hexagon_49448.png,hexagon,train,kaggle_2d
data\raw\kaggle_2d_shapes\hexagon\hexagon_38703.png,hexagon,train,kaggle_2d
data\raw\kaggle_2d_shapes\hexagon\hexagon_19692.png,hexagon,train,kaggle_2d
data\raw\kaggle_2d_shapes\hexagon\hexagon_43860.png,hexagon,test,kaggle_2d
data\raw\kaggle_2d_shapes\hexagon\hexagon_25107.png,hexagon,train,kaggle_2d
data\raw\kaggle_2d_shapes\hexagon\hexagon_18387.png,hexagon,train,kaggle_2d
data\raw\kaggle_2d_shapes\hexagon\hexagon_22972.png,hexagon,test,kaggle_2d
data\raw\kaggle_2d_shapes\hexagon\hexagon_38610.png,hexagon,train,kaggle_2d
data\raw\kaggle_2d_shapes\hexagon\hexagon_44985.png,hexagon,train,kaggle_2d
data\raw\kaggle_2d_shapes\hexagon\hexagon_49659.png,hexagon,train,kaggle_2d
data\raw\kaggle_2d_shapes\hexagon\hexagon_8055.png,hexagon,test,kaggle_2d
data\raw\kaggle_2d_shapes\hexagon\hexagon_8634.png,hexagon,train,kaggle_2d
data\raw\kaggle_2d_shapes\hexagon\hexagon_33553.png,hexagon,train,kaggle_2d
data\raw\kaggle_2d_shapes\hexagon\hexagon_44414.png,hexagon,train,kaggle_2d
data\raw\kaggle_2d_shapes\hexagon\hexagon_47976.png,hexagon,train,kaggle_2d
data\raw\kaggle_2d_shapes\hexagon\hexagon_43385.png,hexagon,train,kaggle_2d
data\raw\kaggle_2d_shapes\hexagon\hexagon_3263.png,hexagon,train,kaggle_2d
data\raw\kaggle_2d_shapes\hexagon\hexagon_6060.png,hexagon,train,kaggle_2d
data\raw\kaggle_2d_shapes\hexagon\hexagon_30352.png,hexagon,test,kaggle_2d
data\raw\kaggle_2d_shapes\hexagon\hexagon_40223.png,hexagon,train,kaggle_2d
data\raw\kaggle_2d_shapes\hexagon\hexagon_29315.png,hexagon,train,kaggle_2d
data\raw\kaggle_2d_shapes\hexagon\hexagon_6934.png,hexagon,train,kaggle_2d
data\raw\kaggle_2d_shapes\hexagon\hexagon_42353.png,hexagon,train,kaggle_2d
data\raw\kaggle_2d_shapes\hexagon\hexagon_613.png,hexagon,train,kaggle_2d
data\raw\kaggle_2d_shapes\hexagon\hexagon_1019.png,hexagon,train,kaggle_2d
data\raw\kaggle_2d_shapes\hexagon\hexagon_6609.png,hexagon,train,kaggle_2d
data\raw\kaggle_2d_shapes\hexagon\hexagon_5565.png,hexagon,train,kaggle_2d
data\raw\kaggle_2d_shapes\hexagon\hexagon_49261.png,hexagon,train,kaggle_2d
data\raw\kaggle_2d_shapes\hexagon\hexagon_9033.png,hexagon,train,kaggle_2d
data\raw\kaggle_2d_shapes\hexagon\hexagon_42567.png,hexagon,train,kaggle_2d
data\raw\kaggle_2d_shapes\hexagon\hexagon_28764.png,hexagon,train,kaggle_2d
data\raw\kaggle_2d_shapes\hexagon\hexagon_20642.png,hexagon,train,kaggle_2d
data\raw\kaggle_2d_shapes\hexagon\hexagon_33473.png,hexagon,test,kaggle_2d
data\raw\kaggle_2d_shapes\hexagon\hexagon_8059.png,hexagon,train,kaggle_2d
data\raw\kaggle_2d_shapes\hexagon\hexagon_8684.png,hexagon,test,kaggle_2d
data\raw\kaggle_2d_shapes\hexagon\hexagon_44543.png,hexagon,train,kaggle_2d
data\raw\kaggle_2d_shapes\hexagon\hexagon_26685.png,hexagon,test,kaggle_2d
data\raw\kaggle_2d_shapes\hexagon\hexagon_49651.png,hexagon,test,kaggle_2d
data\raw\kaggle_2d_shapes\hexagon\hexagon_48523.png,hexagon,train,kaggle_2d
data\raw\kaggle_2d_shapes\hexagon\hexagon_17366.png,hexagon,train,kaggle_2d
data\raw\kaggle_2d_shapes\hexagon\hexagon_49624.png,hexagon,train,kaggle_2d
data\raw\kaggle_2d_shapes\hexagon\hexagon_28410.png,hexagon,train,kaggle_2d
data\raw\kaggle_2d_shapes\hexagon\hexagon_47283.png,hexagon,train,kaggle_2d
data\raw\kaggle_2d_shapes\hexagon\hexagon_16333.png,hexagon,test,kaggle_2d
data\raw\kaggle_2d_shapes\hexagon\hexagon_27095.png,hexagon,train,kaggle_2d
data\raw\kaggle_2d_shapes\hexagon\hexagon_28046.png,hexagon,train,kaggle_2d
data\raw\kaggle_2d_shapes\hexagon\hexagon_30743.png,hexagon,train,kaggle_2d
data\raw\kaggle_2d_shapes\hexagon\hexagon_34071.png,hexagon,train,kaggle_2d
data\raw\kaggle_2d_shapes\hexagon\hexagon_37492.png,hexagon,train,kaggle_2d
data\raw\kaggle_2d_shapes\hexagon\hexagon_28025.png,hexagon,train,kaggle_2d
data\raw\kaggle_2d_shapes\hexagon\hexagon_36080.png,hexagon,train,kaggle_2d
data\raw\kaggle_2d_shapes\hexagon\hexagon_27577.png,hexagon,test,kaggle_2d
data\raw\kaggle_2d_shapes\hexagon\hexagon_40858.png,hexagon,test,kaggle_2d
data\raw\kaggle_2d_shapes\hexagon\hexagon_17194.png,hexagon,test,kaggle_2d
data\raw\kaggle_2d_shapes\hexagon\hexagon_15450.png,hexagon,train,kaggle_2d
data\raw\kaggle_2d_shapes\hexagon\hexagon_31281.png,hexagon,train,kaggle_2d
data\raw\kaggle_2d_shapes\hexagon\hexagon_40257.png,hexagon,train,kaggle_2d
data\raw\kaggle_2d_shapes\hexagon\hexagon_31427.png,hexagon,train,kaggle_2d
data\raw\kaggle_2d_shapes\hexagon\hexagon_13495.png,hexagon,train,kaggle_2d
data\raw\kaggle_2d_shapes\hexagon\hexagon_33440.png,hexagon,train,kaggle_2d
data\raw\kaggle_2d_shapes\hexagon\hexagon_48833.png,hexagon,test,kaggle_2d
data\raw\kaggle_2d_shapes\hexagon\hexagon_22735.png,hexagon,test,kaggle_2d
data\raw\kaggle_2d_shapes\hexagon\hexagon_28685.png,hexagon,train,kaggle_2d
data\raw\kaggle_2d_shapes\hexagon\hexagon_49657.png,hexagon,train,kaggle_2d
data\raw\kaggle_2d_shapes\hexagon\hexagon_11053.png,hexagon,test,kaggle_2d
data\raw\kaggle_2d_shapes\hexagon\hexagon_19876.png,hexagon,train,kaggle_2d
data\raw\kaggle_2d_shapes\hexagon\hexagon_17721.png,hexagon,train,kaggle_2d
data\raw\kaggle_2d_shapes\hexagon\hexagon_1604.png,hexagon,train,kaggle_2d
data\raw\kaggle_2d_shapes\hexagon\hexagon_20556.png,hexagon,test,kaggle_2d
data\raw\kaggle_2d_shapes\hexagon\hexagon_28031.png,hexagon,train,kaggle_2d
data\raw\kaggle_2d_shapes\hexagon\hexagon_26603.png,hexagon,train,kaggle_2d
data\raw\kaggle_2d_shapes\hexagon\hexagon_13182.png,hexagon,train,kaggle_2d
data\raw\kaggle_2d_shapes\hexagon\hexagon_28975.png,hexagon,train,kaggle_2d
data\raw\kaggle_2d_shapes\hexagon\hexagon_21105.png,hexagon,train,kaggle_2d
data\raw\kaggle_2d_shapes\hexagon\hexagon_15527.png,hexagon,train,kaggle_2d
data\raw\kaggle_2d_shapes\hexagon\hexagon_27660.png,hexagon,train,kaggle_2d
data\raw\kaggle_2d_shapes\hexagon\hexagon_13888.png,hexagon,test,kaggle_2d
data\raw\kaggle_2d_shapes\hexagon\hexagon_21819.png,hexagon,train,kaggle_2d
data\raw\kaggle_2d_shapes\hexagon\hexagon_36900.png,hexagon,test,kaggle_2d
data\raw\kaggle_2d_shapes\hexagon\hexagon_27164.png,hexagon,train,kaggle_2d
data\raw\kaggle_2d_shapes\hexagon\hexagon_45821.png,hexagon,train,kaggle_2d
data\raw\kaggle_2d_shapes\hexagon\hexagon_14041.png,hexagon,train,kaggle_2d
data\raw\kaggle_2d_shapes\hexagon\hexagon_18969.png,hexagon,train,kaggle_2d
data\raw\kaggle_2d_shapes\hexagon\hexagon_20358.png,hexagon,test,kaggle_2d
data\raw\kaggle_2d_shapes\hexagon\hexagon_42044.png,hexagon,train,kaggle_2d
data\raw\kaggle_2d_shapes\hexagon\hexagon_26148.png,hexagon,train,kaggle_2d
data\raw\kaggle_2d_shapes\hexagon\hexagon_8709.png,hexagon,test,kaggle_2d
data\raw\kaggle_2d_shapes\hexagon\hexagon_21560.png,hexagon,train,kaggle_2d
data\raw\kaggle_2d_shapes\hexagon\hexagon_6140.png,hexagon,train,kaggle_2d
data\raw\kaggle_2d_shapes\hexagon\hexagon_12538.png,hexagon,test,kaggle_2d
data\raw\kaggle_2d_shapes\hexagon\hexagon_33727.png,hexagon,train,kaggle_2d
data\raw\kaggle_2d_shapes\hexagon\hexagon_1600.png,hexagon,train,kaggle_2d
data\raw\kaggle_2d_shapes\hexagon\hexagon_21053.png,hexagon,test,kaggle_2d
data\raw\kaggle_2d_shapes\hexagon\hexagon_38709.png,hexagon,test,kaggle_2d
data\raw\kaggle_2d_shapes\hexagon\hexagon_22944.png,hexagon,train,kaggle_2d
data\raw\kaggle_2d_shapes\hexagon\hexagon_13196.png,hexagon,train,kaggle_2d
data\raw\kaggle_2d_shapes\hexagon\hexagon_46495.png,hexagon,train,kaggle_2d
data\raw\kaggle_2d_shapes\hexagon\hexagon_28326.png,hexagon,train,kaggle_2d
data\raw\kaggle_2d_shapes\hexagon\hexagon_8948.png,hexagon,train,kaggle_2d
data\raw\kaggle_2d_shapes\hexagon\hexagon_45873.png,hexagon,test,kaggle_2d
data\raw\kaggle_2d_shapes\hexagon\hexagon_34101.png,hexagon,train,kaggle_2d
data\raw\kaggle_2d_shapes\hexagon\hexagon_47213.png,hexagon,train,kaggle_2d
data\raw\kaggle_2d_shapes\hexagon\hexagon_1226.png,hexagon,train,kaggle_2d
data\raw\kaggle_2d_shapes\hexagon\hexagon_36784.png,hexagon,test,kaggle_2d
data\raw\kaggle_2d_shapes\hexagon\hexagon_38539.png,hexagon,test,kaggle_2d
data\raw\kaggle_2d_shapes\hexagon\hexagon_2369.png,hexagon,train,kaggle_2d
data\raw\kaggle_2d_shapes\hexagon\hexagon_9972.png,hexagon,train,kaggle_2d
data\raw\kaggle_2d_shapes\hexagon\hexagon_7415.png,hexagon,train,kaggle_2d
data\raw\kaggle_2d_shapes\hexagon\hexagon_8944.png,hexagon,train,kaggle_2d
data\raw\kaggle_2d_shapes\hexagon\hexagon_33530.png,hexagon,train,kaggle_2d
data\raw\kaggle_2d_shapes\hexagon\hexagon_19292.png,hexagon,train,kaggle_2d
data\raw\kaggle_2d_shapes\hexagon\hexagon_45325.png,hexagon,train,kaggle_2d
data\raw\kaggle_2d_shapes\hexagon\hexagon_8353.png,hexagon,train,kaggle_2d
data\raw\kaggle_2d_shapes\hexagon\hexagon_21078.png,hexagon,train,kaggle_2d
data\raw\kaggle_2d_shapes\hexagon\hexagon_1777.png,hexagon,train,kaggle_2d
data\raw\kaggle_2d_shapes\hexagon\hexagon_40380.png,hexagon,train,kaggle_2d
data\raw\kaggle_2d_shapes\hexagon\hexagon_47886.png,hexagon,train,kaggle_2d
data\raw\kaggle_2d_shapes\hexagon\hexagon_18597.png,hexagon,train,kaggle_2d
data\raw\kaggle_2d_shapes\hexagon\hexagon_23072.png,hexagon,train,kaggle_2d
data\raw\kaggle_2d_shapes\hexagon\hexagon_43002.png,hexagon,train,kaggle_2d
data\raw\kaggle_2d_shapes\hexagon\hexagon_21446.png,hexagon,train,kaggle_2d
data\raw\kaggle_2d_shapes\hexagon\hexagon_13978.png,hexagon,train,kaggle_2d
data\raw\kaggle_2d_shapes\hexagon\hexagon_43409.png,hexagon,test,kaggle_2d
data\raw\kaggle_2d_shapes\hexagon\hexagon_25282.png,hexagon,train,kaggle_2d
data\raw\kaggle_2d_shapes\hexagon\hexagon_40993.png,hexagon,train,kaggle_2d
data\raw\kaggle_2d_shapes\hexagon\hexagon_33185.png,hexagon,test,kaggle_2d
data\raw\kaggle_2d_shapes\hexagon\hexagon_28918.png,hexagon,train,kaggle_2d
data\raw\kaggle_2d_shapes\hexagon\hexagon_40120.png,hexagon,train,kaggle_2d
data\raw\kaggle_2d_shapes\hexagon\hexagon_48522.png,hexagon,train,kaggle_2d
data\raw\kaggle_2d_shapes\hexagon\hexagon_9613.png,hexagon,train,kaggle_2d
data\raw\kaggle_2d_shapes\hexagon\hexagon_38361.png,hexagon,train,kaggle_2d
data\raw\kaggle_2d_shapes\hexagon\hexagon_4498.png,hexagon,train,kaggle_2d
data\raw\kaggle_2d_shapes\hexagon\hexagon_22893.png,hexagon,test,kaggle_2d
data\raw\kaggle_2d_shapes\hexagon\hexagon_39266.png,hexagon,test,kaggle_2d
data\raw\kaggle_2d_shapes\hexagon\hexagon_20051.png,hexagon,train,kaggle_2d
data\raw\kaggle_2d_shapes\hexagon\hexagon_13242.png,hexagon,train,kaggle_2d
data\raw\kaggle_2d_shapes\hexagon\hexagon_27583.png,hexagon,train,kaggle_2d
data\raw\kaggle_2d_shapes\hexagon\hexagon_20070.png,hexagon,train,kaggle_2d
data\raw\kaggle_2d_shapes\hexagon\hexagon_44697.png,hexagon,train,kaggle_2d
data\raw\kaggle_2d_shapes\hexagon\hexagon_35853.png,hexagon,test,kaggle_2d
data\raw\kaggle_2d_shapes\hexagon\hexagon_5102.png,hexagon,train,kaggle_2d
data\raw\kaggle_2d_shapes\hexagon\hexagon_43013.png,hexagon,train,kaggle_2d
data\raw\kaggle_2d_shapes\hexagon\hexagon_20189.png,hexagon,train,kaggle_2d
data\raw\kaggle_2d_shapes\hexagon\hexagon_18438.png,hexagon,train,kaggle_2d
data\raw\kaggle_2d_shapes\hexagon\hexagon_30113.png,hexagon,train,kaggle_2d
data\raw\kaggle_2d_shapes\hexagon\hexagon_44025.png,hexagon,train,kaggle_2d
data\raw\kaggle_2d_shapes\hexagon\hexagon_4168.png,hexagon,train,kaggle_2d
data\raw\kaggle_2d_shapes\hexagon\hexagon_17619.png,hexagon,test,kaggle_2d
data\raw\kaggle_2d_shapes\hexagon\hexagon_642.png,hexagon,train,kaggle_2d
data\raw\kaggle_2d_shapes\hexagon\hexagon_14742.png,hexagon,train,kaggle_2d
data\raw\kaggle_2d_shapes\hexagon\hexagon_5916.png,hexagon,train,kaggle_2d
data\raw\kaggle_2d_shapes\hexagon\hexagon_12072.png,hexagon,train,kaggle_2d
data\raw\kaggle_2d_shapes\hexagon\hexagon_35595.png,hexagon,train,kaggle_2d
data\raw\kaggle_2d_shapes\hexagon\hexagon_12609.png,hexagon,train,kaggle_2d
data\raw\kaggle_2d_shapes\hexagon\hexagon_9203.png,hexagon,train,kaggle_2d
data\raw\kaggle_2d_shapes\hexagon\hexagon_43966.png,hexagon,train,kaggle_2d
data\raw\kaggle_2d_shapes\hexagon\hexagon_37357.png,hexagon,train,kaggle_2d
data\raw\kaggle_2d_shapes\hexagon\hexagon_23272.png,hexagon,train,kaggle_2d
data\raw\kaggle_2d_shapes\hexagon\hexagon_33411.png,hexagon,train,kaggle_2d
data\raw\kaggle_2d_shapes\hexagon\hexagon_41240.png,hexagon,train,kaggle_2d
data\raw\kaggle_2d_shapes\hexagon\hexagon_9411.png,hexagon,test,kaggle_2d
data\raw\kaggle_2d_shapes\hexagon\hexagon_12475.png,hexagon,train,kaggle_2d
data\raw\kaggle_2d_shapes\hexagon\hexagon_2556.png,hexagon,train,kaggle_2d
data\raw\kaggle_2d_shapes\hexagon\hexagon_25937.png,hexagon,test,kaggle_2d
data\raw\kaggle_2d_shapes\hexagon\hexagon_33162.png,hexagon,test,kaggle_2d
data\raw\kaggle_2d_shapes\hexagon\hexagon_45257.png,hexagon,test,kaggle_2d
data\raw\kaggle_2d_shapes\hexagon\hexagon_9485.png,hexagon,train,kaggle_2d
data\raw\kaggle_2d_shapes\hexagon\hexagon_15277.png,hexagon,train,kaggle_2d
data\raw\kaggle_2d_shapes\hexagon\hexagon_29780.png,hexagon,train,kaggle_2d
data\raw\kaggle_2d_shapes\hexagon\hexagon_19514.png,hexagon,test,kaggle_2d
data\raw\kaggle_2d_shapes\hexagon\hexagon_3030.png,hexagon,train,kaggle_2d
data\raw\kaggle_2d_shapes\hexagon\hexagon_2119.png,hexagon,train,kaggle_2d
data\raw\kaggle_2d_shapes\hexagon\hexagon_44474.png,hexagon,train,kaggle_2d
data\raw\kaggle_2d_shapes\hexagon\hexagon_32635.png,hexagon,train,kaggle_2d
data\raw\kaggle_2d_shapes\hexagon\hexagon_21334.png,hexagon,train,kaggle_2d
data\raw\kaggle_2d_shapes\hexagon\hexagon_3905.png,hexagon,test,kaggle_2d
data\raw\kaggle_2d_shapes\hexagon\hexagon_44810.png,hexagon,train,kaggle_2d
data\raw\kaggle_2d_shapes\hexagon\hexagon_42981.png,hexagon,train,kaggle_2d
data\raw\kaggle_2d_shapes\hexagon\hexagon_20502.png,hexagon,train,kaggle_2d
data\raw\kaggle_2d_shapes\hexagon\hexagon_45640.png,hexagon,test,kaggle_2d
data\raw\kaggle_2d_shapes\hexagon\hexagon_43564.png,hexagon,train,kaggle_2d
data\raw\kaggle_2d_shapes\hexagon\hexagon_12744.png,hexagon,train,kaggle_2d
data\raw\kaggle_2d_shapes\hexagon\hexagon_46463.png,hexagon,train,kaggle_2d
data\raw\kaggle_2d_shapes\hexagon\hexagon_14370.png,hexagon,train,kaggle_2d
data\raw\kaggle_2d_shapes\hexagon\hexagon_21028.png,hexagon,test,kaggle_2d
data\raw\kaggle_2d_shapes\hexagon\hexagon_43488.png,hexagon,train,kaggle_2d
data\raw\kaggle_2d_shapes\hexagon\hexagon_49890.png,hexagon,test,kaggle_2d
data\raw\kaggle_2d_shapes\hexagon\hexagon_24850.png,hexagon,test,kaggle_2d
data\raw\kaggle_2d_shapes\hexagon\hexagon_1157.png,hexagon,train,kaggle_2d
data\raw\kaggle_2d_shapes\hexagon\hexagon_42632.png,hexagon,train,kaggle_2d
data\raw\kaggle_2d_shapes\hexagon\hexagon_4596.png,hexagon,train,kaggle_2d
data\raw\kaggle_2d_shapes\hexagon\hexagon_4296.png,hexagon,train,kaggle_2d
data\raw\kaggle_2d_shapes\hexagon\hexagon_9094.png,hexagon,train,kaggle_2d
data\raw\kaggle_2d_shapes\hexagon\hexagon_7024.png,hexagon,train,kaggle_2d
data\raw\kaggle_2d_shapes\hexagon\hexagon_21814.png,hexagon,train,kaggle_2d
data\raw\kaggle_2d_shapes\hexagon\hexagon_37813.png,hexagon,train,kaggle_2d
data\raw\kaggle_2d_shapes\hexagon\hexagon_45716.png,hexagon,train,kaggle_2d
data\raw\kaggle_2d_shapes\hexagon\hexagon_37169.png,hexagon,train,kaggle_2d
data\raw\kaggle_2d_shapes\hexagon\hexagon_21188.png,hexagon,train,kaggle_2d
data\raw\kaggle_2d_shapes\hexagon\hexagon_47750.png,hexagon,test,kaggle_2d
data\raw\kaggle_2d_shapes\hexagon\hexagon_9232.png,hexagon,train,kaggle_2d
data\raw\kaggle_2d_shapes\hexagon\hexagon_11384.png,hexagon,train,kaggle_2d
data\raw\kaggle_2d_shapes\hexagon\hexagon_37198.png,hexagon,train,kaggle_2d
data\raw\kaggle_2d_shapes\hexagon\hexagon_43647.png,hexagon,test,kaggle_2d
data\raw\kaggle_2d_shapes\hexagon\hexagon_38608.png,hexagon,train,kaggle_2d
data\raw\kaggle_2d_shapes\hexagon\hexagon_1627.png,hexagon,train,kaggle_2d
data\raw\kaggle_2d_shapes\hexagon\hexagon_17546.png,hexagon,train,kaggle_2d
data\raw\kaggle_2d_shapes\hexagon\hexagon_11094.png,hexagon,train,kaggle_2d
data\raw\kaggle_2d_shapes\hexagon\hexagon_18736.png,hexagon,train,kaggle_2d
data\raw\kaggle_2d_shapes\hexagon\hexagon_39536.png,hexagon,train,kaggle_2d
data\raw\kaggle_2d_shapes\hexagon\hexagon_23827.png,hexagon,train,kaggle_2d
data\raw\kaggle_2d_shapes\hexagon\hexagon_30430.png,hexagon,train,kaggle_2d
data\raw\kaggle_2d_shapes\hexagon\hexagon_7225.png,hexagon,train,kaggle_2d
data\raw\kaggle_2d_shapes\hexagon\hexagon_49258.png,hexagon,train,kaggle_2d
data\raw\kaggle_2d_shapes\hexagon\hexagon_48091.png,hexagon,train,kaggle_2d
data\raw\kaggle_simple_shapes\Circle\Circle_08ef581a-2a93-11ea-8123-8363a7ec19e6.png,circle,test,kaggle_simple
data\raw\kaggle_simple_shapes\Circle\Circle_5a5d1fec-2a8a-11ea-8123-8363a7ec19e6.png,circle,train,kaggle_simple
data\raw\kaggle_simple_shapes\Circle\Circle_f86e1dc2-2a98-11ea-8123-8363a7ec19e6.png,circle,train,kaggle_simple
data\raw\kaggle_simple_shapes\Circle\Circle_57bb148c-2a86-11ea-8123-8363a7ec19e6.png,circle,train,kaggle_simple
data\raw\kaggle_simple_shapes\Circle\Circle_b4884a16-2a83-11ea-8123-8363a7ec19e6.png,circle,test,kaggle_simple
data\raw\kaggle_simple_shapes\Circle\Circle_47fae940-2a87-11ea-8123-8363a7ec19e6.png,circle,train,kaggle_simple
data\raw\kaggle_simple_shapes\Circle\Circle_4446be16-2a99-11ea-8123-8363a7ec19e6.png,circle,train,kaggle_simple
data\raw\kaggle_simple_shapes\Circle\Circle_6d06d842-2a92-11ea-8123-8363a7ec19e6.png,circle,train,kaggle_simple
data\raw\kaggle_simple_shapes\Circle\Circle_b1a7e422-2a8e-11ea-8123-8363a7ec19e6.png,circle,train,kaggle_simple
data\raw\kaggle_simple_shapes\Circle\Circle_56d59496-2a83-11ea-8123-8363a7ec19e6.png,circle,train,kaggle_simple
data\raw\kaggle_simple_shapes\Circle\Circle_178c0c66-2a92-11ea-8123-8363a7ec19e6.png,circle,train,kaggle_simple
data\raw\kaggle_simple_shapes\Circle\Circle_0a5b37b4-2a8e-11ea-8123-8363a7ec19e6.png,circle,train,kaggle_simple
data\raw\kaggle_simple_shapes\Circle\Circle_5193aace-2a95-11ea-8123-8363a7ec19e6.png,circle,train,kaggle_simple
data\raw\kaggle_simple_shapes\Circle\Circle_6af0f828-2a90-11ea-8123-8363a7ec19e6.png,circle,train,kaggle_simple
data\raw\kaggle_simple_shapes\Circle\Circle_86e2f1fa-2a84-11ea-8123-8363a7ec19e6.png,circle,train,kaggle_simple
data\raw\kaggle_simple_shapes\Circle\Circle_f7bf666e-2a85-11ea-8123-8363a7ec19e6.png,circle,train,kaggle_simple
data\raw\kaggle_simple_shapes\Circle\Circle_98d1046a-2a98-11ea-8123-8363a7ec19e6.png,circle,train,kaggle_simple
data\raw\kaggle_simple_shapes\Circle\Circle_b4d1e29a-2a8b-11ea-8123-8363a7ec19e6.png,circle,train,kaggle_simple
data\raw\kaggle_simple_shapes\Circle\Circle_e1947164-2a98-11ea-8123-8363a7ec19e6.png,circle,test,kaggle_simple
data\raw\kaggle_simple_shapes\Circle\Circle_e99aa856-2a8e-11ea-8123-8363a7ec19e6.png,circle,train,kaggle_simple
data\raw\kaggle_simple_shapes\Circle\Circle_521d2a48-2a99-11ea-8123-8363a7ec19e6.png,circle,train,kaggle_simple
data\raw\kaggle_simple_shapes\Circle\Circle_ab60c94a-2a83-11ea-8123-8363a7ec19e6.png,circle,train,kaggle_simple
data\raw\kaggle_simple_shapes\Circle\Circle_cacc21fc-2a93-11ea-8123-8363a7ec19e6.png,circle,train,kaggle_simple
data\raw\kaggle_simple_shapes\Circle\Circle_f067d2de-2a85-11ea-8123-8363a7ec19e6.png,circle,train,kaggle_simple
data\raw\kaggle_simple_shapes\Circle\Circle_7db7cc14-2a97-11ea-8123-8363a7ec19e6.png,circle,train,kaggle_simple
data\raw\kaggle_simple_shapes\Circle\Circle_b7150e40-2a92-11ea-8123-8363a7ec19e6.png,circle,test,kaggle_simple
data\raw\kaggle_simple_shapes\Circle\Circle_fe68117c-2a90-11ea-8123-8363a7ec19e6.png,circle,train,kaggle_simple
data\raw\kaggle_simple_shapes\Circle\Circle_d6a63e80-2a94-11ea-8123-8363a7ec19e6.png,circle,train,kaggle_simple
data\raw\kaggle_simple_shapes\Circle\Circle_f10fd5e4-2a83-11ea-8123-8363a7ec19e6.png,circle,train,kaggle_simple
data\raw\kaggle_simple_shapes\Circle\Circle_ba8ac728-2a8c-11ea-8123-8363a7ec19e6.png,circle,train,kaggle_simple
data\raw\kaggle_simple_shapes\Circle\Circle_dcf73bba-2a83-11ea-8123-8363a7ec19e6.png,circle,train,kaggle_simple
data\raw\kaggle_simple_shapes\Circle\Circle_5c76fa5a-2a94-11ea-8123-8363a7ec19e6.png,circle,train,kaggle_simple
data\raw\kaggle_simple_shapes\Circle\Circle_53e42780-2a91-11ea-8123-8363a7ec19e6.png,circle,train,kaggle_simple
data\raw\kaggle_simple_shapes\Circle\Circle_33944306-2a97-11ea-8123-8363a7ec19e6.png,circle,train,kaggle_simple
data\raw\kaggle_simple_shapes\Circle\Circle_aadf579c-2a93-11ea-8123-8363a7ec19e6.png,circle,test,kaggle_simple
data\raw\kaggle_simple_shapes\Circle\Circle_69e52208-2a98-11ea-8123-8363a7ec19e6.png,circle,train,kaggle_simple
data\raw\kaggle_simple_shapes\Circle\Circle_7a8b0a4e-2a95-11ea-8123-8363a7ec19e6.png,circle,train,kaggle_simple
data\raw\kaggle_simple_shapes\Circle\Circle_c2d7bd56-2a95-11ea-8123-8363a7ec19e6.png,circle,train,kaggle_simple
data\raw\kaggle_simple_shapes\Circle\Circle_fc0b2bca-2a87-11ea-8123-8363a7ec19e6.png,circle,train,kaggle_simple
data\raw\kaggle_simple_shapes\Circle\Circle_443616fe-2a8c-11ea-8123-8363a7ec19e6.png,circle,train,kaggle_simple
data\raw\kaggle_simple_shapes\Circle\Circle_059fd31e-2a85-11ea-8123-8363a7ec19e6.png,circle,train,kaggle_simple
data\raw\kaggle_simple_shapes\Circle\Circle_b627c32c-2a94-11ea-8123-8363a7ec19e6.png,circle,train,kaggle_simple
data\raw\kaggle_simple_shapes\Circle\Circle_7c33a462-2a83-11ea-8123-8363a7ec19e6.png,circle,train,kaggle_simple
data\raw\kaggle_simple_shapes\Circle\Circle_51088fba-2a96-11ea-8123-8363a7ec19e6.png,circle,train,kaggle_simple
data\raw\kaggle_simple_shapes\Circle\Circle_9993bf1a-2a92-11ea-8123-8363a7ec19e6.png,circle,train,kaggle_simple
data\raw\kaggle_simple_shapes\Circle\Circle_5a2d4304-2a84-11ea-8123-8363a7ec19e6.png,circle,train,kaggle_simple
data\raw\kaggle_simple_shapes\Circle\Circle_6f4c0824-2a93-11ea-8123-8363a7ec19e6.png,circle,train,kaggle_simple
data\raw\kaggle_simple_shapes\Circle\Circle_17aa46ba-2a95-11ea-8123-8363a7ec19e6.png,circle,train,kaggle_simple
data\raw\kaggle_simple_shapes\Circle\Circle_2a58b0e8-2a91-11ea-8123-8363a7ec19e6.png,circle,test,kaggle_simple
data\raw\kaggle_simple_shapes\Circle\Circle_a9f0789c-2a8f-11ea-8123-8363a7ec19e6.png,circle,train,kaggle_simple
data\raw\kaggle_simple_shapes\Circle\Circle_76394f6a-2a99-11ea-8123-8363a7ec19e6.png,circle,train,kaggle_simple
data\raw\kaggle_simple_shapes\Circle\Circle_fbd67ec4-2a88-11ea-8123-8363a7ec19e6.png,circle,train,kaggle_simple
data\raw\kaggle_simple_shapes\Circle\Circle_53bc68f4-2a9a-11ea-8123-8363a7ec19e6.png,circle,test,kaggle_simple
data\raw\kaggle_simple_shapes\Circle\Circle_b7f7005e-2a90-11ea-8123-8363a7ec19e6.png,circle,train,kaggle_simple
data\raw\kaggle_simple_shapes\Circle\Circle_bc7fa016-2a88-11ea-8123-8363a7ec19e6.png,circle,train,kaggle_simple
data\raw\kaggle_simple_shapes\Circle\Circle_5bfad9f2-2a85-11ea-8123-8363a7ec19e6.png,circle,train,kaggle_simple
data\raw\kaggle_simple_shapes\Circle\Circle_bca372da-2a87-11ea-8123-8363a7ec19e6.png,circle,train,kaggle_simple
data\raw\kaggle_simple_shapes\Circle\Circle_aa45e8f0-2a93-11ea-8123-8363a7ec19e6.png,circle,train,kaggle_simple
data\raw\kaggle_simple_shapes\Circle\Circle_7e2eade6-2a94-11ea-8123-8363a7ec19e6.png,circle,train,kaggle_simple
data\raw\kaggle_simple_shapes\Circle\Circle_23d1658a-2a8c-11ea-8123-8363a7ec19e6.png,circle,test,kaggle_simple
data\raw\kaggle_simple_shapes\Circle\Circle_4657a8f6-2a98-11ea-8123-8363a7ec19e6.png,circle,train,kaggle_simple
data\raw\kaggle_simple_shapes\Circle\Circle_a1fb186c-2a9a-11ea-8123-8363a7ec19e6.png,circle,train,kaggle_simple
data\raw\kaggle_simple_shapes\Circle\Circle_5dbe1544-2a8d-11ea-8123-8363a7ec19e6.png,circle,test,kaggle_simple
data\raw\kaggle_simple_shapes\Circle\Circle_6f272b60-2a90-11ea-8123-8363a7ec19e6.png,circle,train,kaggle_simple
data\raw\kaggle_simple_shapes\Circle\Circle_4215e9de-2a8d-11ea-8123-8363a7ec19e6.png,circle,test,kaggle_simple
data\raw\kaggle_simple_shapes\Circle\Circle_3d7860f2-2a9a-11ea-8123-8363a7ec19e6.png,circle,train,kaggle_simple
data\raw\kaggle_simple_shapes\Circle\Circle_71759f18-2a87-11ea-8123-8363a7ec19e6.png,circle,train,kaggle_simple
data\raw\kaggle_simple_shapes\Circle\Circle_1d263120-2a87-11ea-8123-8363a7ec19e6.png,circle,train,kaggle_simple
data\raw\kaggle_simple_shapes\Circle\Circle_9e0e1508-2a84-11ea-8123-8363a7ec19e6.png,circle,test,kaggle_simple
data\raw\kaggle_simple_shapes\Circle\Circle_ed36b874-2a8e-11ea-8123-8363a7ec19e6.png,circle,train,kaggle_simple
data\raw\kaggle_simple_shapes\Circle\Circle_62cbec06-2a87-11ea-8123-8363a7ec19e6.png,circle,train,kaggle_simple
data\raw\kaggle_simple_shapes\Circle\Circle_4467f6a8-2a8a-11ea-8123-8363a7ec19e6.png,circle,train,kaggle_simple
data\raw\kaggle_simple_shapes\Circle\Circle_cd152860-2a83-11ea-8123-8363a7ec19e6.png,circle,test,kaggle_simple
data\raw\kaggle_simple_shapes\Circle\Circle_bfd4383c-2a95-11ea-8123-8363a7ec19e6.png,circle,train,kaggle_simple
data\raw\kaggle_simple_shapes\Circle\Circle_4cd1b976-2a96-11ea-8123-8363a7ec19e6.png,circle,train,kaggle_simple
data\raw\kaggle_simple_shapes\Circle\Circle_c25bedc2-2a93-11ea-8123-8363a7ec19e6.png,circle,test,kaggle_simple
data\raw\kaggle_simple_shapes\Circle\Circle_6634cef2-2a97-11ea-8123-8363a7ec19e6.png,circle,test,kaggle_simple
data\raw\kaggle_simple_shapes\Circle\Circle_8133f54a-2a90-11ea-8123-8363a7ec19e6.png,circle,train,kaggle_simple
data\raw\kaggle_simple_shapes\Circle\Circle_30d938c8-2a8e-11ea-8123-8363a7ec19e6.png,circle,train,kaggle_simple
data\raw\kaggle_simple_shapes\Circle\Circle_345facaa-2a8b-11ea-8123-8363a7ec19e6.png,circle,train,kaggle_simple
data\raw\kaggle_simple_shapes\Circle\Circle_c3185d9a-2a8e-11ea-8123-8363a7ec19e6.png,circle,train,kaggle_simple
data\raw\kaggle_simple_shapes\Circle\Circle_19c7a2d2-2a98-11ea-8123-8363a7ec19e6.png,circle,test,kaggle_simple
data\raw\kaggle_simple_shapes\Circle\Circle_ed3ddd30-2a92-11ea-8123-8363a7ec19e6.png,circle,train,kaggle_simple
data\raw\kaggle_simple_shapes\Circle\Circle_27067cd4-2a98-11ea-8123-8363a7ec19e6.png,circle,train,kaggle_simple
data\raw\kaggle_simple_shapes\Circle\Circle_022ae5f2-2a94-11ea-8123-8363a7ec19e6.png,circle,train,kaggle_simple
data\raw\kaggle_simple_shapes\Circle\Circle_3ed04a72-2a8c-11ea-8123-8363a7ec19e6.png,circle,test,kaggle_simple
data\raw\kaggle_simple_shapes\Circle\Circle_0ae4fbee-2a92-11ea-8123-8363a7ec19e6.png,circle,train,kaggle_simple
data\raw\kaggle_simple_shapes\Circle\Circle_54371a88-2a93-11ea-8123-8363a7ec19e6.png,circle,train,kaggle_simple
data\raw\kaggle_simple_shapes\Circle\Circle_21fcd060-2a86-11ea-8123-8363a7ec19e6.png,circle,test,kaggle_simple
data\raw\kaggle_simple_shapes\Circle\Circle_1a43c250-2a97-11ea-8123-8363a7ec19e6.png,circle,test,kaggle_simple
data\raw\kaggle_simple_shapes\Circle\Circle_540bb4ee-2a96-11ea-8123-8363a7ec19e6.png,circle,train,kaggle_simple
data\raw\kaggle_simple_shapes\Circle\Circle_7788a93c-2a8b-11ea-8123-8363a7ec19e6.png,circle,train,kaggle_simple
data\raw\kaggle_simple_shapes\Circle\Circle_e84239c6-2a96-11ea-8123-8363a7ec19e6.png,circle,test,kaggle_simple
data\raw\kaggle_simple_shapes\Circle\Circle_7f25c55a-2a89-11ea-8123-8363a7ec19e6.png,circle,train,kaggle_simple
data\raw\kaggle_simple_shapes\Circle\Circle_25352398-2a8d-11ea-8123-8363a7ec19e6.png,circle,train,kaggle_simple
data\raw\kaggle_simple_shapes\Circle\Circle_4b1c8f42-2a8d-11ea-8123-8363a7ec19e6.png,circle,train,kaggle_simple
data\raw\kaggle_simple_shapes\Circle\Circle_0ae7b520-2a9a-11ea-8123-8363a7ec19e6.png,circle,train,kaggle_simple
data\raw\kaggle_simple_shapes\Circle\Circle_c4a0e736-2a84-11ea-8123-8363a7ec19e6.png,circle,test,kaggle_simple
data\raw\kaggle_simple_shapes\Circle\Circle_d0852b6a-2a99-11ea-8123-8363a7ec19e6.png,circle,train,kaggle_simple
data\raw\kaggle_simple_shapes\Circle\Circle_9b8216a2-2a8b-11ea-8123-8363a7ec19e6.png,circle,train,kaggle_simple
data\raw\kaggle_simple_shapes\Circle\Circle_3568d03c-2a85-11ea-8123-8363a7ec19e6.png,circle,train,kaggle_simple
data\raw\kaggle_simple_shapes\Circle\Circle_0c197cd8-2a92-11ea-8123-8363a7ec19e6.png,circle,test,kaggle_simple
data\raw\kaggle_simple_shapes\Circle\Circle_e7d498cc-2a8b-11ea-8123-8363a7ec19e6.png,circle,train,kaggle_simple
data\raw\kaggle_simple_shapes\Circle\Circle_24341962-2a8e-11ea-8123-8363a7ec19e6.png,circle,train,kaggle_simple
data\raw\kaggle_simple_shapes\Circle\Circle_473bd2b0-2a84-11ea-8123-8363a7ec19e6.png,circle,train,kaggle_simple
data\raw\kaggle_simple_shapes\Circle\Circle_14127882-2a91-11ea-8123-8363a7ec19e6.png,circle,train,kaggle_simple
data\raw\kaggle_simple_shapes\Circle\Circle_fcca58b8-2a8e-11ea-8123-8363a7ec19e6.png,circle,train,kaggle_simple
data\raw\kaggle_simple_shapes\Circle\Circle_8011b332-2a8b-11ea-8123-8363a7ec19e6.png,circle,train,kaggle_simple
data\raw\kaggle_simple_shapes\Circle\Circle_018b2294-2a88-11ea-8123-8363a7ec19e6.png,circle,train,kaggle_simple
data\raw\kaggle_simple_shapes\Circle\Circle_0837c546-2a8f-11ea-8123-8363a7ec19e6.png,circle,train,kaggle_simple
data\raw\kaggle_simple_shapes\Circle\Circle_3eec79ec-2a8f-11ea-8123-8363a7ec19e6.png,circle,train,kaggle_simple
data\raw\kaggle_simple_shapes\Circle\Circle_d0240922-2a83-11ea-8123-8363a7ec19e6.png,circle,train,kaggle_simple
data\raw\kaggle_simple_shapes\Circle\Circle_7273252e-2a92-11ea-8123-8363a7ec19e6.png,circle,train,kaggle_simple
data\raw\kaggle_simple_shapes\Circle\Circle_ab50fc18-2a8d-11ea-8123-8363a7ec19e6.png,circle,test,kaggle_simple
data\raw\kaggle_simple_shapes\Circle\Circle_ab29b3de-2a91-11ea-8123-8363a7ec19e6.png,circle,train,kaggle_simple
data\raw\kaggle_simple_shapes\Circle\Circle_e565d266-2a92-11ea-8123-8363a7ec19e6.png,circle,train,kaggle_simple
data\raw\kaggle_simple_shapes\Circle\Circle_8675e49a-2a91-11ea-8123-8363a7ec19e6.png,circle,train,kaggle_simple
data\raw\kaggle_simple_shapes\Circle\Circle_33a748e8-2a8d-11ea-8123-8363a7ec19e6.png,circle,train,kaggle_simple
data\raw\kaggle_simple_shapes\Circle\Circle_47532c10-2a95-11ea-8123-8363a7ec19e6.png,circle,test,kaggle_simple
data\raw\kaggle_simple_shapes\Circle\Circle_20118d52-2a88-11ea-8123-8363a7ec19e6.png,circle,train,kaggle_simple
data\raw\kaggle_simple_shapes\Circle\Circle_8ed171fe-2a87-11ea-8123-8363a7ec19e6.png,circle,train,kaggle_simple
data\raw\kaggle_simple_shapes\Circle\Circle_db1f193e-2a97-11ea-8123-8363a7ec19e6.png,circle,train,kaggle_simple
data\raw\kaggle_simple_shapes\Circle\Circle_a4b495a2-2a94-11ea-8123-8363a7ec19e6.png,circle,train,kaggle_simple
data\raw\kaggle_simple_shapes\Circle\Circle_3aa5ad90-2a8a-11ea-8123-8363a7ec19e6.png,circle,train,kaggle_simple
data\raw\kaggle_simple_shapes\Circle\Circle_62c74f30-2a9a-11ea-8123-8363a7ec19e6.png,circle,train,kaggle_simple
data\raw\kaggle_simple_shapes\Circle\Circle_303c042a-2a9a-11ea-8123-8363a7ec19e6.png,circle,train,kaggle_simple
data\raw\kaggle_simple_shapes\Circle\Circle_d27193f0-2a85-11ea-8123-8363a7ec19e6.png,circle,train,kaggle_simple
data\raw\kaggle_simple_shapes\Circle\Circle_04b7def2-2a93-11ea-8123-8363a7ec19e6.png,circle,train,kaggle_simple
data\raw\kaggle_simple_shapes\Circle\Circle_c618be90-2a8e-11ea-8123-8363a7ec19e6.png,circle,test,kaggle_simple
data\raw\kaggle_simple_shapes\Circle\Circle_57cccec2-2a98-11ea-8123-8363a7ec19e6.png,circle,train,kaggle_simple
data\raw\kaggle_simple_shapes\Circle\Circle_0a20f41e-2a98-11ea-8123-8363a7ec19e6.png,circle,train,kaggle_simple
data\raw\kaggle_simple_shapes\Circle\Circle_f44f8d7c-2a96-11ea-8123-8363a7ec19e6.png,circle,test,kaggle_simple
data\raw\kaggle_simple_shapes\Circle\Circle_750623ac-2a8f-11ea-8123-8363a7ec19e6.png,circle,train,kaggle_simple
data\raw\kaggle_simple_shapes\Circle\Circle_3a444cd2-2a8d-11ea-8123-8363a7ec19e6.png,circle,train,kaggle_simple
data\raw\kaggle_simple_shapes\Circle\Circle_57157550-2a85-11ea-8123-8363a7ec19e6.png,circle,train,kaggle_simple
data\raw\kaggle_simple_shapes\Circle\Circle_58dc5258-2a96-11ea-8123-8363a7ec19e6.png,circle,test,kaggle_simple
data\raw\kaggle_simple_shapes\Circle\Circle_585a1990-2a97-11ea-8123-8363a7ec19e6.png,circle,train,kaggle_simple
data\raw\kaggle_simple_shapes\Circle\Circle_4f9c4612-2a8c-11ea-8123-8363a7ec19e6.png,circle,train,kaggle_simple
data\raw\kaggle_simple_shapes\Circle\Circle_9643709e-2a8d-11ea-8123-8363a7ec19e6.png,circle,train,kaggle_simple
data\raw\kaggle_simple_shapes\Circle\Circle_b5e058ae-2a92-11ea-8123-8363a7ec19e6.png,circle,train,kaggle_simple
data\raw\kaggle_simple_shapes\Circle\Circle_560579fe-2a93-11ea-8123-8363a7ec19e6.png,circle,train,kaggle_simple
data\raw\kaggle_simple_shapes\Circle\Circle_efef7f0e-2a90-11ea-8123-8363a7ec19e6.png,circle,test,kaggle_simple
data\raw\kaggle_simple_shapes\Circle\Circle_0812c4f4-2a89-11ea-8123-8363a7ec19e6.png,circle,test,kaggle_simple
data\raw\kaggle_simple_shapes\Circle\Circle_b37e628a-2a84-11ea-8123-8363a7ec19e6.png,circle,train,kaggle_simple
data\raw\kaggle_simple_shapes\Circle\Circle_0d5c40fc-2a8e-11ea-8123-8363a7ec19e6.png,circle,test,kaggle_simple
data\raw\kaggle_simple_shapes\Circle\Circle_0bd35dc6-2a8c-11ea-8123-8363a7ec19e6.png,circle,train,kaggle_simple
data\raw\kaggle_simple_shapes\Circle\Circle_8e0f52c2-2a8c-11ea-8123-8363a7ec19e6.png,circle,test,kaggle_simple
data\raw\kaggle_simple_shapes\Circle\Circle_48284cc6-2a89-11ea-8123-8363a7ec19e6.png,circle,train,kaggle_simple
data\raw\kaggle_simple_shapes\Circle\Circle_52b6987c-2a99-11ea-8123-8363a7ec19e6.png,circle,test,kaggle_simple
data\raw\kaggle_simple_shapes\Circle\Circle_84735a6a-2a8c-11ea-8123-8363a7ec19e6.png,circle,train,kaggle_simple
data\raw\kaggle_simple_shapes\Circle\Circle_1a9525e0-2a8e-11ea-8123-8363a7ec19e6.png,circle,train,kaggle_simple
data\raw\kaggle_simple_shapes\Circle\Circle_80c00236-2a84-11ea-8123-8363a7ec19e6.png,circle,train,kaggle_simple
data\raw\kaggle_simple_shapes\Circle\Circle_eb6864ca-2a8e-11ea-8123-8363a7ec19e6.png,circle,train,kaggle_simple
data\raw\kaggle_simple_shapes\Circle\Circle_85dc11f8-2a91-11ea-8123-8363a7ec19e6.png,circle,train,kaggle_simple
data\raw\kaggle_simple_shapes\Circle\Circle_575ac0f2-2a8e-11ea-8123-8363a7ec19e6.png,circle,train,kaggle_simple
data\raw\kaggle_simple_shapes\Circle\Circle_62a65660-2a93-11ea-8123-8363a7ec19e6.png,circle,train,kaggle_simple
data\raw\kaggle_simple_shapes\Circle\Circle_220b693c-2a94-11ea-8123-8363a7ec19e6.png,circle,train,kaggle_simple
data\raw\kaggle_simple_shapes\Circle\Circle_3e29641a-2a8b-11ea-8123-8363a7ec19e6.png,circle,train,kaggle_simple
data\raw\kaggle_simple_shapes\Circle\Circle_55048d1c-2a8c-11ea-8123-8363a7ec19e6.png,circle,test,kaggle_simple
data\raw\kaggle_simple_shapes\Circle\Circle_46a1173e-2a84-11ea-8123-8363a7ec19e6.png,circle,train,kaggle_simple
data\raw\kaggle_simple_shapes\Circle\Circle_f5a40a44-2a97-11ea-8123-8363a7ec19e6.png,circle,test,kaggle_simple
data\raw\kaggle_simple_shapes\Circle\Circle_5ebba11a-2a91-11ea-8123-8363a7ec19e6.png,circle,train,kaggle_simple
data\raw\kaggle_simple_shapes\Circle\Circle_d78149be-2a97-11ea-8123-8363a7ec19e6.png,circle,train,kaggle_simple
data\raw\kaggle_simple_shapes\Circle\Circle_1da16d80-2a88-11ea-8123-8363a7ec19e6.png,circle,train,kaggle_simple
data\raw\kaggle_simple_shapes\Circle\Circle_4c198fe2-2a99-11ea-8123-8363a7ec19e6.png,circle,train,kaggle_simple
data\raw\kaggle_simple_shapes\Circle\Circle_d88fae3a-2a98-11ea-8123-8363a7ec19e6.png,circle,train,kaggle_simple
data\raw\kaggle_simple_shapes\Circle\Circle_ad470214-2a93-11ea-8123-8363a7ec19e6.png,circle,train,kaggle_simple
data\raw\kaggle_simple_shapes\Circle\Circle_4fb5323c-2a99-11ea-8123-8363a7ec19e6.png,circle,train,kaggle_simple
data\raw\kaggle_simple_shapes\Circle\Circle_4d1d851e-2a9a-11ea-8123-8363a7ec19e6.png,circle,test,kaggle_simple
data\raw\kaggle_simple_shapes\Circle\Circle_d6b7db80-2a95-11ea-8123-8363a7ec19e6.png,circle,train,kaggle_simple
data\raw\kaggle_simple_shapes\Circle\Circle_54854e5a-2a99-11ea-8123-8363a7ec19e6.png,circle,train,kaggle_simple
data\raw\kaggle_simple_shapes\Circle\Circle_eb4c24fe-2a89-11ea-8123-8363a7ec19e6.png,circle,test,kaggle_simple
data\raw\kaggle_simple_shapes\Circle\Circle_17664a7e-2a85-11ea-8123-8363a7ec19e6.png,circle,train,kaggle_simple
data\raw\kaggle_simple_shapes\Circle\Circle_801dcf18-2a87-11ea-8123-8363a7ec19e6.png,circle,train,kaggle_simple
data\raw\kaggle_simple_shapes\Circle\Circle_4393cf6e-2a84-11ea-8123-8363a7ec19e6.png,circle,test,kaggle_simple
data\raw\kaggle_simple_shapes\Circle\Circle_79d4df0e-2a99-11ea-8123-8363a7ec19e6.png,circle,test,kaggle_simple
data\raw\kaggle_simple_shapes\Circle\Circle_ec7d1b4e-2a93-11ea-8123-8363a7ec19e6.png,circle,train,kaggle_simple
data\raw\kaggle_simple_shapes\Circle\Circle_11d7ca92-2a8f-11ea-8123-8363a7ec19e6.png,circle,train,kaggle_simple
data\raw\kaggle_simple_shapes\Circle\Circle_f9b9c552-2a96-11ea-8123-8363a7ec19e6.png,circle,train,kaggle_simple
data\raw\kaggle_simple_shapes\Circle\Circle_51ee2242-2a9a-11ea-8123-8363a7ec19e6.png,circle,train,kaggle_simple
data\raw\kaggle_simple_shapes\Circle\Circle_c44c930c-2a8e-11ea-8123-8363a7ec19e6.png,circle,train,kaggle_simple
data\raw\kaggle_simple_shapes\Circle\Circle_7ed7004e-2a8b-11ea-8123-8363a7ec19e6.png,circle,train,kaggle_simple
data\raw\kaggle_simple_shapes\Circle\Circle_fe5e20aa-2a94-11ea-8123-8363a7ec19e6.png,circle,train,kaggle_simple
data\raw\kaggle_simple_shapes\Circle\Circle_041dc18c-2a93-11ea-8123-8363a7ec19e6.png,circle,train,kaggle_simple
data\raw\kaggle_simple_shapes\Circle\Circle_2702ce5a-2a8d-11ea-8123-8363a7ec19e6.png,circle,train,kaggle_simple
data\raw\kaggle_simple_shapes\Circle\Circle_5ee86ea8-2a90-11ea-8123-8363a7ec19e6.png,circle,train,kaggle_simple
data\raw\kaggle_simple_shapes\Circle\Circle_d6ba1248-2a85-11ea-8123-8363a7ec19e6.png,circle,train,kaggle_simple
data\raw\kaggle_simple_shapes\Circle\Circle_67a0a582-2a8c-11ea-8123-8363a7ec19e6.png,circle,train,kaggle_simple
data\raw\kaggle_simple_shapes\Circle\Circle_1be2491c-2a95-11ea-8123-8363a7ec19e6.png,circle,train,kaggle_simple
data\raw\kaggle_simple_shapes\Circle\Circle_b3b39a86-2a89-11ea-8123-8363a7ec19e6.png,circle,train,kaggle_simple
data\raw\kaggle_simple_shapes\Circle\Circle_0686a394-2a93-11ea-8123-8363a7ec19e6.png,circle,train,kaggle_simple
data\raw\kaggle_simple_shapes\Circle\Circle_65b5e38a-2a88-11ea-8123-8363a7ec19e6.png,circle,test,kaggle_simple
data\raw\kaggle_simple_shapes\Circle\Circle_08c5ec56-2a97-11ea-8123-8363a7ec19e6.png,circle,test,kaggle_simple
data\raw\kaggle_simple_shapes\Circle\Circle_2fc2d144-2a91-11ea-8123-8363a7ec19e6.png,circle,train,kaggle_simple
data\raw\kaggle_simple_shapes\Circle\Circle_b7c89fee-2a8f-11ea-8123-8363a7ec19e6.png,circle,train,kaggle_simple
data\raw\kaggle_simple_shapes\Circle\Circle_c56019c6-2a93-11ea-8123-8363a7ec19e6.png,circle,train,kaggle_simple
data\raw\kaggle_simple_shapes\Circle\Circle_8c2af306-2a93-11ea-8123-8363a7ec19e6.png,circle,train,kaggle_simple
data\raw\kaggle_simple_shapes\Circle\Circle_71199752-2a93-11ea-8123-8363a7ec19e6.png,circle,train,kaggle_simple
data\raw\kaggle_simple_shapes\Circle\Circle_c955528e-2a85-11ea-8123-8363a7ec19e6.png,circle,test,kaggle_simple
data\raw\kaggle_simple_shapes\Circle\Circle_276c132a-2a8c-11ea-8123-8363a7ec19e6.png,circle,train,kaggle_simple
data\raw\kaggle_simple_shapes\Circle\Circle_25ceb512-2a8d-11ea-8123-8363a7ec19e6.png,circle,train,kaggle_simple
data\raw\kaggle_simple_shapes\Circle\Circle_60ef654e-2a8b-11ea-8123-8363a7ec19e6.png,circle,train,kaggle_simple
data\raw\kaggle_simple_shapes\Circle\Circle_d0c28b70-2a96-11ea-8123-8363a7ec19e6.png,circle,train,kaggle_simple
data\raw\kaggle_simple_shapes\Circle\Circle_63611e8a-2a9a-11ea-8123-8363a7ec19e6.png,circle,train,kaggle_simple
data\raw\kaggle_simple_shapes\Circle\Circle_d0bb04a0-2a86-11ea-8123-8363a7ec19e6.png,circle,train,kaggle_simple
data\raw\kaggle_simple_shapes\Circle\Circle_354f3492-2a8f-11ea-8123-8363a7ec19e6.png,circle,train,kaggle_simple
data\raw\kaggle_simple_shapes\Circle\Circle_b45de926-2a95-11ea-8123-8363a7ec19e6.png,circle,train,kaggle_simple
data\raw\kaggle_simple_shapes\Circle\Circle_089e682c-2a95-11ea-8123-8363a7ec19e6.png,circle,train,kaggle_simple
data\raw\kaggle_simple_shapes\Circle\Circle_722bc530-2a8d-11ea-8123-8363a7ec19e6.png,circle,train,kaggle_simple
data\raw\kaggle_simple_shapes\Circle\Circle_689d2734-2a97-11ea-8123-8363a7ec19e6.png,circle,train,kaggle_simple
data\raw\kaggle_simple_shapes\Circle\Circle_05c182a6-2a86-11ea-8123-8363a7ec19e6.png,circle,train,kaggle_simple
data\raw\kaggle_simple_shapes\Circle\Circle_49e85000-2a8a-11ea-8123-8363a7ec19e6.png,circle,train,kaggle_simple
data\raw\kaggle_simple_shapes\Circle\Circle_1900d8d4-2a96-11ea-8123-8363a7ec19e6.png,circle,test,kaggle_simple
data\raw\kaggle_simple_shapes\Circle\Circle_aa8830ac-2a89-11ea-8123-8363a7ec19e6.png,circle,train,kaggle_simple
data\raw\kaggle_simple_shapes\Circle\Circle_203ebb68-2a94-11ea-8123-8363a7ec19e6.png,circle,train,kaggle_simple
data\raw\kaggle_simple_shapes\Circle\Circle_7d6d2772-2a83-11ea-8123-8363a7ec19e6.png,circle,train,kaggle_simple
data\raw\kaggle_simple_shapes\Circle\Circle_81fbf3e4-2a84-11ea-8123-8363a7ec19e6.png,circle,test,kaggle_simple
data\raw\kaggle_simple_shapes\Circle\Circle_be13633a-2a89-11ea-8123-8363a7ec19e6.png,circle,test,kaggle_simple
data\raw\kaggle_simple_shapes\Circle\Circle_bc454854-2a96-11ea-8123-8363a7ec19e6.png,circle,train,kaggle_simple
data\raw\kaggle_simple_shapes\Circle\Circle_6ae4b518-2a95-11ea-8123-8363a7ec19e6.png,circle,test,kaggle_simple
data\raw\kaggle_simple_shapes\Circle\Circle_9da62a66-2a97-11ea-8123-8363a7ec19e6.png,circle,train,kaggle_simple
data\raw\kaggle_simple_shapes\Circle\Circle_ff41b96e-2a8f-11ea-8123-8363a7ec19e6.png,circle,train,kaggle_simple
data\raw\kaggle_simple_shapes\Circle\Circle_037a0fea-2a8b-11ea-8123-8363a7ec19e6.png,circle,train,kaggle_simple
data\raw\kaggle_simple_shapes\Circle\Circle_87b243d8-2a89-11ea-8123-8363a7ec19e6.png,circle,test,kaggle_simple
data\raw\kaggle_simple_shapes\Circle\Circle_5a3b9d1c-2a8b-11ea-8123-8363a7ec19e6.png,circle,train,kaggle_simple
data\raw\kaggle_simple_shapes\Circle\Circle_324db796-2a8f-11ea-8123-8363a7ec19e6.png,circle,train,kaggle_simple
data\raw\kaggle_simple_shapes\Circle\Circle_cb842b4e-2a8e-11ea-8123-8363a7ec19e6.png,circle,train,kaggle_simple
data\raw\kaggle_simple_shapes\Circle\Circle_6e365dc0-2a9a-11ea-8123-8363a7ec19e6.png,circle,train,kaggle_simple
data\raw\kaggle_simple_shapes\Circle\Circle_469f3974-2a88-11ea-8123-8363a7ec19e6.png,circle,train,kaggle_simple
data\raw\kaggle_simple_shapes\Circle\Circle_c2827934-2a92-11ea-8123-8363a7ec19e6.png,circle,train,kaggle_simple
data\raw\kaggle_simple_shapes\Circle\Circle_1c5d9bb2-2a9a-11ea-8123-8363a7ec19e6.png,circle,train,kaggle_simple
data\raw\kaggle_simple_shapes\Circle\Circle_2a841e46-2a86-11ea-8123-8363a7ec19e6.png,circle,test,kaggle_simple
data\raw\kaggle_simple_shapes\Circle\Circle_edd84726-2a92-11ea-8123-8363a7ec19e6.png,circle,train,kaggle_simple
data\raw\kaggle_simple_shapes\Circle\Circle_74916890-2a90-11ea-8123-8363a7ec19e6.png,circle,train,kaggle_simple
data\raw\kaggle_simple_shapes\Circle\Circle_06789628-2a84-11ea-8123-8363a7ec19e6.png,circle,train,kaggle_simple
data\raw\kaggle_simple_shapes\Circle\Circle_c0208fb2-2a85-11ea-8123-8363a7ec19e6.png,circle,train,kaggle_simple
data\raw\kaggle_simple_shapes\Circle\Circle_f629fde2-2a8e-11ea-8123-8363a7ec19e6.png,circle,train,kaggle_simple
data\raw\kaggle_simple_shapes\Circle\Circle_d2719346-2a94-11ea-8123-8363a7ec19e6.png,circle,train,kaggle_simple
data\raw\kaggle_simple_shapes\Circle\Circle_e430f77c-2a92-11ea-8123-8363a7ec19e6.png,circle,train,kaggle_simple
data\raw\kaggle_simple_shapes\Circle\Circle_bad77214-2a99-11ea-8123-8363a7ec19e6.png,circle,train,kaggle_simple
data\raw\kaggle_simple_shapes\Circle\Circle_78bba778-2a95-11ea-8123-8363a7ec19e6.png,circle,test,kaggle_simple
data\raw\kaggle_simple_shapes\Circle\Circle_8928daf6-2a93-11ea-8123-8363a7ec19e6.png,circle,train,kaggle_simple
data\raw\kaggle_simple_shapes\Circle\Circle_eccaa5f0-2a91-11ea-8123-8363a7ec19e6.png,circle,train,kaggle_simple
data\raw\kaggle_simple_shapes\Circle\Circle_7e8ab5ec-2a89-11ea-8123-8363a7ec19e6.png,circle,train,kaggle_simple
data\raw\kaggle_simple_shapes\Circle\Circle_216bdab2-2a84-11ea-8123-8363a7ec19e6.png,circle,test,kaggle_simple
data\raw\kaggle_simple_shapes\Circle\Circle_48267c98-2a98-11ea-8123-8363a7ec19e6.png,circle,train,kaggle_simple
data\raw\kaggle_simple_shapes\Circle\Circle_0e73a668-2a8b-11ea-8123-8363a7ec19e6.png,circle,train,kaggle_simple
data\raw\kaggle_simple_shapes\Circle\Circle_43e1d498-2a89-11ea-8123-8363a7ec19e6.png,circle,train,kaggle_simple
data\raw\kaggle_simple_shapes\Circle\Circle_34a43a20-2a89-11ea-8123-8363a7ec19e6.png,circle,train,kaggle_simple
data\raw\kaggle_simple_shapes\Circle\Circle_b5c421de-2a83-11ea-8123-8363a7ec19e6.png,circle,test,kaggle_simple
data\raw\kaggle_simple_shapes\Circle\Circle_f62cdf3c-2a8c-11ea-8123-8363a7ec19e6.png,circle,train,kaggle_simple
data\raw\kaggle_simple_shapes\Circle\Circle_94119d88-2a8c-11ea-8123-8363a7ec19e6.png,circle,train,kaggle_simple
data\raw\kaggle_simple_shapes\Circle\Circle_f5839998-2a93-11ea-8123-8363a7ec19e6.png,circle,train,kaggle_simple
data\raw\kaggle_simple_shapes\Circle\Circle_9896bce4-2a87-11ea-8123-8363a7ec19e6.png,circle,train,kaggle_simple
data\raw\kaggle_simple_shapes\Circle\Circle_3058e86a-2a95-11ea-8123-8363a7ec19e6.png,circle,train,kaggle_simple
data\raw\kaggle_simple_shapes\Circle\Circle_43ba7f28-2a8f-11ea-8123-8363a7ec19e6.png,circle,train,kaggle_simple
data\raw\kaggle_simple_shapes\Circle\Circle_908c6aca-2a92-11ea-8123-8363a7ec19e6.png,circle,train,kaggle_simple
data\raw\kaggle_simple_shapes\Circle\Circle_be63a06a-2a8f-11ea-8123-8363a7ec19e6.png,circle,train,kaggle_simple
data\raw\kaggle_simple_shapes\Circle\Circle_576baf0e-2a8c-11ea-8123-8363a7ec19e6.png,circle,test,kaggle_simple
data\raw\kaggle_simple_shapes\Circle\Circle_71d8e888-2a92-11ea-8123-8363a7ec19e6.png,circle,train,kaggle_simple
data\raw\kaggle_simple_shapes\Circle\Circle_42b84cfa-2a98-11ea-8123-8363a7ec19e6.png,circle,train,kaggle_simple
data\raw\kaggle_simple_shapes\Circle\Circle_03b700ea-2a8a-11ea-8123-8363a7ec19e6.png,circle,train,kaggle_simple
data\raw\kaggle_simple_shapes\Circle\Circle_83d35ee6-2a84-11ea-8123-8363a7ec19e6.png,circle,train,kaggle_simple
data\raw\kaggle_simple_shapes\Circle\Circle_d479f28c-2a8a-11ea-8123-8363a7ec19e6.png,circle,train,kaggle_simple
data\raw\kaggle_simple_shapes\Circle\Circle_678956c4-2a88-11ea-8123-8363a7ec19e6.png,circle,test,kaggle_simple
data\raw\kaggle_simple_shapes\Circle\Circle_58f48e80-2a97-11ea-8123-8363a7ec19e6.png,circle,train,kaggle_simple
data\raw\kaggle_simple_shapes\Circle\Circle_a141d6e8-2a97-11ea-8123-8363a7ec19e6.png,circle,test,kaggle_simple
data\raw\kaggle_simple_shapes\Circle\Circle_80bc31c0-2a97-11ea-8123-8363a7ec19e6.png,circle,train,kaggle_simple
data\raw\kaggle_simple_shapes\Circle\Circle_87697b6a-2a8b-11ea-8123-8363a7ec19e6.png,circle,test,kaggle_simple
data\raw\kaggle_simple_shapes\Circle\Circle_f7bfb830-2a94-11ea-8123-8363a7ec19e6.png,circle,train,kaggle_simple
data\raw\kaggle_simple_shapes\Circle\Circle_99b97d5c-2a99-11ea-8123-8363a7ec19e6.png,circle,train,kaggle_simple
data\raw\kaggle_simple_shapes\Circle\Circle_69bb22a8-2a90-11ea-8123-8363a7ec19e6.png,circle,train,kaggle_simple
data\raw\kaggle_simple_shapes\Circle\Circle_ed3f3840-2a8f-11ea-8123-8363a7ec19e6.png,circle,train,kaggle_simple
data\raw\kaggle_simple_shapes\Circle\Circle_21e74504-2a88-11ea-8123-8363a7ec19e6.png,circle,train,kaggle_simple
data\raw\kaggle_simple_shapes\Circle\Circle_4d7a0dd4-2a90-11ea-8123-8363a7ec19e6.png,circle,test,kaggle_simple
data\raw\kaggle_simple_shapes\Circle\Circle_3f6a393e-2a87-11ea-8123-8363a7ec19e6.png,circle,train,kaggle_simple
data\raw\kaggle_simple_shapes\Circle\Circle_13283464-2a98-11ea-8123-8363a7ec19e6.png,circle,test,kaggle_simple
data\raw\kaggle_simple_shapes\Circle\Circle_00d04b8c-2a91-11ea-8123-8363a7ec19e6.png,circle,test,kaggle_simple
data\raw\kaggle_simple_shapes\Circle\Circle_0bc8a600-2a97-11ea-8123-8363a7ec19e6.png,circle,train,kaggle_simple
data\raw\kaggle_simple_shapes\Circle\Circle_cf81e9d6-2a87-11ea-8123-8363a7ec19e6.png,circle,train,kaggle_simple
data\raw\kaggle_simple_shapes\Circle\Circle_e545ce0c-2a93-11ea-8123-8363a7ec19e6.png,circle,train,kaggle_simple
data\raw\kaggle_simple_shapes\Circle\Circle_11e13230-2a85-11ea-8123-8363a7ec19e6.png,circle,train,kaggle_simple
data\raw\kaggle_simple_shapes\Circle\Circle_6fc4fcee-2a8d-11ea-8123-8363a7ec19e6.png,circle,train,kaggle_simple
data\raw\kaggle_simple_shapes\Circle\Circle_c0577168-2a84-11ea-8123-8363a7ec19e6.png,circle,train,kaggle_simple
data\raw\kaggle_simple_shapes\Circle\Circle_71395ba2-2a8c-11ea-8123-8363a7ec19e6.png,circle,train,kaggle_simple
data\raw\kaggle_simple_shapes\Circle\Circle_2f07576c-2a9a-11ea-8123-8363a7ec19e6.png,circle,test,kaggle_simple
data\raw\kaggle_simple_shapes\Circle\Circle_2ca18fb2-2a8e-11ea-8123-8363a7ec19e6.png,circle,train,kaggle_simple
data\raw\kaggle_simple_shapes\Circle\Circle_2e6cfa6e-2a9a-11ea-8123-8363a7ec19e6.png,circle,test,kaggle_simple
data\raw\kaggle_simple_shapes\Circle\Circle_3a770500-2a92-11ea-8123-8363a7ec19e6.png,circle,train,kaggle_simple
data\raw\kaggle_simple_shapes\Circle\Circle_85b27cfe-2a9a-11ea-8123-8363a7ec19e6.png,circle,test,kaggle_simple
data\raw\kaggle_simple_shapes\Circle\Circle_e3288b16-2a91-11ea-8123-8363a7ec19e6.png,circle,train,kaggle_simple
data\raw\kaggle_simple_shapes\Circle\Circle_c5fae104-2a93-11ea-8123-8363a7ec19e6.png,circle,train,kaggle_simple
data\raw\kaggle_simple_shapes\Circle\Circle_6a739318-2a83-11ea-8123-8363a7ec19e6.png,circle,train,kaggle_simple
data\raw\kaggle_simple_shapes\Circle\Circle_37424d20-2a85-11ea-8123-8363a7ec19e6.png,circle,test,kaggle_simple
data\raw\kaggle_simple_shapes\Circle\Circle_f509c024-2a97-11ea-8123-8363a7ec19e6.png,circle,train,kaggle_simple
data\raw\kaggle_simple_shapes\Circle\Circle_86e61cc0-2a9a-11ea-8123-8363a7ec19e6.png,circle,train,kaggle_simple
data\raw\kaggle_simple_shapes\Circle\Circle_ec50d89e-2a94-11ea-8123-8363a7ec19e6.png,circle,train,kaggle_simple
data\raw\kaggle_simple_shapes\Circle\Circle_c5aead12-2a83-11ea-8123-8363a7ec19e6.png,circle,train,kaggle_simple
data\raw\kaggle_simple_shapes\Circle\Circle_89c4dfd8-2a97-11ea-8123-8363a7ec19e6.png,circle,train,kaggle_simple
data\raw\kaggle_simple_shapes\Circle\Circle_18d453f0-2a8b-11ea-8123-8363a7ec19e6.png,circle,train,kaggle_simple
data\raw\kaggle_simple_shapes\Square\Square_5eb5709a-2a93-11ea-8123-8363a7ec19e6.png,square,train,kaggle_simple
data\raw\kaggle_simple_shapes\Square\Square_0858637e-2a89-11ea-8123-8363a7ec19e6.png,square,train,kaggle_simple
data\raw\kaggle_simple_shapes\Square\Square_fb498c96-2a8b-11ea-8123-8363a7ec19e6.png,square,train,kaggle_simple
data\raw\kaggle_simple_shapes\Square\Square_01af13c6-2a91-11ea-8123-8363a7ec19e6.png,square,train,kaggle_simple
data\raw\kaggle_simple_shapes\Square\Square_6cd48a78-2a91-11ea-8123-8363a7ec19e6.png,square,train,kaggle_simple
data\raw\kaggle_simple_shapes\Square\Square_531c760e-2a96-11ea-8123-8363a7ec19e6.png,square,train,kaggle_simple
data\raw\kaggle_simple_shapes\Square\Square_ec95ef10-2a8a-11ea-8123-8363a7ec19e6.png,square,test,kaggle_simple
data\raw\kaggle_simple_shapes\Square\Square_36a40aa0-2a91-11ea-8123-8363a7ec19e6.png,square,train,kaggle_simple
data\raw\kaggle_simple_shapes\Square\Square_eac20342-2a8d-11ea-8123-8363a7ec19e6.png,square,train,kaggle_simple
data\raw\kaggle_simple_shapes\Square\Square_79057e7a-2a8b-11ea-8123-8363a7ec19e6.png,square,train,kaggle_simple
data\raw\kaggle_simple_shapes\Square\Square_85ae37aa-2a8d-11ea-8123-8363a7ec19e6.png,square,train,kaggle_simple
data\raw\kaggle_simple_shapes\Square\Square_cfc74400-2a86-11ea-8123-8363a7ec19e6.png,square,test,kaggle_simple
data\raw\kaggle_simple_shapes\Square\Square_6225735c-2a83-11ea-8123-8363a7ec19e6.png,square,train,kaggle_simple
data\raw\kaggle_simple_shapes\Square\Square_7569c2f2-2a87-11ea-8123-8363a7ec19e6.png,square,test,kaggle_simple
data\raw\kaggle_simple_shapes\Square\Square_35434fae-2a87-11ea-8123-8363a7ec19e6.png,square,train,kaggle_simple
data\raw\kaggle_simple_shapes\Square\Square_ae956346-2a8d-11ea-8123-8363a7ec19e6.png,square,train,kaggle_simple
data\raw\kaggle_simple_shapes\Square\Square_8c9ab0e8-2a92-11ea-8123-8363a7ec19e6.png,square,train,kaggle_simple
data\raw\kaggle_simple_shapes\Square\Square_c2a0c028-2a89-11ea-8123-8363a7ec19e6.png,square,train,kaggle_simple
data\raw\kaggle_simple_shapes\Square\Square_db1e347e-2a8d-11ea-8123-8363a7ec19e6.png,square,train,kaggle_simple
data\raw\kaggle_simple_shapes\Square\Square_63a65386-2a92-11ea-8123-8363a7ec19e6.png,square,train,kaggle_simple
data\raw\kaggle_simple_shapes\Square\Square_a92f7106-2a94-11ea-8123-8363a7ec19e6.png,square,train,kaggle_simple
data\raw\kaggle_simple_shapes\Square\Square_ac0189b4-2a8f-11ea-8123-8363a7ec19e6.png,square,train,kaggle_simple
data\raw\kaggle_simple_shapes\Square\Square_32aa685a-2a90-11ea-8123-8363a7ec19e6.png,square,train,kaggle_simple
data\raw\kaggle_simple_shapes\Square\Square_7fc100e0-2a86-11ea-8123-8363a7ec19e6.png,square,train,kaggle_simple
data\raw\kaggle_simple_shapes\Square\Square_27d6d9cc-2a90-11ea-8123-8363a7ec19e6.png,square,test,kaggle_simple
data\raw\kaggle_simple_shapes\Square\Square_00639828-2a8e-11ea-8123-8363a7ec19e6.png,square,train,kaggle_simple
data\raw\kaggle_simple_shapes\Square\Square_fb1335a2-2a85-11ea-8123-8363a7ec19e6.png,square,train,kaggle_simple
data\raw\kaggle_simple_shapes\Square\Square_1497bd72-2a90-11ea-8123-8363a7ec19e6.png,square,train,kaggle_simple
data\raw\kaggle_simple_shapes\Square\Square_2391eb5c-2a97-11ea-8123-8363a7ec19e6.png,square,train,kaggle_simple
data\raw\kaggle_simple_shapes\Square\Square_bd91e4c6-2a8a-11ea-8123-8363a7ec19e6.png,square,train,kaggle_simple
data\raw\kaggle_simple_shapes\Square\Square_deb73d64-2a89-11ea-8123-8363a7ec19e6.png,square,train,kaggle_simple
data\raw\kaggle_simple_shapes\Square\Square_0e800cc4-2a8f-11ea-8123-8363a7ec19e6.png,square,train,kaggle_simple
data\raw\kaggle_simple_shapes\Square\Square_22c5f2b0-2a95-11ea-8123-8363a7ec19e6.png,square,train,kaggle_simple
data\raw\kaggle_simple_shapes\Square\Square_23dce21a-2a92-11ea-8123-8363a7ec19e6.png,square,train,kaggle_simple
data\raw\kaggle_simple_shapes\Square\Square_696d8ff0-2a8d-11ea-8123-8363a7ec19e6.png,square,train,kaggle_simple
data\raw\kaggle_simple_shapes\Square\Square_4ee86314-2a8b-11ea-8123-8363a7ec19e6.png,square,train,kaggle_simple
data\raw\kaggle_simple_shapes\Square\Square_4c58d300-2a85-11ea-8123-8363a7ec19e6.png,square,train,kaggle_simple
data\raw\kaggle_simple_shapes\Square\Square_619ce0fa-2a8d-11ea-8123-8363a7ec19e6.png,square,test,kaggle_simple
data\raw\kaggle_simple_shapes\Square\Square_d9142ee8-2a8f-11ea-8123-8363a7ec19e6.png,square,train,kaggle_simple
data\raw\kaggle_simple_shapes\Square\Square_112eb92c-2a92-11ea-8123-8363a7ec19e6.png,square,train,kaggle_simple
data\raw\kaggle_simple_shapes\Square\Square_16eb265c-2a97-11ea-8123-8363a7ec19e6.png,square,train,kaggle_simple
data\raw\kaggle_simple_shapes\Square\Square_39350062-2a96-11ea-8123-8363a7ec19e6.png,square,test,kaggle_simple
data\raw\kaggle_simple_shapes\Square\Square_0a8efbfe-2a92-11ea-8123-8363a7ec19e6.png,square,train,kaggle_simple
data\raw\kaggle_simple_shapes\Square\Square_434748e4-2a8c-11ea-8123-8363a7ec19e6.png,square,train,kaggle_simple
data\raw\kaggle_simple_shapes\Square\Square_5ce2786c-2a98-11ea-8123-8363a7ec19e6.png,square,train,kaggle_simple
data\raw\kaggle_simple_shapes\Square\Square_12069e6c-2a8a-11ea-8123-8363a7ec19e6.png,square,train,kaggle_simple
data\raw\kaggle_simple_shapes\Square\Square_1363ffba-2a90-11ea-8123-8363a7ec19e6.png,square,train,kaggle_simple
data\raw\kaggle_simple_shapes\Square\Square_b8183c8c-2a91-11ea-8123-8363a7ec19e6.png,square,train,kaggle_simple
data\raw\kaggle_simple_shapes\Square\Square_69cbb4e6-2a87-11ea-8123-8363a7ec19e6.png,square,test,kaggle_simple
data\raw\kaggle_simple_shapes\Square\Square_00ba8be0-2a90-11ea-8123-8363a7ec19e6.png,square,train,kaggle_simple
data\raw\kaggle_simple_shapes\Square\Square_1d02e9f6-2a8a-11ea-8123-8363a7ec19e6.png,square,train,kaggle_simple
data\raw\kaggle_simple_shapes\Square\Square_e4a61744-2a99-11ea-8123-8363a7ec19e6.png,square,train,kaggle_simple
data\raw\kaggle_simple_shapes\Square\Square_96f328d8-2a86-11ea-8123-8363a7ec19e6.png,square,train,kaggle_simple
data\raw\kaggle_simple_shapes\Square\Square_8f242ae0-2a8f-11ea-8123-8363a7ec19e6.png,square,test,kaggle_simple
data\raw\kaggle_simple_shapes\Square\Square_3d0d416a-2a85-11ea-8123-8363a7ec19e6.png,square,train,kaggle_simple
data\raw\kaggle_simple_shapes\Square\Square_89e570d8-2a90-11ea-8123-8363a7ec19e6.png,square,train,kaggle_simple
data\raw\kaggle_simple_shapes\Square\Square_76d97c02-2a89-11ea-8123-8363a7ec19e6.png,square,train,kaggle_simple
data\raw\kaggle_simple_shapes\Square\Square_53133ef6-2a85-11ea-8123-8363a7ec19e6.png,square,train,kaggle_simple
data\raw\kaggle_simple_shapes\Square\Square_b47033ca-2a8f-11ea-8123-8363a7ec19e6.png,square,train,kaggle_simple
data\raw\kaggle_simple_shapes\Square\Square_7be1b6d0-2a91-11ea-8123-8363a7ec19e6.png,square,train,kaggle_simple
data\raw\kaggle_simple_shapes\Square\Square_b7583c32-2a8e-11ea-8123-8363a7ec19e6.png,square,train,kaggle_simple
data\raw\kaggle_simple_shapes\Square\Square_f416d4d8-2a8b-11ea-8123-8363a7ec19e6.png,square,train,kaggle_simple
data\raw\kaggle_simple_shapes\Square\Square_aec662e8-2a97-11ea-8123-8363a7ec19e6.png,square,train,kaggle_simple
data\raw\kaggle_simple_shapes\Square\Square_35cb2058-2a84-11ea-8123-8363a7ec19e6.png,square,train,kaggle_simple
data\raw\kaggle_simple_shapes\Square\Square_c1f7936a-2a96-11ea-8123-8363a7ec19e6.png,square,test,kaggle_simple
data\raw\kaggle_simple_shapes\Square\Square_19ba8b42-2a84-11ea-8123-8363a7ec19e6.png,square,test,kaggle_simple
data\raw\kaggle_simple_shapes\Square\Square_a6eb5866-2a98-11ea-8123-8363a7ec19e6.png,square,test,kaggle_simple
data\raw\kaggle_simple_shapes\Square\Square_f3ed0ac8-2a8a-11ea-8123-8363a7ec19e6.png,square,train,kaggle_simple
data\raw\kaggle_simple_shapes\Square\Square_6b7796a8-2a9a-11ea-8123-8363a7ec19e6.png,square,train,kaggle_simple
data\raw\kaggle_simple_shapes\Square\Square_ec42767a-2a97-11ea-8123-8363a7ec19e6.png,square,train,kaggle_simple
data\raw\kaggle_simple_shapes\Square\Square_b7c3f97c-2a98-11ea-8123-8363a7ec19e6.png,square,train,kaggle_simple
data\raw\kaggle_simple_shapes\Square\Square_d7387152-2a8e-11ea-8123-8363a7ec19e6.png,square,train,kaggle_simple
data\raw\kaggle_simple_shapes\Square\Square_b4b5cfc8-2a96-11ea-8123-8363a7ec19e6.png,square,test,kaggle_simple
data\raw\kaggle_simple_shapes\Square\Square_b0b956a0-2a92-11ea-8123-8363a7ec19e6.png,square,train,kaggle_simple
data\raw\kaggle_simple_shapes\Square\Square_570540a6-2a92-11ea-8123-8363a7ec19e6.png,square,train,kaggle_simple
data\raw\kaggle_simple_shapes\Square\Square_2bef1b92-2a85-11ea-8123-8363a7ec19e6.png,square,train,kaggle_simple
data\raw\kaggle_simple_shapes\Square\Square_5860b6e8-2a91-11ea-8123-8363a7ec19e6.png,square,train,kaggle_simple
data\raw\kaggle_simple_shapes\Square\Square_d84a91b2-2a8c-11ea-8123-8363a7ec19e6.png,square,train,kaggle_simple
data\raw\kaggle_simple_shapes\Square\Square_1966e1b6-2a90-11ea-8123-8363a7ec19e6.png,square,train,kaggle_simple
data\raw\kaggle_simple_shapes\Square\Square_81c68bd8-2a92-11ea-8123-8363a7ec19e6.png,square,test,kaggle_simple
data\raw\kaggle_simple_shapes\Square\Square_8fade65a-2a84-11ea-8123-8363a7ec19e6.png,square,train,kaggle_simple
data\raw\kaggle_simple_shapes\Square\Square_7866558e-2a95-11ea-8123-8363a7ec19e6.png,square,test,kaggle_simple
data\raw\kaggle_simple_shapes\Square\Square_5938270a-2a86-11ea-8123-8363a7ec19e6.png,square,train,kaggle_simple
data\raw\kaggle_simple_shapes\Square\Square_77b1b000-2a88-11ea-8123-8363a7ec19e6.png,square,train,kaggle_simple
data\raw\kaggle_simple_shapes\Square\Square_ff7d2322-2a8b-11ea-8123-8363a7ec19e6.png,square,train,kaggle_simple
data\raw\kaggle_simple_shapes\Square\Square_0f91dca0-2a99-11ea-8123-8363a7ec19e6.png,square,train,kaggle_simple
data\raw\kaggle_simple_shapes\Square\Square_26e02e22-2a92-11ea-8123-8363a7ec19e6.png,square,train,kaggle_simple
data\raw\kaggle_simple_shapes\Square\Square_0d60c0a8-2a90-11ea-8123-8363a7ec19e6.png,square,train,kaggle_simple
data\raw\kaggle_simple_shapes\Square\Square_d537887a-2a98-11ea-8123-8363a7ec19e6.png,square,train,kaggle_simple
data\raw\kaggle_simple_shapes\Square\Square_bfc9a094-2a85-11ea-8123-8363a7ec19e6.png,square,train,kaggle_simple
data\raw\kaggle_simple_shapes\Square\Square_e48708f2-2a87-11ea-8123-8363a7ec19e6.png,square,train,kaggle_simple
data\raw\kaggle_simple_shapes\Square\Square_49a42e44-2a93-11ea-8123-8363a7ec19e6.png,square,train,kaggle_simple
data\raw\kaggle_simple_shapes\Square\Square_06c7128a-2a98-11ea-8123-8363a7ec19e6.png,square,train,kaggle_simple
data\raw\kaggle_simple_shapes\Square\Square_9202da26-2a9a-11ea-8123-8363a7ec19e6.png,square,train,kaggle_simple
data\raw\kaggle_simple_shapes\Square\Square_f7928df6-2a8a-11ea-8123-8363a7ec19e6.png,square,test,kaggle_simple
data\raw\kaggle_simple_shapes\Square\Square_3d3b3ce8-2a83-11ea-8123-8363a7ec19e6.png,square,train,kaggle_simple
data\raw\kaggle_simple_shapes\Square\Square_604f42f8-2a95-11ea-8123-8363a7ec19e6.png,square,train,kaggle_simple
data\raw\kaggle_simple_shapes\Square\Square_ec274fac-2a93-11ea-8123-8363a7ec19e6.png,square,train,kaggle_simple
data\raw\kaggle_simple_shapes\Square\Square_65442a56-2a97-11ea-8123-8363a7ec19e6.png,square,train,kaggle_simple
data\raw\kaggle_simple_shapes\Square\Square_5776f468-2a87-11ea-8123-8363a7ec19e6.png,square,train,kaggle_simple
data\raw\kaggle_simple_shapes\Square\Square_4e4a0510-2a96-11ea-8123-8363a7ec19e6.png,square,test,kaggle_simple
data\raw\kaggle_simple_shapes\Square\Square_bf45de52-2a86-11ea-8123-8363a7ec19e6.png,square,train,kaggle_simple
data\raw\kaggle_simple_shapes\Square\Square_2723349a-2a94-11ea-8123-8363a7ec19e6.png,square,train,kaggle_simple
data\raw\kaggle_simple_shapes\Square\Square_86438f28-2a95-11ea-8123-8363a7ec19e6.png,square,train,kaggle_simple
data\raw\kaggle_simple_shapes\Square\Square_429023ec-2a8e-11ea-8123-8363a7ec19e6.png,square,train,kaggle_simple
data\raw\kaggle_simple_shapes\Square\Square_d7cf5ea4-2a8a-11ea-8123-8363a7ec19e6.png,square,train,kaggle_simple
data\raw\kaggle_simple_shapes\Square\Square_9975b870-2a84-11ea-8123-8363a7ec19e6.png,square,train,kaggle_simple
data\raw\kaggle_simple_shapes\Square\Square_cf3973cc-2a96-11ea-8123-8363a7ec19e6.png,square,train,kaggle_simple
data\raw\kaggle_simple_shapes\Square\Square_486f4630-2a93-11ea-8123-8363a7ec19e6.png,square,train,kaggle_simple
data\raw\kaggle_simple_shapes\Square\Square_f894accc-2a8d-11ea-8123-8363a7ec19e6.png,square,test,kaggle_simple
data\raw\kaggle_simple_shapes\Square\Square_c0340b4e-2a8c-11ea-8123-8363a7ec19e6.png,square,train,kaggle_simple
data\raw\kaggle_simple_shapes\Square\Square_98c9d576-2a86-11ea-8123-8363a7ec19e6.png,square,train,kaggle_simple
data\raw\kaggle_simple_shapes\Square\Square_f5f485b8-2a89-11ea-8123-8363a7ec19e6.png,square,train,kaggle_simple
data\raw\kaggle_simple_shapes\Square\Square_0f85bb62-2a91-11ea-8123-8363a7ec19e6.png,square,test,kaggle_simple
data\raw\kaggle_simple_shapes\Square\Square_33118374-2a99-11ea-8123-8363a7ec19e6.png,square,train,kaggle_simple
data\raw\kaggle_simple_shapes\Square\Square_959f2cf0-2a83-11ea-8123-8363a7ec19e6.png,square,train,kaggle_simple
data\raw\kaggle_simple_shapes\Square\Square_0afef16a-2a98-11ea-8123-8363a7ec19e6.png,square,test,kaggle_simple
data\raw\kaggle_simple_shapes\Square\Square_725a8b5a-2a87-11ea-8123-8363a7ec19e6.png,square,train,kaggle_simple
data\raw\kaggle_simple_shapes\Square\Square_99234326-2a8c-11ea-8123-8363a7ec19e6.png,square,train,kaggle_simple
data\raw\kaggle_simple_shapes\Square\Square_5162b048-2a8d-11ea-8123-8363a7ec19e6.png,square,train,kaggle_simple
data\raw\kaggle_simple_shapes\Square\Square_8d09bb2c-2a93-11ea-8123-8363a7ec19e6.png,square,train,kaggle_simple
data\raw\kaggle_simple_shapes\Square\Square_0fd81912-2a86-11ea-8123-8363a7ec19e6.png,square,train,kaggle_simple
data\raw\kaggle_simple_shapes\Square\Square_e8dd8bee-2a99-11ea-8123-8363a7ec19e6.png,square,train,kaggle_simple
data\raw\kaggle_simple_shapes\Square\Square_1d7f8e84-2a94-11ea-8123-8363a7ec19e6.png,square,train,kaggle_simple
data\raw\kaggle_simple_shapes\Square\Square_7aeb32fe-2a84-11ea-8123-8363a7ec19e6.png,square,test,kaggle_simple
data\raw\kaggle_simple_shapes\Square\Square_ecdc2c02-2a97-11ea-8123-8363a7ec19e6.png,square,train,kaggle_simple
data\raw\kaggle_simple_shapes\Square\Square_de66f242-2a97-11ea-8123-8363a7ec19e6.png,square,train,kaggle_simple
data\raw\kaggle_simple_shapes\Square\Square_90db1bcc-2a86-11ea-8123-8363a7ec19e6.png,square,train,kaggle_simple
data\raw\kaggle_simple_shapes\Square\Square_b1527d7a-2a8e-11ea-8123-8363a7ec19e6.png,square,train,kaggle_simple
data\raw\kaggle_simple_shapes\Square\Square_ced289fe-2a92-11ea-8123-8363a7ec19e6.png,square,test,kaggle_simple
data\raw\kaggle_simple_shapes\Square\Square_8df4ab68-2a8a-11ea-8123-8363a7ec19e6.png,square,test,kaggle_simple
data\raw\kaggle_simple_shapes\Square\Square_5d0c54a2-2a8e-11ea-8123-8363a7ec19e6.png,square,train,kaggle_simple
data\raw\kaggle_simple_shapes\Square\Square_ff1a4146-2a89-11ea-8123-8363a7ec19e6.png,square,train,kaggle_simple
data\raw\kaggle_simple_shapes\Square\Square_4d9dea44-2a84-11ea-8123-8363a7ec19e6.png,square,test,kaggle_simple
data\raw\kaggle_simple_shapes\Square\Square_95536af4-2a8d-11ea-8123-8363a7ec19e6.png,square,train,kaggle_simple
data\raw\kaggle_simple_shapes\Square\Square_f852e67a-2a97-11ea-8123-8363a7ec19e6.png,square,train,kaggle_simple
data\raw\kaggle_simple_shapes\Square\Square_89953630-2a87-11ea-8123-8363a7ec19e6.png,square,train,kaggle_simple
data\raw\kaggle_simple_shapes\Square\Square_d49d2f28-2a98-11ea-8123-8363a7ec19e6.png,square,train,kaggle_simple
data\raw\kaggle_simple_shapes\Square\Square_f785145e-2a95-11ea-8123-8363a7ec19e6.png,square,train,kaggle_simple
data\raw\kaggle_simple_shapes\Square\Square_e1a39c10-2a99-11ea-8123-8363a7ec19e6.png,square,train,kaggle_simple
data\raw\kaggle_simple_shapes\Square\Square_0e8a31e2-2a8d-11ea-8123-8363a7ec19e6.png,square,test,kaggle_simple
data\raw\kaggle_simple_shapes\Square\Square_90c4172c-2a88-11ea-8123-8363a7ec19e6.png,square,test,kaggle_simple
data\raw\kaggle_simple_shapes\Square\Square_6ba0a8b2-2a87-11ea-8123-8363a7ec19e6.png,square,test,kaggle_simple
data\raw\kaggle_simple_shapes\Square\Square_22387c06-2a99-11ea-8123-8363a7ec19e6.png,square,train,kaggle_simple
data\raw\kaggle_simple_shapes\Square\Square_9661ea0e-2a99-11ea-8123-8363a7ec19e6.png,square,train,kaggle_simple
data\raw\kaggle_simple_shapes\Square\Square_ab07b3c6-2a85-11ea-8123-8363a7ec19e6.png,square,train,kaggle_simple
data\raw\kaggle_simple_shapes\Square\Square_ed328050-2a8a-11ea-8123-8363a7ec19e6.png,square,train,kaggle_simple
data\raw\kaggle_simple_shapes\Square\Square_bfef26be-2a87-11ea-8123-8363a7ec19e6.png,square,train,kaggle_simple
data\raw\kaggle_simple_shapes\Square\Square_d54984c6-2a93-11ea-8123-8363a7ec19e6.png,square,train,kaggle_simple
data\raw\kaggle_simple_shapes\Square\Square_7de295da-2a96-11ea-8123-8363a7ec19e6.png,square,train,kaggle_simple
data\raw\kaggle_simple_shapes\Square\Square_dca4603e-2a92-11ea-8123-8363a7ec19e6.png,square,test,kaggle_simple
data\raw\kaggle_simple_shapes\Square\Square_1f5a18fc-2a97-11ea-8123-8363a7ec19e6.png,square,train,kaggle_simple
data\raw\kaggle_simple_shapes\Square\Square_afb13d6c-2a89-11ea-8123-8363a7ec19e6.png,square,train,kaggle_simple
data\raw\kaggle_simple_shapes\Square\Square_7f08f9bc-2a88-11ea-8123-8363a7ec19e6.png,square,test,kaggle_simple
data\raw\kaggle_simple_shapes\Square\Square_2e38b15e-2a91-11ea-8123-8363a7ec19e6.png,square,train,kaggle_simple
data\raw\kaggle_simple_shapes\Square\Square_7b47d40c-2a91-11ea-8123-8363a7ec19e6.png,square,train,kaggle_simple
data\raw\kaggle_simple_shapes\Square\Square_283167ca-2a95-11ea-8123-8363a7ec19e6.png,square,train,kaggle_simple
data\raw\kaggle_simple_shapes\Square\Square_0cdaebfc-2a88-11ea-8123-8363a7ec19e6.png,square,test,kaggle_simple
data\raw\kaggle_simple_shapes\Square\Square_25eb0f52-2a86-11ea-8123-8363a7ec19e6.png,square,train,kaggle_simple
data\raw\kaggle_simple_shapes\Square\Square_a0a6ca54-2a88-11ea-8123-8363a7ec19e6.png,square,train,kaggle_simple
data\raw\kaggle_simple_shapes\Square\Square_94907e66-2a8f-11ea-8123-8363a7ec19e6.png,square,test,kaggle_simple
data\raw\kaggle_simple_shapes\Square\Square_43c6c3fa-2a85-11ea-8123-8363a7ec19e6.png,square,train,kaggle_simple
data\raw\kaggle_simple_shapes\Square\Square_e6a04dae-2a84-11ea-8123-8363a7ec19e6.png,square,test,kaggle_simple
data\raw\kaggle_simple_shapes\Square\Square_b94d2cd6-2a8a-11ea-8123-8363a7ec19e6.png,square,test,kaggle_simple
data\raw\kaggle_simple_shapes\Square\Square_d694180e-2a8a-11ea-8123-8363a7ec19e6.png,square,train,kaggle_simple
data\raw\kaggle_simple_shapes\Square\Square_486e052c-2a89-11ea-8123-8363a7ec19e6.png,square,test,kaggle_simple
data\raw\kaggle_simple_shapes\Square\Square_179960b4-2a8d-11ea-8123-8363a7ec19e6.png,square,train,kaggle_simple
data\raw\kaggle_simple_shapes\Square\Square_f5c86fa0-2a93-11ea-8123-8363a7ec19e6.png,square,train,kaggle_simple
data\raw\kaggle_simple_shapes\Square\Square_8b4123ac-2a98-11ea-8123-8363a7ec19e6.png,square,test,kaggle_simple
data\raw\kaggle_simple_shapes\Square\Square_6c3adacc-2a91-11ea-8123-8363a7ec19e6.png,square,train,kaggle_simple
data\raw\kaggle_simple_shapes\Square\Square_cd9e88ee-2a92-11ea-8123-8363a7ec19e6.png,square,train,kaggle_simple
data\raw\kaggle_simple_shapes\Square\Square_333cb276-2a97-11ea-8123-8363a7ec19e6.png,square,train,kaggle_simple
data\raw\kaggle_simple_shapes\Square\Square_11960ca0-2a90-11ea-8123-8363a7ec19e6.png,square,train,kaggle_simple
data\raw\kaggle_simple_shapes\Square\Square_1bc96d4e-2a8a-11ea-8123-8363a7ec19e6.png,square,train,kaggle_simple
data\raw\kaggle_simple_shapes\Square\Square_d43ffe2a-2a84-11ea-8123-8363a7ec19e6.png,square,train,kaggle_simple
data\raw\kaggle_simple_shapes\Square\Square_abe06274-2a9a-11ea-8123-8363a7ec19e6.png,square,train,kaggle_simple
data\raw\kaggle_simple_shapes\Square\Square_01fa2f26-2a93-11ea-8123-8363a7ec19e6.png,square,train,kaggle_simple
data\raw\kaggle_simple_shapes\Square\Square_5588a128-2a88-11ea-8123-8363a7ec19e6.png,square,train,kaggle_simple
data\raw\kaggle_simple_shapes\Square\Square_d4e56552-2a8b-11ea-8123-8363a7ec19e6.png,square,train,kaggle_simple
data\raw\kaggle_simple_shapes\Square\Square_ddd8cdfc-2a86-11ea-8123-8363a7ec19e6.png,square,test,kaggle_simple
data\raw\kaggle_simple_shapes\Square\Square_bc9ae960-2a93-11ea-8123-8363a7ec19e6.png,square,train,kaggle_simple
data\raw\kaggle_simple_shapes\Square\Square_8876051a-2a8a-11ea-8123-8363a7ec19e6.png,square,train,kaggle_simple
data\raw\kaggle_simple_shapes\Square\Square_bb1a904c-2a91-11ea-8123-8363a7ec19e6.png,square,train,kaggle_simple
data\raw\kaggle_simple_shapes\Square\Square_d5d212aa-2a98-11ea-8123-8363a7ec19e6.png,square,train,kaggle_simple
data\raw\kaggle_simple_shapes\Square\Square_aca18618-2a89-11ea-8123-8363a7ec19e6.png,square,train,kaggle_simple
data\raw\kaggle_simple_shapes\Square\Square_de37ff0c-2a95-11ea-8123-8363a7ec19e6.png,square,train,kaggle_simple
data\raw\kaggle_simple_shapes\Square\Square_5ca22a2e-2a83-11ea-8123-8363a7ec19e6.png,square,train,kaggle_simple
data\raw\kaggle_simple_shapes\Square\Square_4904d0b0-2a98-11ea-8123-8363a7ec19e6.png,square,train,kaggle_simple
data\raw\kaggle_simple_shapes\Square\Square_f97d844e-2a8b-11ea-8123-8363a7ec19e6.png,square,train,kaggle_simple
data\raw\kaggle_simple_shapes\Square\Square_439da5ac-2a93-11ea-8123-8363a7ec19e6.png,square,test,kaggle_simple
data\raw\kaggle_simple_shapes\Square\Square_635fc872-2a96-11ea-8123-8363a7ec19e6.png,square,train,kaggle_simple
data\raw\kaggle_simple_shapes\Square\Square_0f3b0ad2-2a86-11ea-8123-8363a7ec19e6.png,square,train,kaggle_simple
data\raw\kaggle_simple_shapes\Square\Square_f53d3220-2a8c-11ea-8123-8363a7ec19e6.png,square,train,kaggle_simple
data\raw\kaggle_simple_shapes\Square\Square_1c128ce2-2a88-11ea-8123-8363a7ec19e6.png,square,train,kaggle_simple
data\raw\kaggle_simple_shapes\Square\Square_111a5d6a-2a88-11ea-8123-8363a7ec19e6.png,square,train,kaggle_simple
data\raw\kaggle_simple_shapes\Square\Square_2057dc9e-2a88-11ea-8123-8363a7ec19e6.png,square,test,kaggle_simple
data\raw\kaggle_simple_shapes\Square\Square_97a1f56a-2a87-11ea-8123-8363a7ec19e6.png,square,train,kaggle_simple
data\raw\kaggle_simple_shapes\Square\Square_74c4945e-2a8b-11ea-8123-8363a7ec19e6.png,square,train,kaggle_simple
data\raw\kaggle_simple_shapes\Square\Square_cc756bde-2a8f-11ea-8123-8363a7ec19e6.png,square,train,kaggle_simple
data\raw\kaggle_simple_shapes\Square\Square_c142600a-2a94-11ea-8123-8363a7ec19e6.png,square,train,kaggle_simple
data\raw\kaggle_simple_shapes\Square\Square_3bf1e96a-2a86-11ea-8123-8363a7ec19e6.png,square,train,kaggle_simple
data\raw\kaggle_simple_shapes\Square\Square_64dd7880-2a8b-11ea-8123-8363a7ec19e6.png,square,train,kaggle_simple
data\raw\kaggle_simple_shapes\Square\Square_061bc642-2a88-11ea-8123-8363a7ec19e6.png,square,train,kaggle_simple
data\raw\kaggle_simple_shapes\Square\Square_1969a9a8-2a8d-11ea-8123-8363a7ec19e6.png,square,train,kaggle_simple
data\raw\kaggle_simple_shapes\Square\Square_34e09ba4-2a99-11ea-8123-8363a7ec19e6.png,square,train,kaggle_simple
data\raw\kaggle_simple_shapes\Square\Square_9abd4a3c-2a8d-11ea-8123-8363a7ec19e6.png,square,test,kaggle_simple
data\raw\kaggle_simple_shapes\Square\Square_54665364-2a8b-11ea-8123-8363a7ec19e6.png,square,train,kaggle_simple
data\raw\kaggle_simple_shapes\Square\Square_31376f18-2a95-11ea-8123-8363a7ec19e6.png,square,train,kaggle_simple
data\raw\kaggle_simple_shapes\Square\Square_3593cce2-2a8f-11ea-8123-8363a7ec19e6.png,square,train,kaggle_simple
data\raw\kaggle_simple_shapes\Square\Square_19ead8b4-2a8f-11ea-8123-8363a7ec19e6.png,square,train,kaggle_simple
data\raw\kaggle_simple_shapes\Square\Square_a32ac520-2a95-11ea-8123-8363a7ec19e6.png,square,train,kaggle_simple
data\raw\kaggle_simple_shapes\Square\Square_2caec196-2a84-11ea-8123-8363a7ec19e6.png,square,train,kaggle_simple
data\raw\kaggle_simple_shapes\Square\Square_63957e06-2a85-11ea-8123-8363a7ec19e6.png,square,train,kaggle_simple
data\raw\kaggle_simple_shapes\Square\Square_b015bb8c-2a9a-11ea-8123-8363a7ec19e6.png,square,train,kaggle_simple
data\raw\kaggle_simple_shapes\Square\Square_49f6a268-2a99-11ea-8123-8363a7ec19e6.png,square,train,kaggle_simple
data\raw\kaggle_simple_shapes\Square\Square_4231d228-2a8f-11ea-8123-8363a7ec19e6.png,square,test,kaggle_simple
data\raw\kaggle_simple_shapes\Square\Square_6a51844c-2a85-11ea-8123-8363a7ec19e6.png,square,train,kaggle_simple
data\raw\kaggle_simple_shapes\Square\Square_26dbeae6-2a89-11ea-8123-8363a7ec19e6.png,square,train,kaggle_simple
data\raw\kaggle_simple_shapes\Square\Square_0c3a2b1c-2a84-11ea-8123-8363a7ec19e6.png,square,train,kaggle_simple
data\raw\kaggle_simple_shapes\Square\Square_4b72172c-2a93-11ea-8123-8363a7ec19e6.png,square,train,kaggle_simple
data\raw\kaggle_simple_shapes\Square\Square_31d4f5d4-2a91-11ea-8123-8363a7ec19e6.png,square,train,kaggle_simple
data\raw\kaggle_simple_shapes\Square\Square_7f82ae7c-2a8f-11ea-8123-8363a7ec19e6.png,square,train,kaggle_simple
data\raw\kaggle_simple_shapes\Square\Square_11c8ba0e-2a92-11ea-8123-8363a7ec19e6.png,square,train,kaggle_simple
data\raw\kaggle_simple_shapes\Square\Square_5b8be05e-2a96-11ea-8123-8363a7ec19e6.png,square,train,kaggle_simple
data\raw\kaggle_simple_shapes\Square\Square_bc502ad2-2a99-11ea-8123-8363a7ec19e6.png,square,train,kaggle_simple
data\raw\kaggle_simple_shapes\Square\Square_3384a23e-2a92-11ea-8123-8363a7ec19e6.png,square,test,kaggle_simple
data\raw\kaggle_simple_shapes\Square\Square_18ae3248-2a94-11ea-8123-8363a7ec19e6.png,square,test,kaggle_simple
data\raw\kaggle_simple_shapes\Square\Square_650f3420-2a99-11ea-8123-8363a7ec19e6.png,square,train,kaggle_simple
data\raw\kaggle_simple_shapes\Square\Square_6ff9c69c-2a95-11ea-8123-8363a7ec19e6.png,square,train,kaggle_simple
data\raw\kaggle_simple_shapes\Square\Square_95c32234-2a8f-11ea-8123-8363a7ec19e6.png,square,train,kaggle_simple
data\raw\kaggle_simple_shapes\Square\Square_2a28031e-2a8f-11ea-8123-8363a7ec19e6.png,square,test,kaggle_simple
data\raw\kaggle_simple_shapes\Square\Square_c0541110-2a9a-11ea-8123-8363a7ec19e6.png,square,train,kaggle_simple
data\raw\kaggle_simple_shapes\Square\Square_c6d15416-2a8c-11ea-8123-8363a7ec19e6.png,square,train,kaggle_simple
data\raw\kaggle_simple_shapes\Square\Square_b6840806-2a96-11ea-8123-8363a7ec19e6.png,square,train,kaggle_simple
data\raw\kaggle_simple_shapes\Square\Square_4c5df11e-2a99-11ea-8123-8363a7ec19e6.png,square,train,kaggle_simple
data\raw\kaggle_simple_shapes\Square\Square_be610932-2a98-11ea-8123-8363a7ec19e6.png,square,train,kaggle_simple
data\raw\kaggle_simple_shapes\Square\Square_ae1ace56-2a83-11ea-8123-8363a7ec19e6.png,square,test,kaggle_simple
data\raw\kaggle_simple_shapes\Square\Square_45535726-2a97-11ea-8123-8363a7ec19e6.png,square,test,kaggle_simple
data\raw\kaggle_simple_shapes\Square\Square_d10040a6-2a86-11ea-8123-8363a7ec19e6.png,square,test,kaggle_simple
data\raw\kaggle_simple_shapes\Square\Square_d782e08a-2a8d-11ea-8123-8363a7ec19e6.png,square,train,kaggle_simple
data\raw\kaggle_simple_shapes\Square\Square_bcf665fa-2a8a-11ea-8123-8363a7ec19e6.png,square,train,kaggle_simple
data\raw\kaggle_simple_shapes\Square\Square_be72c4e8-2a97-11ea-8123-8363a7ec19e6.png,square,train,kaggle_simple
data\raw\kaggle_simple_shapes\Square\Square_3cb92738-2a99-11ea-8123-8363a7ec19e6.png,square,train,kaggle_simple
data\raw\kaggle_simple_shapes\Square\Square_cf328632-2a98-11ea-8123-8363a7ec19e6.png,square,test,kaggle_simple
data\raw\kaggle_simple_shapes\Square\Square_818e2592-2a8b-11ea-8123-8363a7ec19e6.png,square,train,kaggle_simple
data\raw\kaggle_simple_shapes\Square\Square_7c9eae1c-2a95-11ea-8123-8363a7ec19e6.png,square,train,kaggle_simple
data\raw\kaggle_simple_shapes\Square\Square_ed32bab0-2a90-11ea-8123-8363a7ec19e6.png,square,train,kaggle_simple
data\raw\kaggle_simple_shapes\Square\Square_b5a39d72-2a8f-11ea-8123-8363a7ec19e6.png,square,train,kaggle_simple
data\raw\kaggle_simple_shapes\Square\Square_451629de-2a86-11ea-8123-8363a7ec19e6.png,square,test,kaggle_simple
data\raw\kaggle_simple_shapes\Square\Square_4e9606d2-2a9a-11ea-8123-8363a7ec19e6.png,square,train,kaggle_simple
data\raw\kaggle_simple_shapes\Square\Square_34b8a344-2a92-11ea-8123-8363a7ec19e6.png,square,train,kaggle_simple
data\raw\kaggle_simple_shapes\Square\Square_be1e44e6-2a87-11ea-8123-8363a7ec19e6.png,square,train,kaggle_simple
data\raw\kaggle_simple_shapes\Square\Square_764f3df6-2a9a-11ea-8123-8363a7ec19e6.png,square,test,kaggle_simple
data\raw\kaggle_simple_shapes\Square\Square_df992ea0-2a88-11ea-8123-8363a7ec19e6.png,square,train,kaggle_simple
data\raw\kaggle_simple_shapes\Square\Square_520a5072-2a98-11ea-8123-8363a7ec19e6.png,square,train,kaggle_simple
data\raw\kaggle_simple_shapes\Square\Square_31d20b5e-2a95-11ea-8123-8363a7ec19e6.png,square,test,kaggle_simple
data\raw\kaggle_simple_shapes\Square\Square_4dc49370-2a97-11ea-8123-8363a7ec19e6.png,square,train,kaggle_simple
data\raw\kaggle_simple_shapes\Square\Square_206c9a0a-2a8b-11ea-8123-8363a7ec19e6.png,square,test,kaggle_simple
data\raw\kaggle_simple_shapes\Square\Square_4042627e-2a8b-11ea-8123-8363a7ec19e6.png,square,test,kaggle_simple
data\raw\kaggle_simple_shapes\Square\Square_f840f740-2a8c-11ea-8123-8363a7ec19e6.png,square,train,kaggle_simple
data\raw\kaggle_simple_shapes\Square\Square_cb728296-2a88-11ea-8123-8363a7ec19e6.png,square,train,kaggle_simple
data\raw\kaggle_simple_shapes\Square\Square_7c01c80a-2a85-11ea-8123-8363a7ec19e6.png,square,test,kaggle_simple
data\raw\kaggle_simple_shapes\Square\Square_02d9e1fa-2a95-11ea-8123-8363a7ec19e6.png,square,train,kaggle_simple
data\raw\kaggle_simple_shapes\Square\Square_013bc234-2a84-11ea-8123-8363a7ec19e6.png,square,train,kaggle_simple
data\raw\kaggle_simple_shapes\Square\Square_536cd192-2a89-11ea-8123-8363a7ec19e6.png,square,train,kaggle_simple
data\raw\kaggle_simple_shapes\Square\Square_ed4c1a96-2a95-11ea-8123-8363a7ec19e6.png,square,test,kaggle_simple
data\raw\kaggle_simple_shapes\Square\Square_ca5167f8-2a90-11ea-8123-8363a7ec19e6.png,square,train,kaggle_simple
data\raw\kaggle_simple_shapes\Square\Square_de15a710-2a84-11ea-8123-8363a7ec19e6.png,square,train,kaggle_simple
data\raw\kaggle_simple_shapes\Square\Square_9d23d7de-2a90-11ea-8123-8363a7ec19e6.png,square,test,kaggle_simple
data\raw\kaggle_simple_shapes\Square\Square_fa7cbd14-2a87-11ea-8123-8363a7ec19e6.png,square,train,kaggle_simple
data\raw\kaggle_simple_shapes\Square\Square_1bb7fd0c-2a8f-11ea-8123-8363a7ec19e6.png,square,train,kaggle_simple
data\raw\kaggle_simple_shapes\Square\Square_aedc5932-2a87-11ea-8123-8363a7ec19e6.png,square,test,kaggle_simple
data\raw\kaggle_simple_shapes\Square\Square_639d8c1e-2a84-11ea-8123-8363a7ec19e6.png,square,train,kaggle_simple
data\raw\kaggle_simple_shapes\Square\Square_d21bc786-2a85-11ea-8123-8363a7ec19e6.png,square,train,kaggle_simple
data\raw\kaggle_simple_shapes\Square\Square_836851f6-2a97-11ea-8123-8363a7ec19e6.png,square,train,kaggle_simple
data\raw\kaggle_simple_shapes\Square\Square_8889a78c-2a8f-11ea-8123-8363a7ec19e6.png,square,train,kaggle_simple
data\raw\kaggle_simple_shapes\Square\Square_6b8278b8-2a8e-11ea-8123-8363a7ec19e6.png,square,train,kaggle_simple
data\raw\kaggle_simple_shapes\Square\Square_142eaf82-2a84-11ea-8123-8363a7ec19e6.png,square,train,kaggle_simple
data\raw\kaggle_simple_shapes\Square\Square_ccb8bb68-2a86-11ea-8123-8363a7ec19e6.png,square,train,kaggle_simple
data\raw\kaggle_simple_shapes\Square\Square_3fbbab04-2a99-11ea-8123-8363a7ec19e6.png,square,train,kaggle_simple
data\raw\kaggle_simple_shapes\Square\Square_6ea9c27e-2a8b-11ea-8123-8363a7ec19e6.png,square,train,kaggle_simple
data\raw\kaggle_simple_shapes\Square\Square_eb3a41e0-2a88-11ea-8123-8363a7ec19e6.png,square,train,kaggle_simple
data\raw\kaggle_simple_shapes\Square\Square_c02c8c6e-2a89-11ea-8123-8363a7ec19e6.png,square,train,kaggle_simple
data\raw\kaggle_simple_shapes\Square\Square_e2bfd67e-2a83-11ea-8123-8363a7ec19e6.png,square,train,kaggle_simple
data\raw\kaggle_simple_shapes\Square\Square_2df06974-2a93-11ea-8123-8363a7ec19e6.png,square,train,kaggle_simple
data\raw\kaggle_simple_shapes\Square\Square_e6418d64-2a8e-11ea-8123-8363a7ec19e6.png,square,test,kaggle_simple
data\raw\kaggle_simple_shapes\Square\Square_88eb8f0e-2a8c-11ea-8123-8363a7ec19e6.png,square,train,kaggle_simple
data\raw\kaggle_simple_shapes\Square\Square_8af54382-2a99-11ea-8123-8363a7ec19e6.png,square,test,kaggle_simple
data\raw\kaggle_simple_shapes\Square\Square_12b07a06-2a97-11ea-8123-8363a7ec19e6.png,square,test,kaggle_simple
data\raw\kaggle_simple_shapes\Square\Square_4a01cd7c-2a95-11ea-8123-8363a7ec19e6.png,square,train,kaggle_simple
data\raw\kaggle_simple_shapes\Square\Square_c7e055e8-2a94-11ea-8123-8363a7ec19e6.png,square,train,kaggle_simple
data\raw\kaggle_simple_shapes\Square\Square_0b9f7e82-2a84-11ea-8123-8363a7ec19e6.png,square,test,kaggle_simple
data\raw\kaggle_simple_shapes\Square\Square_8de030f8-2a84-11ea-8123-8363a7ec19e6.png,square,train,kaggle_simple
data\raw\kaggle_simple_shapes\Square\Square_d0663850-2a98-11ea-8123-8363a7ec19e6.png,square,train,kaggle_simple
data\raw\kaggle_simple_shapes\Square\Square_900ca492-2a93-11ea-8123-8363a7ec19e6.png,square,train,kaggle_simple
data\raw\kaggle_simple_shapes\Square\Square_87a07766-2a93-11ea-8123-8363a7ec19e6.png,square,train,kaggle_simple
data\raw\kaggle_simple_shapes\Square\Square_024047de-2a95-11ea-8123-8363a7ec19e6.png,square,test,kaggle_simple
data\raw\kaggle_simple_shapes\Square\Square_195b766a-2a8a-11ea-8123-8363a7ec19e6.png,square,train,kaggle_simple
data\raw\kaggle_simple_shapes\Square\Square_0740e46e-2a86-11ea-8123-8363a7ec19e6.png,square,train,kaggle_simple
data\raw\kaggle_simple_shapes\Square\Square_58b17fea-2a93-11ea-8123-8363a7ec19e6.png,square,train,kaggle_simple
data\raw\kaggle_simple_shapes\Triangle\Triangle_3c7daad8-2a89-11ea-8123-8363a7ec19e6.png,triangle,train,kaggle_simple
data\raw\kaggle_simple_shapes\Triangle\Triangle_3d52be70-2a85-11ea-8123-8363a7ec19e6.png,triangle,train,kaggle_simple
data\raw\kaggle_simple_shapes\Triangle\Triangle_41bfd572-2a91-11ea-8123-8363a7ec19e6.png,triangle,test,kaggle_simple
data\raw\kaggle_simple_shapes\Triangle\Triangle_fd8bb65c-2a89-11ea-8123-8363a7ec19e6.png,triangle,train,kaggle_simple
data\raw\kaggle_simple_shapes\Triangle\Triangle_56d70318-2a91-11ea-8123-8363a7ec19e6.png,triangle,train,kaggle_simple
data\raw\kaggle_simple_shapes\Triangle\Triangle_ecc21ba8-2a99-11ea-8123-8363a7ec19e6.png,triangle,train,kaggle_simple
data\raw\kaggle_simple_shapes\Triangle\Triangle_e21d1e6a-2a98-11ea-8123-8363a7ec19e6.png,triangle,train,kaggle_simple
data\raw\kaggle_simple_shapes\Triangle\Triangle_55475042-2a97-11ea-8123-8363a7ec19e6.png,triangle,train,kaggle_simple
data\raw\kaggle_simple_shapes\Triangle\Triangle_6d6f9c8c-2a98-11ea-8123-8363a7ec19e6.png,triangle,train,kaggle_simple
data\raw\kaggle_simple_shapes\Triangle\Triangle_24662384-2a94-11ea-8123-8363a7ec19e6.png,triangle,test,kaggle_simple
data\raw\kaggle_simple_shapes\Triangle\Triangle_f8749d5c-2a96-11ea-8123-8363a7ec19e6.png,triangle,train,kaggle_simple
data\raw\kaggle_simple_shapes\Triangle\Triangle_55c84240-2a85-11ea-8123-8363a7ec19e6.png,triangle,test,kaggle_simple
data\raw\kaggle_simple_shapes\Triangle\Triangle_dd2373be-2a84-11ea-8123-8363a7ec19e6.png,triangle,test,kaggle_simple
data\raw\kaggle_simple_shapes\Triangle\Triangle_fcfb6f8a-2a88-11ea-8123-8363a7ec19e6.png,triangle,test,kaggle_simple
data\raw\kaggle_simple_shapes\Triangle\Triangle_7954edac-2a86-11ea-8123-8363a7ec19e6.png,triangle,train,kaggle_simple
data\raw\kaggle_simple_shapes\Triangle\Triangle_03280c44-2a91-11ea-8123-8363a7ec19e6.png,triangle,train,kaggle_simple
data\raw\kaggle_simple_shapes\Triangle\Triangle_8d8580b0-2a87-11ea-8123-8363a7ec19e6.png,triangle,train,kaggle_simple
data\raw\kaggle_simple_shapes\Triangle\Triangle_772b1852-2a8c-11ea-8123-8363a7ec19e6.png,triangle,train,kaggle_simple
data\raw\kaggle_simple_shapes\Triangle\Triangle_1663def6-2a95-11ea-8123-8363a7ec19e6.png,triangle,test,kaggle_simple
data\raw\kaggle_simple_shapes\Triangle\Triangle_2f6c3cb2-2a87-11ea-8123-8363a7ec19e6.png,triangle,test,kaggle_simple
data\raw\kaggle_simple_shapes\Triangle\Triangle_2b1ef1ac-2a84-11ea-8123-8363a7ec19e6.png,triangle,train,kaggle_simple
data\raw\kaggle_simple_shapes\Triangle\Triangle_8bcc38f4-2a91-11ea-8123-8363a7ec19e6.png,triangle,train,kaggle_simple
data\raw\kaggle_simple_shapes\Triangle\Triangle_a4b605d4-2a96-11ea-8123-8363a7ec19e6.png,triangle,test,kaggle_simple
data\raw\kaggle_simple_shapes\Triangle\Triangle_aeb93aca-2a8b-11ea-8123-8363a7ec19e6.png,triangle,train,kaggle_simple
data\raw\kaggle_simple_shapes\Triangle\Triangle_a92baae6-2a92-11ea-8123-8363a7ec19e6.png,triangle,train,kaggle_simple
data\raw\kaggle_simple_shapes\Triangle\Triangle_7755568a-2a91-11ea-8123-8363a7ec19e6.png,triangle,train,kaggle_simple
data\raw\kaggle_simple_shapes\Triangle\Triangle_e092089a-2a83-11ea-8123-8363a7ec19e6.png,triangle,train,kaggle_simple
data\raw\kaggle_simple_shapes\Triangle\Triangle_2f45eff2-2a83-11ea-8123-8363a7ec19e6.png,triangle,train,kaggle_simple
data\raw\kaggle_simple_shapes\Triangle\Triangle_3fd139f2-2a8e-11ea-8123-8363a7ec19e6.png,triangle,test,kaggle_simple
data\raw\kaggle_simple_shapes\Triangle\Triangle_656c8e64-2a89-11ea-8123-8363a7ec19e6.png,triangle,test,kaggle_simple
data\raw\kaggle_simple_shapes\Triangle\Triangle_ca7cd858-2a85-11ea-8123-8363a7ec19e6.png,triangle,train,kaggle_simple
data\raw\kaggle_simple_shapes\Triangle\Triangle_7da353a0-2a84-11ea-8123-8363a7ec19e6.png,triangle,train,kaggle_simple
data\raw\kaggle_simple_shapes\Triangle\Triangle_7703c7f6-2a97-11ea-8123-8363a7ec19e6.png,triangle,train,kaggle_simple
data\raw\kaggle_simple_shapes\Triangle\Triangle_1140d956-2a90-11ea-8123-8363a7ec19e6.png,triangle,train,kaggle_simple
data\raw\kaggle_simple_shapes\Triangle\Triangle_24e46514-2a99-11ea-8123-8363a7ec19e6.png,triangle,train,kaggle_simple
data\raw\kaggle_simple_shapes\Triangle\Triangle_29d53980-2a86-11ea-8123-8363a7ec19e6.png,triangle,train,kaggle_simple
data\raw\kaggle_simple_shapes\Triangle\Triangle_b3d13fbe-2a98-11ea-8123-8363a7ec19e6.png,triangle,train,kaggle_simple
data\raw\kaggle_simple_shapes\Triangle\Triangle_82577c12-2a90-11ea-8123-8363a7ec19e6.png,triangle,train,kaggle_simple
data\raw\kaggle_simple_shapes\Triangle\Triangle_6395bee2-2a95-11ea-8123-8363a7ec19e6.png,triangle,train,kaggle_simple
data\raw\kaggle_simple_shapes\Triangle\Triangle_ffba834a-2a8e-11ea-8123-8363a7ec19e6.png,triangle,train,kaggle_simple
data\raw\kaggle_simple_shapes\Triangle\Triangle_aeaf0a2e-2a8f-11ea-8123-8363a7ec19e6.png,triangle,train,kaggle_simple
data\raw\kaggle_simple_shapes\Triangle\Triangle_379772f4-2a95-11ea-8123-8363a7ec19e6.png,triangle,train,kaggle_simple
data\raw\kaggle_simple_shapes\Triangle\Triangle_74749512-2a95-11ea-8123-8363a7ec19e6.png,triangle,train,kaggle_simple
data\raw\kaggle_simple_shapes\Triangle\Triangle_7bc4ce6c-2a87-11ea-8123-8363a7ec19e6.png,triangle,test,kaggle_simple
data\raw\kaggle_simple_shapes\Triangle\Triangle_5e5c48da-2a98-11ea-8123-8363a7ec19e6.png,triangle,train,kaggle_simple
data\raw\kaggle_simple_shapes\Triangle\Triangle_2b1dba56-2a90-11ea-8123-8363a7ec19e6.png,triangle,train,kaggle_simple
data\raw\kaggle_simple_shapes\Triangle\Triangle_986fff32-2a91-11ea-8123-8363a7ec19e6.png,triangle,train,kaggle_simple
data\raw\kaggle_simple_shapes\Triangle\Triangle_62c1a89a-2a8c-11ea-8123-8363a7ec19e6.png,triangle,train,kaggle_simple
data\raw\kaggle_simple_shapes\Triangle\Triangle_9d414626-2a85-11ea-8123-8363a7ec19e6.png,triangle,train,kaggle_simple
data\raw\kaggle_simple_shapes\Triangle\Triangle_b8800ffc-2a90-11ea-8123-8363a7ec19e6.png,triangle,test,kaggle_simple
data\raw\kaggle_simple_shapes\Triangle\Triangle_86ffc162-2a8f-11ea-8123-8363a7ec19e6.png,triangle,train,kaggle_simple
data\raw\kaggle_simple_shapes\Triangle\Triangle_8fd4d1ec-2a85-11ea-8123-8363a7ec19e6.png,triangle,train,kaggle_simple
data\raw\kaggle_simple_shapes\Triangle\Triangle_4b7bf6d8-2a8f-11ea-8123-8363a7ec19e6.png,triangle,train,kaggle_simple
data\raw\kaggle_simple_shapes\Triangle\Triangle_60ee2500-2a8e-11ea-8123-8363a7ec19e6.png,triangle,test,kaggle_simple
data\raw\kaggle_simple_shapes\Triangle\Triangle_6be59530-2a91-11ea-8123-8363a7ec19e6.png,triangle,train,kaggle_simple
data\raw\kaggle_simple_shapes\Triangle\Triangle_563ce5a8-2a91-11ea-8123-8363a7ec19e6.png,triangle,test,kaggle_simple
data\raw\kaggle_simple_shapes\Triangle\Triangle_d6c95012-2a87-11ea-8123-8363a7ec19e6.png,triangle,train,kaggle_simple
data\raw\kaggle_simple_shapes\Triangle\Triangle_a7a0ea4e-2a90-11ea-8123-8363a7ec19e6.png,triangle,train,kaggle_simple
data\raw\kaggle_simple_shapes\Triangle\Triangle_b61b9dee-2a95-11ea-8123-8363a7ec19e6.png,triangle,train,kaggle_simple
data\raw\kaggle_simple_shapes\Triangle\Triangle_d9d5df6e-2a87-11ea-8123-8363a7ec19e6.png,triangle,train,kaggle_simple
data\raw\kaggle_simple_shapes\Triangle\Triangle_583ba6c4-2a90-11ea-8123-8363a7ec19e6.png,triangle,train,kaggle_simple
data\raw\kaggle_simple_shapes\Triangle\Triangle_49be44f2-2a96-11ea-8123-8363a7ec19e6.png,triangle,train,kaggle_simple
data\raw\kaggle_simple_shapes\Triangle\Triangle_ea5629fe-2a99-11ea-8123-8363a7ec19e6.png,triangle,train,kaggle_simple
data\raw\kaggle_simple_shapes\Triangle\Triangle_48f956c4-2a91-11ea-8123-8363a7ec19e6.png,triangle,train,kaggle_simple
data\raw\kaggle_simple_shapes\Triangle\Triangle_dcad6b22-2a95-11ea-8123-8363a7ec19e6.png,triangle,train,kaggle_simple
data\raw\kaggle_simple_shapes\Triangle\Triangle_ccfd642a-2a90-11ea-8123-8363a7ec19e6.png,triangle,test,kaggle_simple
data\raw\kaggle_simple_shapes\Triangle\Triangle_32d6e692-2a94-11ea-8123-8363a7ec19e6.png,triangle,train,kaggle_simple
data\raw\kaggle_simple_shapes\Triangle\Triangle_0144b6e0-2a85-11ea-8123-8363a7ec19e6.png,triangle,train,kaggle_simple
data\raw\kaggle_simple_shapes\Triangle\Triangle_2bf8052e-2a92-11ea-8123-8363a7ec19e6.png,triangle,train,kaggle_simple
data\raw\kaggle_simple_shapes\Triangle\Triangle_446bb654-2a89-11ea-8123-8363a7ec19e6.png,triangle,test,kaggle_simple
data\raw\kaggle_simple_shapes\Triangle\Triangle_5a136796-2a88-11ea-8123-8363a7ec19e6.png,triangle,train,kaggle_simple
data\raw\kaggle_simple_shapes\Triangle\Triangle_c6f6fbae-2a90-11ea-8123-8363a7ec19e6.png,triangle,test,kaggle_simple
data\raw\kaggle_simple_shapes\Triangle\Triangle_b1e527b8-2a95-11ea-8123-8363a7ec19e6.png,triangle,train,kaggle_simple
data\raw\kaggle_simple_shapes\Triangle\Triangle_ce7d39ae-2a92-11ea-8123-8363a7ec19e6.png,triangle,train,kaggle_simple
data\raw\kaggle_simple_shapes\Triangle\Triangle_16956b20-2a8a-11ea-8123-8363a7ec19e6.png,triangle,test,kaggle_simple
data\raw\kaggle_simple_shapes\Triangle\Triangle_8e6d1bbe-2a96-11ea-8123-8363a7ec19e6.png,triangle,train,kaggle_simple
data\raw\kaggle_simple_shapes\Triangle\Triangle_4de51d0e-2a95-11ea-8123-8363a7ec19e6.png,triangle,train,kaggle_simple
data\raw\kaggle_simple_shapes\Triangle\Triangle_4e669c70-2a91-11ea-8123-8363a7ec19e6.png,triangle,train,kaggle_simple
data\raw\kaggle_simple_shapes\Triangle\Triangle_42820dd8-2a8a-11ea-8123-8363a7ec19e6.png,triangle,train,kaggle_simple
data\raw\kaggle_simple_shapes\Triangle\Triangle_4f2e03e2-2a8b-11ea-8123-8363a7ec19e6.png,triangle,train,kaggle_simple
data\raw\kaggle_simple_shapes\Triangle\Triangle_22945a4e-2a94-11ea-8123-8363a7ec19e6.png,triangle,train,kaggle_simple
data\raw\kaggle_simple_shapes\Triangle\Triangle_ff307140-2a8f-11ea-8123-8363a7ec19e6.png,triangle,train,kaggle_simple
data\raw\kaggle_simple_shapes\Triangle\Triangle_bbec122c-2a8f-11ea-8123-8363a7ec19e6.png,triangle,train,kaggle_simple
data\raw\kaggle_simple_shapes\Triangle\Triangle_0f58df24-2a97-11ea-8123-8363a7ec19e6.png,triangle,train,kaggle_simple
data\raw\kaggle_simple_shapes\Triangle\Triangle_1f7f8b18-2a84-11ea-8123-8363a7ec19e6.png,triangle,train,kaggle_simple
data\raw\kaggle_simple_shapes\Triangle\Triangle_3bc8a9d4-2a99-11ea-8123-8363a7ec19e6.png,triangle,test,kaggle_simple
data\raw\kaggle_simple_shapes\Triangle\Triangle_62bd8a92-2a8e-11ea-8123-8363a7ec19e6.png,triangle,train,kaggle_simple
data\raw\kaggle_simple_shapes\Triangle\Triangle_5b0dc3fe-2a91-11ea-8123-8363a7ec19e6.png,triangle,test,kaggle_simple
data\raw\kaggle_simple_shapes\Triangle\Triangle_c737b8a6-2a9a-11ea-8123-8363a7ec19e6.png,triangle,train,kaggle_simple
data\raw\kaggle_simple_shapes\Triangle\Triangle_ba046fdc-2a8e-11ea-8123-8363a7ec19e6.png,triangle,test,kaggle_simple
data\raw\kaggle_simple_shapes\Triangle\Triangle_39cca3da-2a92-11ea-8123-8363a7ec19e6.png,triangle,train,kaggle_simple
data\raw\kaggle_simple_shapes\Triangle\Triangle_c9d4a250-2a99-11ea-8123-8363a7ec19e6.png,triangle,train,kaggle_simple
data\raw\kaggle_simple_shapes\Triangle\Triangle_263fef3e-2a97-11ea-8123-8363a7ec19e6.png,triangle,train,kaggle_simple
data\raw\kaggle_simple_shapes\Triangle\Triangle_c9114e74-2a92-11ea-8123-8363a7ec19e6.png,triangle,train,kaggle_simple
data\raw\kaggle_simple_shapes\Triangle\Triangle_151d88a2-2a87-11ea-8123-8363a7ec19e6.png,triangle,test,kaggle_simple
data\raw\kaggle_simple_shapes\Triangle\Triangle_00a942ce-2a89-11ea-8123-8363a7ec19e6.png,triangle,train,kaggle_simple
data\raw\kaggle_simple_shapes\Triangle\Triangle_45e6040c-2a85-11ea-8123-8363a7ec19e6.png,triangle,train,kaggle_simple
data\raw\kaggle_simple_shapes\Triangle\Triangle_641f525c-2a99-11ea-8123-8363a7ec19e6.png,triangle,train,kaggle_simple
data\raw\kaggle_simple_shapes\Triangle\Triangle_e854bda6-2a8e-11ea-8123-8363a7ec19e6.png,triangle,train,kaggle_simple
data\raw\kaggle_simple_shapes\Triangle\Triangle_1338a2de-2a86-11ea-8123-8363a7ec19e6.png,triangle,train,kaggle_simple
data\raw\kaggle_simple_shapes\Triangle\Triangle_cdcbdff6-2a97-11ea-8123-8363a7ec19e6.png,triangle,test,kaggle_simple
data\raw\kaggle_simple_shapes\Triangle\Triangle_f9280a28-2a8b-11ea-8123-8363a7ec19e6.png,triangle,train,kaggle_simple
data\raw\kaggle_simple_shapes\Triangle\Triangle_8d759372-2a86-11ea-8123-8363a7ec19e6.png,triangle,train,kaggle_simple
data\raw\kaggle_simple_shapes\Triangle\Triangle_06673e28-2a84-11ea-8123-8363a7ec19e6.png,triangle,test,kaggle_simple
data\raw\kaggle_simple_shapes\Triangle\Triangle_8d9de1fc-2a8a-11ea-8123-8363a7ec19e6.png,triangle,train,kaggle_simple
data\raw\kaggle_simple_shapes\Triangle\Triangle_e4941308-2a96-11ea-8123-8363a7ec19e6.png,triangle,train,kaggle_simple
data\raw\kaggle_simple_shapes\Triangle\Triangle_99a16618-2a8f-11ea-8123-8363a7ec19e6.png,triangle,train,kaggle_simple
data\raw\kaggle_simple_shapes\Triangle\Triangle_2d9a54ee-2a93-11ea-8123-8363a7ec19e6.png,triangle,test,kaggle_simple
data\raw\kaggle_simple_shapes\Triangle\Triangle_4fe5f68e-2a98-11ea-8123-8363a7ec19e6.png,triangle,train,kaggle_simple
data\raw\kaggle_simple_shapes\Triangle\Triangle_5831420a-2a96-11ea-8123-8363a7ec19e6.png,triangle,train,kaggle_simple
data\raw\kaggle_simple_shapes\Triangle\Triangle_d588dbd2-2a8c-11ea-8123-8363a7ec19e6.png,triangle,test,kaggle_simple
data\raw\kaggle_simple_shapes\Triangle\Triangle_b2cb8fe4-2a92-11ea-8123-8363a7ec19e6.png,triangle,test,kaggle_simple
data\raw\kaggle_simple_shapes\Triangle\Triangle_cb1b98c8-2a88-11ea-8123-8363a7ec19e6.png,triangle,train,kaggle_simple
data\raw\kaggle_simple_shapes\Triangle\Triangle_8d01e892-2a8f-11ea-8123-8363a7ec19e6.png,triangle,train,kaggle_simple
data\raw\kaggle_simple_shapes\Triangle\Triangle_d241af3c-2a99-11ea-8123-8363a7ec19e6.png,triangle,train,kaggle_simple
data\raw\kaggle_simple_shapes\Triangle\Triangle_f43ea456-2a93-11ea-8123-8363a7ec19e6.png,triangle,train,kaggle_simple
data\raw\kaggle_simple_shapes\Triangle\Triangle_07aa40a8-2a8b-11ea-8123-8363a7ec19e6.png,triangle,train,kaggle_simple
data\raw\kaggle_simple_shapes\Triangle\Triangle_d12a5414-2a85-11ea-8123-8363a7ec19e6.png,triangle,test,kaggle_simple
data\raw\kaggle_simple_shapes\Triangle\Triangle_c29a32d4-2a99-11ea-8123-8363a7ec19e6.png,triangle,train,kaggle_simple
data\raw\kaggle_simple_shapes\Triangle\Triangle_cd41ffb0-2a8e-11ea-8123-8363a7ec19e6.png,triangle,train,kaggle_simple
data\raw\kaggle_simple_shapes\Triangle\Triangle_64e24e12-2a8d-11ea-8123-8363a7ec19e6.png,triangle,test,kaggle_simple
data\raw\kaggle_simple_shapes\Triangle\Triangle_6b90a4b6-2a97-11ea-8123-8363a7ec19e6.png,triangle,train,kaggle_simple
data\raw\kaggle_simple_shapes\Triangle\Triangle_80db9c9e-2a8e-11ea-8123-8363a7ec19e6.png,triangle,train,kaggle_simple
data\raw\kaggle_simple_shapes\Triangle\Triangle_8cca7450-2a8c-11ea-8123-8363a7ec19e6.png,triangle,train,kaggle_simple
data\raw\kaggle_simple_shapes\Triangle\Triangle_3a331480-2a8d-11ea-8123-8363a7ec19e6.png,triangle,train,kaggle_simple
data\raw\kaggle_simple_shapes\Triangle\Triangle_08d9d9ea-2a98-11ea-8123-8363a7ec19e6.png,triangle,train,kaggle_simple
data\raw\kaggle_simple_shapes\Triangle\Triangle_0d28207c-2a8b-11ea-8123-8363a7ec19e6.png,triangle,train,kaggle_simple
data\raw\kaggle_simple_shapes\Triangle\Triangle_5ba1ff7c-2a89-11ea-8123-8363a7ec19e6.png,triangle,test,kaggle_simple
data\raw\kaggle_simple_shapes\Triangle\Triangle_3edb5766-2a8f-11ea-8123-8363a7ec19e6.png,triangle,test,kaggle_simple
data\raw\kaggle_simple_shapes\Triangle\Triangle_69e77432-2a88-11ea-8123-8363a7ec19e6.png,triangle,train,kaggle_simple
data\raw\kaggle_simple_shapes\Triangle\Triangle_416a17e4-2a8d-11ea-8123-8363a7ec19e6.png,triangle,train,kaggle_simple
data\raw\kaggle_simple_shapes\Triangle\Triangle_e4b6d328-2a8e-11ea-8123-8363a7ec19e6.png,triangle,train,kaggle_simple
data\raw\kaggle_simple_shapes\Triangle\Triangle_1a02761c-2a95-11ea-8123-8363a7ec19e6.png,triangle,train,kaggle_simple
data\raw\kaggle_simple_shapes\Triangle\Triangle_dc2f2144-2a8c-11ea-8123-8363a7ec19e6.png,triangle,train,kaggle_simple
data\raw\kaggle_simple_shapes\Triangle\Triangle_0ef2713a-2a88-11ea-8123-8363a7ec19e6.png,triangle,train,kaggle_simple
data\raw\kaggle_simple_shapes\Triangle\Triangle_7b13f746-2a95-11ea-8123-8363a7ec19e6.png,triangle,test,kaggle_simple
data\raw\kaggle_simple_shapes\Triangle\Triangle_6346da86-2a84-11ea-8123-8363a7ec19e6.png,triangle,train,kaggle_simple
data\raw\kaggle_simple_shapes\Triangle\Triangle_cadfd2fc-2a92-11ea-8123-8363a7ec19e6.png,triangle,train,kaggle_simple
data\raw\kaggle_simple_shapes\Triangle\Triangle_d6951a1a-2a94-11ea-8123-8363a7ec19e6.png,triangle,train,kaggle_simple
data\raw\kaggle_simple_shapes\Triangle\Triangle_dccbd270-2a85-11ea-8123-8363a7ec19e6.png,triangle,train,kaggle_simple
data\raw\kaggle_simple_shapes\Triangle\Triangle_db45ff62-2a84-11ea-8123-8363a7ec19e6.png,triangle,train,kaggle_simple
data\raw\kaggle_simple_shapes\Triangle\Triangle_a6300e30-2a89-11ea-8123-8363a7ec19e6.png,triangle,train,kaggle_simple
data\raw\kaggle_simple_shapes\Triangle\Triangle_3a9c53fc-2a95-11ea-8123-8363a7ec19e6.png,triangle,train,kaggle_simple
data\raw\kaggle_simple_shapes\Triangle\Triangle_9097bc0a-2a87-11ea-8123-8363a7ec19e6.png,triangle,test,kaggle_simple
data\raw\kaggle_simple_shapes\Triangle\Triangle_48ff9cea-2a88-11ea-8123-8363a7ec19e6.png,triangle,train,kaggle_simple
data\raw\kaggle_simple_shapes\Triangle\Triangle_62e0ad94-2a91-11ea-8123-8363a7ec19e6.png,triangle,train,kaggle_simple
data\raw\kaggle_simple_shapes\Triangle\Triangle_acc9d06a-2a92-11ea-8123-8363a7ec19e6.png,triangle,train,kaggle_simple
data\raw\kaggle_simple_shapes\Triangle\Triangle_6688005c-2a99-11ea-8123-8363a7ec19e6.png,triangle,train,kaggle_simple
data\raw\kaggle_simple_shapes\Triangle\Triangle_b3d90360-2a85-11ea-8123-8363a7ec19e6.png,triangle,train,kaggle_simple
data\raw\kaggle_simple_shapes\Triangle\Triangle_70faf866-2a97-11ea-8123-8363a7ec19e6.png,triangle,train,kaggle_simple
data\raw\kaggle_simple_shapes\Triangle\Triangle_e6b387c2-2a91-11ea-8123-8363a7ec19e6.png,triangle,train,kaggle_simple
data\raw\kaggle_simple_shapes\Triangle\Triangle_8afda1c0-2a8b-11ea-8123-8363a7ec19e6.png,triangle,train,kaggle_simple
data\raw\kaggle_simple_shapes\Triangle\Triangle_3d66a0b8-2a92-11ea-8123-8363a7ec19e6.png,triangle,train,kaggle_simple
data\raw\kaggle_simple_shapes\Triangle\Triangle_12169688-2a8e-11ea-8123-8363a7ec19e6.png,triangle,train,kaggle_simple
data\raw\kaggle_simple_shapes\Triangle\Triangle_0847a4ec-2a8b-11ea-8123-8363a7ec19e6.png,triangle,train,kaggle_simple
data\raw\kaggle_simple_shapes\Triangle\Triangle_f831f5e4-2a99-11ea-8123-8363a7ec19e6.png,triangle,train,kaggle_simple
data\raw\kaggle_simple_shapes\Triangle\Triangle_a97a88e6-2a83-11ea-8123-8363a7ec19e6.png,triangle,train,kaggle_simple
data\raw\kaggle_simple_shapes\Triangle\Triangle_d7448bf8-2a85-11ea-8123-8363a7ec19e6.png,triangle,train,kaggle_simple
data\raw\kaggle_simple_shapes\Triangle\Triangle_673ac476-2a94-11ea-8123-8363a7ec19e6.png,triangle,train,kaggle_simple
data\raw\kaggle_simple_shapes\Triangle\Triangle_e3328714-2a8d-11ea-8123-8363a7ec19e6.png,triangle,train,kaggle_simple
data\raw\kaggle_simple_shapes\Triangle\Triangle_83fe8962-2a99-11ea-8123-8363a7ec19e6.png,triangle,train,kaggle_simple
data\raw\kaggle_simple_shapes\Triangle\Triangle_bd831fc4-2a97-11ea-8123-8363a7ec19e6.png,triangle,test,kaggle_simple
data\raw\kaggle_simple_shapes\Triangle\Triangle_2f63d20a-2a84-11ea-8123-8363a7ec19e6.png,triangle,train,kaggle_simple
data\raw\kaggle_simple_shapes\Triangle\Triangle_e98966f4-2a8e-11ea-8123-8363a7ec19e6.png,triangle,train,kaggle_simple
data\raw\kaggle_simple_shapes\Triangle\Triangle_87dc517e-2a88-11ea-8123-8363a7ec19e6.png,triangle,train,kaggle_simple
data\raw\kaggle_simple_shapes\Triangle\Triangle_eba36e5c-2a8a-11ea-8123-8363a7ec19e6.png,triangle,train,kaggle_simple
data\raw\kaggle_simple_shapes\Triangle\Triangle_2e8cce10-2a8c-11ea-8123-8363a7ec19e6.png,triangle,train,kaggle_simple
data\raw\kaggle_simple_shapes\Triangle\Triangle_72000e62-2a84-11ea-8123-8363a7ec19e6.png,triangle,train,kaggle_simple
data\raw\kaggle_simple_shapes\Triangle\Triangle_161034ae-2a90-11ea-8123-8363a7ec19e6.png,triangle,train,kaggle_simple
data\raw\kaggle_simple_shapes\Triangle\Triangle_9a6881a8-2a94-11ea-8123-8363a7ec19e6.png,triangle,train,kaggle_simple
data\raw\kaggle_simple_shapes\Triangle\Triangle_bf97da32-2a99-11ea-8123-8363a7ec19e6.png,triangle,test,kaggle_simple
data\raw\kaggle_simple_shapes\Triangle\Triangle_64b969e6-2a8f-11ea-8123-8363a7ec19e6.png,triangle,train,kaggle_simple
data\raw\kaggle_simple_shapes\Triangle\Triangle_e8039e86-2a8d-11ea-8123-8363a7ec19e6.png,triangle,train,kaggle_simple
data\raw\kaggle_simple_shapes\Triangle\Triangle_dbc19720-2a8f-11ea-8123-8363a7ec19e6.png,triangle,train,kaggle_simple
data\raw\kaggle_simple_shapes\Triangle\Triangle_8006ebfa-2a86-11ea-8123-8363a7ec19e6.png,triangle,train,kaggle_simple
data\raw\kaggle_simple_shapes\Triangle\Triangle_7acf6caa-2a92-11ea-8123-8363a7ec19e6.png,triangle,train,kaggle_simple
data\raw\kaggle_simple_shapes\Triangle\Triangle_75aac05c-2a84-11ea-8123-8363a7ec19e6.png,triangle,train,kaggle_simple
data\raw\kaggle_simple_shapes\Triangle\Triangle_64351b4c-2a89-11ea-8123-8363a7ec19e6.png,triangle,train,kaggle_simple
data\raw\kaggle_simple_shapes\Triangle\Triangle_c75a1946-2a8b-11ea-8123-8363a7ec19e6.png,triangle,train,kaggle_simple
data\raw\kaggle_simple_shapes\Triangle\Triangle_b1975496-2a92-11ea-8123-8363a7ec19e6.png,triangle,train,kaggle_simple
data\raw\kaggle_simple_shapes\Triangle\Triangle_efbbe0a0-2a85-11ea-8123-8363a7ec19e6.png,triangle,test,kaggle_simple
data\raw\kaggle_simple_shapes\Triangle\Triangle_cc1449aa-2a92-11ea-8123-8363a7ec19e6.png,triangle,train,kaggle_simple
data\raw\kaggle_simple_shapes\Triangle\Triangle_a2d4c986-2a95-11ea-8123-8363a7ec19e6.png,triangle,train,kaggle_simple
data\raw\kaggle_simple_shapes\Triangle\Triangle_5cbafd22-2a8a-11ea-8123-8363a7ec19e6.png,triangle,test,kaggle_simple
data\raw\kaggle_simple_shapes\Triangle\Triangle_cb43f866-2a8a-11ea-8123-8363a7ec19e6.png,triangle,train,kaggle_simple
data\raw\kaggle_simple_shapes\Triangle\Triangle_406c8a74-2a8e-11ea-8123-8363a7ec19e6.png,triangle,test,kaggle_simple
data\raw\kaggle_simple_shapes\Triangle\Triangle_ccf4faa4-2a8d-11ea-8123-8363a7ec19e6.png,triangle,train,kaggle_simple
data\raw\kaggle_simple_shapes\Triangle\Triangle_81d3cd4a-2a8b-11ea-8123-8363a7ec19e6.png,triangle,train,kaggle_simple
data\raw\kaggle_simple_shapes\Triangle\Triangle_d5b1ac0a-2a92-11ea-8123-8363a7ec19e6.png,triangle,test,kaggle_simple
data\raw\kaggle_simple_shapes\Triangle\Triangle_48af6a08-2a98-11ea-8123-8363a7ec19e6.png,triangle,train,kaggle_simple
data\raw\kaggle_simple_shapes\Triangle\Triangle_5c78f7a8-2a8d-11ea-8123-8363a7ec19e6.png,triangle,test,kaggle_simple
data\raw\kaggle_simple_shapes\Triangle\Triangle_0fb19b86-2a8e-11ea-8123-8363a7ec19e6.png,triangle,train,kaggle_simple
data\raw\kaggle_simple_shapes\Triangle\Triangle_885c00f4-2a8d-11ea-8123-8363a7ec19e6.png,triangle,train,kaggle_simple
data\raw\kaggle_simple_shapes\Triangle\Triangle_87010ef0-2a99-11ea-8123-8363a7ec19e6.png,triangle,train,kaggle_simple
data\raw\kaggle_simple_shapes\Triangle\Triangle_fc15a894-2a86-11ea-8123-8363a7ec19e6.png,triangle,train,kaggle_simple
data\raw\kaggle_simple_shapes\Triangle\Triangle_8e1d40a6-2a8e-11ea-8123-8363a7ec19e6.png,triangle,train,kaggle_simple
data\raw\kaggle_simple_shapes\Triangle\Triangle_2bc3caf2-2a8d-11ea-8123-8363a7ec19e6.png,triangle,train,kaggle_simple
data\raw\kaggle_simple_shapes\Triangle\Triangle_92eb6f0e-2a8e-11ea-8123-8363a7ec19e6.png,triangle,train,kaggle_simple
data\raw\kaggle_simple_shapes\Triangle\Triangle_3b667fea-2a8d-11ea-8123-8363a7ec19e6.png,triangle,train,kaggle_simple
data\raw\kaggle_simple_shapes\Triangle\Triangle_b3444a3e-2a8c-11ea-8123-8363a7ec19e6.png,triangle,train,kaggle_simple
data\raw\kaggle_simple_shapes\Triangle\Triangle_d3304b06-2a8a-11ea-8123-8363a7ec19e6.png,triangle,train,kaggle_simple
data\raw\kaggle_simple_shapes\Triangle\Triangle_05b07aba-2a86-11ea-8123-8363a7ec19e6.png,triangle,train,kaggle_simple
data\raw\kaggle_simple_shapes\Triangle\Triangle_080bb260-2a96-11ea-8123-8363a7ec19e6.png,triangle,train,kaggle_simple
data\raw\kaggle_simple_shapes\Triangle\Triangle_27e68620-2a99-11ea-8123-8363a7ec19e6.png,triangle,train,kaggle_simple
data\raw\kaggle_simple_shapes\Triangle\Triangle_11219d1c-2a94-11ea-8123-8363a7ec19e6.png,triangle,train,kaggle_simple
data\raw\kaggle_simple_shapes\Triangle\Triangle_4cea7a18-2a93-11ea-8123-8363a7ec19e6.png,triangle,test,kaggle_simple
data\raw\kaggle_simple_shapes\Triangle\Triangle_e0350aae-2a89-11ea-8123-8363a7ec19e6.png,triangle,train,kaggle_simple
data\raw\kaggle_simple_shapes\Triangle\Triangle_4fbba4b0-2a84-11ea-8123-8363a7ec19e6.png,triangle,train,kaggle_simple
data\raw\kaggle_simple_shapes\Triangle\Triangle_43413196-2a98-11ea-8123-8363a7ec19e6.png,triangle,test,kaggle_simple
data\raw\kaggle_simple_shapes\Triangle\Triangle_7a0c0f74-2a8a-11ea-8123-8363a7ec19e6.png,triangle,train,kaggle_simple
data\raw\kaggle_simple_shapes\Triangle\Triangle_8eaf8522-2a86-11ea-8123-8363a7ec19e6.png,triangle,test,kaggle_simple
data\raw\kaggle_simple_shapes\Triangle\Triangle_339542ba-2a88-11ea-8123-8363a7ec19e6.png,triangle,train,kaggle_simple
data\raw\kaggle_simple_shapes\Triangle\Triangle_87410bc4-2a88-11ea-8123-8363a7ec19e6.png,triangle,test,kaggle_simple
data\raw\kaggle_simple_shapes\Triangle\Triangle_3575acdc-2a83-11ea-8123-8363a7ec19e6.png,triangle,train,kaggle_simple
data\raw\kaggle_simple_shapes\Triangle\Triangle_ce862382-2a8f-11ea-8123-8363a7ec19e6.png,triangle,train,kaggle_simple
data\raw\kaggle_simple_shapes\Triangle\Triangle_8989a32a-2a95-11ea-8123-8363a7ec19e6.png,triangle,train,kaggle_simple
data\raw\kaggle_simple_shapes\Triangle\Triangle_bed5bca6-2a92-11ea-8123-8363a7ec19e6.png,triangle,train,kaggle_simple
data\raw\kaggle_simple_shapes\Triangle\Triangle_e429339a-2a8b-11ea-8123-8363a7ec19e6.png,triangle,train,kaggle_simple
data\raw\kaggle_simple_shapes\Triangle\Triangle_e2f81f46-2a8f-11ea-8123-8363a7ec19e6.png,triangle,test,kaggle_simple
data\raw\kaggle_simple_shapes\Triangle\Triangle_fc141b66-2a93-11ea-8123-8363a7ec19e6.png,triangle,train,kaggle_simple
data\raw\kaggle_simple_shapes\Triangle\Triangle_3a01a82a-2a95-11ea-8123-8363a7ec19e6.png,triangle,train,kaggle_simple
data\raw\kaggle_simple_shapes\Triangle\Triangle_187761f4-2a90-11ea-8123-8363a7ec19e6.png,triangle,train,kaggle_simple
data\raw\kaggle_simple_shapes\Triangle\Triangle_fc92a4ea-2a98-11ea-8123-8363a7ec19e6.png,triangle,test,kaggle_simple
data\raw\kaggle_simple_shapes\Triangle\Triangle_d9e45d76-2a8e-11ea-8123-8363a7ec19e6.png,triangle,test,kaggle_simple
data\raw\kaggle_simple_shapes\Triangle\Triangle_7c472436-2a85-11ea-8123-8363a7ec19e6.png,triangle,train,kaggle_simple
data\raw\kaggle_simple_shapes\Triangle\Triangle_3d6d0b94-2a86-11ea-8123-8363a7ec19e6.png,triangle,train,kaggle_simple
data\raw\kaggle_simple_shapes\Triangle\Triangle_eefba97a-2a8f-11ea-8123-8363a7ec19e6.png,triangle,train,kaggle_simple
data\raw\kaggle_simple_shapes\Triangle\Triangle_46462748-2a98-11ea-8123-8363a7ec19e6.png,triangle,train,kaggle_simple
data\raw\kaggle_simple_shapes\Triangle\Triangle_c6f03d80-2a8d-11ea-8123-8363a7ec19e6.png,triangle,test,kaggle_simple
data\raw\kaggle_simple_shapes\Triangle\Triangle_1877d902-2a8d-11ea-8123-8363a7ec19e6.png,triangle,train,kaggle_simple
data\raw\kaggle_simple_shapes\Triangle\Triangle_bacc2b8e-2a8a-11ea-8123-8363a7ec19e6.png,triangle,test,kaggle_simple
data\raw\kaggle_simple_shapes\Triangle\Triangle_4c1e5c60-2a8b-11ea-8123-8363a7ec19e6.png,triangle,train,kaggle_simple
data\raw\kaggle_simple_shapes\Triangle\Triangle_69d3ec5e-2a98-11ea-8123-8363a7ec19e6.png,triangle,train,kaggle_simple
data\raw\kaggle_simple_shapes\Triangle\Triangle_92cd0214-2a8c-11ea-8123-8363a7ec19e6.png,triangle,test,kaggle_simple
data\raw\kaggle_simple_shapes\Triangle\Triangle_1b5a4f16-2a96-11ea-8123-8363a7ec19e6.png,triangle,train,kaggle_simple
data\raw\kaggle_simple_shapes\Triangle\Triangle_2e7bd4aa-2a89-11ea-8123-8363a7ec19e6.png,triangle,train,kaggle_simple
data\raw\kaggle_simple_shapes\Triangle\Triangle_a53c98c8-2a8d-11ea-8123-8363a7ec19e6.png,triangle,train,kaggle_simple
data\raw\kaggle_simple_shapes\Triangle\Triangle_8dfda0f6-2a85-11ea-8123-8363a7ec19e6.png,triangle,train,kaggle_simple
data\raw\kaggle_simple_shapes\Triangle\Triangle_639ec600-2a94-11ea-8123-8363a7ec19e6.png,triangle,train,kaggle_simple
data\raw\kaggle_simple_shapes\Triangle\Triangle_23c93962-2a84-11ea-8123-8363a7ec19e6.png,triangle,train,kaggle_simple
data\raw\kaggle_simple_shapes\Triangle\Triangle_7e6c60d4-2a92-11ea-8123-8363a7ec19e6.png,triangle,train,kaggle_simple
data\raw\kaggle_simple_shapes\Triangle\Triangle_5f127b84-2a87-11ea-8123-8363a7ec19e6.png,triangle,train,kaggle_simple
data\raw\kaggle_simple_shapes\Triangle\Triangle_75e4f9d4-2a89-11ea-8123-8363a7ec19e6.png,triangle,test,kaggle_simple
data\raw\kaggle_simple_shapes\Triangle\Triangle_2c5e822c-2a8d-11ea-8123-8363a7ec19e6.png,triangle,train,kaggle_simple
data\raw\kaggle_simple_shapes\Triangle\Triangle_91a3fdc4-2a88-11ea-8123-8363a7ec19e6.png,triangle,train,kaggle_simple
data\raw\kaggle_simple_shapes\Triangle\Triangle_71c2e288-2a9a-11ea-8123-8363a7ec19e6.png,triangle,train,kaggle_simple
data\raw\kaggle_simple_shapes\Triangle\Triangle_7b3d4018-2a97-11ea-8123-8363a7ec19e6.png,triangle,train,kaggle_simple
data\raw\kaggle_simple_shapes\Triangle\Triangle_e1c4a036-2a8f-11ea-8123-8363a7ec19e6.png,triangle,train,kaggle_simple
data\raw\kaggle_simple_shapes\Triangle\Triangle_e7fc9666-2a8a-11ea-8123-8363a7ec19e6.png,triangle,train,kaggle_simple
data\raw\kaggle_simple_shapes\Triangle\Triangle_c9f00878-2a86-11ea-8123-8363a7ec19e6.png,triangle,train,kaggle_simple
data\raw\kaggle_simple_shapes\Triangle\Triangle_ae20a762-2a89-11ea-8123-8363a7ec19e6.png,triangle,train,kaggle_simple
data\raw\kaggle_simple_shapes\Triangle\Triangle_3254edf6-2a83-11ea-8123-8363a7ec19e6.png,triangle,train,kaggle_simple
data\raw\kaggle_simple_shapes\Triangle\Triangle_cf3c43f4-2a91-11ea-8123-8363a7ec19e6.png,triangle,train,kaggle_simple
data\raw\kaggle_simple_shapes\Triangle\Triangle_410e5a08-2a88-11ea-8123-8363a7ec19e6.png,triangle,test,kaggle_simple
data\raw\kaggle_simple_shapes\Triangle\Triangle_adf24136-2a9a-11ea-8123-8363a7ec19e6.png,triangle,train,kaggle_simple
data\raw\kaggle_simple_shapes\Triangle\Triangle_8dc7684c-2a94-11ea-8123-8363a7ec19e6.png,triangle,train,kaggle_simple
data\raw\kaggle_simple_shapes\Triangle\Triangle_ba76da0e-2a93-11ea-8123-8363a7ec19e6.png,triangle,train,kaggle_simple
data\raw\kaggle_simple_shapes\Triangle\Triangle_92f1ca84-2a84-11ea-8123-8363a7ec19e6.png,triangle,test,kaggle_simple
data\raw\kaggle_simple_shapes\Triangle\Triangle_3aef02ee-2a88-11ea-8123-8363a7ec19e6.png,triangle,train,kaggle_simple
data\raw\kaggle_simple_shapes\Triangle\Triangle_114c0c60-2a93-11ea-8123-8363a7ec19e6.png,triangle,train,kaggle_simple
data\raw\kaggle_simple_shapes\Triangle\Triangle_e4d83adc-2a83-11ea-8123-8363a7ec19e6.png,triangle,test,kaggle_simple
data\raw\kaggle_simple_shapes\Triangle\Triangle_8394d63c-2a96-11ea-8123-8363a7ec19e6.png,triangle,train,kaggle_simple
data\raw\kaggle_simple_shapes\Triangle\Triangle_55e13892-2a97-11ea-8123-8363a7ec19e6.png,triangle,train,kaggle_simple
data\raw\kaggle_simple_shapes\Triangle\Triangle_73276eec-2a8f-11ea-8123-8363a7ec19e6.png,triangle,train,kaggle_simple
data\raw\kaggle_simple_shapes\Triangle\Triangle_6cad6c86-2a96-11ea-8123-8363a7ec19e6.png,triangle,train,kaggle_simple
data\raw\kaggle_simple_shapes\Triangle\Triangle_3f65b78a-2a99-11ea-8123-8363a7ec19e6.png,triangle,train,kaggle_simple
data\raw\kaggle_simple_shapes\Triangle\Triangle_928f9830-2a95-11ea-8123-8363a7ec19e6.png,triangle,train,kaggle_simple
data\raw\kaggle_simple_shapes\Triangle\Triangle_580b05b8-2a91-11ea-8123-8363a7ec19e6.png,triangle,train,kaggle_simple
data\raw\kaggle_simple_shapes\Triangle\Triangle_bb594086-2a8b-11ea-8123-8363a7ec19e6.png,triangle,train,kaggle_simple
data\raw\kaggle_simple_shapes\Triangle\Triangle_826079bc-2a85-11ea-8123-8363a7ec19e6.png,triangle,train,kaggle_simple
data\raw\kaggle_simple_shapes\Triangle\Triangle_eebf1704-2a98-11ea-8123-8363a7ec19e6.png,triangle,train,kaggle_simple
data\raw\kaggle_simple_shapes\Triangle\Triangle_c50a8cc0-2a86-11ea-8123-8363a7ec19e6.png,triangle,train,kaggle_simple
data\raw\kaggle_simple_shapes\Triangle\Triangle_35805800-2a86-11ea-8123-8363a7ec19e6.png,triangle,train,kaggle_simple
data\raw\kaggle_simple_shapes\Triangle\Triangle_b95ae508-2a83-11ea-8123-8363a7ec19e6.png,triangle,train,kaggle_simple
data\raw\kaggle_simple_shapes\Triangle\Triangle_4eb383cc-2a83-11ea-8123-8363a7ec19e6.png,triangle,test,kaggle_simple
data\raw\kaggle_simple_shapes\Triangle\Triangle_814623a4-2a87-11ea-8123-8363a7ec19e6.png,triangle,test,kaggle_simple
data\raw\kaggle_simple_shapes\Triangle\Triangle_6294df66-2a93-11ea-8123-8363a7ec19e6.png,triangle,train,kaggle_simple
data\raw\kaggle_simple_shapes\Triangle\Triangle_f9c6856e-2a8f-11ea-8123-8363a7ec19e6.png,triangle,test,kaggle_simple
data\raw\kaggle_simple_shapes\Triangle\Triangle_9899fec6-2a8d-11ea-8123-8363a7ec19e6.png,triangle,train,kaggle_simple
data\raw\kaggle_simple_shapes\Triangle\Triangle_fe7c3c44-2a93-11ea-8123-8363a7ec19e6.png,triangle,train,kaggle_simple
data\raw\kaggle_simple_shapes\Triangle\Triangle_68d70282-2a84-11ea-8123-8363a7ec19e6.png,triangle,test,kaggle_simple
data\raw\kaggle_simple_shapes\Triangle\Triangle_2c656c80-2a93-11ea-8123-8363a7ec19e6.png,triangle,train,kaggle_simple
data\raw\kaggle_simple_shapes\Triangle\Triangle_ba2a9312-2a91-11ea-8123-8363a7ec19e6.png,triangle,test,kaggle_simple
data\raw\kaggle_simple_shapes\Triangle\Triangle_cc7662a6-2a98-11ea-8123-8363a7ec19e6.png,triangle,train,kaggle_simple
data\raw\kaggle_simple_shapes\Triangle\Triangle_c4d4641c-2a8e-11ea-8123-8363a7ec19e6.png,triangle,train,kaggle_simple
data\raw\kaggle_simple_shapes\Triangle\Triangle_c2ba5700-2a8d-11ea-8123-8363a7ec19e6.png,triangle,train,kaggle_simple
data\raw\kaggle_simple_shapes\Triangle\Triangle_83862c14-2a95-11ea-8123-8363a7ec19e6.png,triangle,train,kaggle_simple
data\raw\kaggle_simple_shapes\Triangle\Triangle_85ae2be6-2a8a-11ea-8123-8363a7ec19e6.png,triangle,test,kaggle_simple
data\raw\kaggle_simple_shapes\Triangle\Triangle_7d8d0bba-2a96-11ea-8123-8363a7ec19e6.png,triangle,train,kaggle_simple
data\raw\kaggle_simple_shapes\Triangle\Triangle_aa1b2350-2a88-11ea-8123-8363a7ec19e6.png,triangle,train,kaggle_simple
data\raw\kaggle_simple_shapes\Triangle\Triangle_a553b60e-2a86-11ea-8123-8363a7ec19e6.png,triangle,train,kaggle_simple
data\raw\kaggle_simple_shapes\Triangle\Triangle_a6ba0c5a-2a9a-11ea-8123-8363a7ec19e6.png,triangle,train,kaggle_simple
data\raw\kaggle_simple_shapes\Triangle\Triangle_972af5fc-2a85-11ea-8123-8363a7ec19e6.png,triangle,train,kaggle_simple
data\raw\kaggle_simple_shapes\Triangle\Triangle_cec16ea8-2a8d-11ea-8123-8363a7ec19e6.png,triangle,train,kaggle_simple
data\raw\kaggle_simple_shapes\Triangle\Triangle_2df356ea-2a8c-11ea-8123-8363a7ec19e6.png,triangle,train,kaggle_simple
data\raw\kaggle_simple_shapes\Triangle\Triangle_4ccdeee6-2a90-11ea-8123-8363a7ec19e6.png,triangle,train,kaggle_simple
data\raw\kaggle_simple_shapes\Triangle\Triangle_f6c176f2-2a8b-11ea-8123-8363a7ec19e6.png,triangle,train,kaggle_simple
data\raw\kaggle_simple_shapes\Triangle\Triangle_dff5b290-2a8f-11ea-8123-8363a7ec19e6.png,triangle,train,kaggle_simple
data\raw\kaggle_simple_shapes\Triangle\Triangle_4d3c2e0c-2a99-11ea-8123-8363a7ec19e6.png,triangle,train,kaggle_simple
data\raw\kaggle_simple_shapes\Triangle\Triangle_56fc3004-2a94-11ea-8123-8363a7ec19e6.png,triangle,train,kaggle_simple
